"Name_val","Cost_BudgetYearOneBase_Quantity_val","Cost_BudgetYearOneBase_TotalCost_val","Cost_BudgetYearOne_Quantity_val","Cost_BudgetYearOne_TotalCost_val","Cost_BudgetYearTwo_Quantity_val","Cost_BudgetYearTwo_TotalCost_val","Cost_BudgetYearThree_Quantity_val","Cost_BudgetYearThree_TotalCost_val","Cost_BudgetYearFour_Quantity_val","Cost_BudgetYearFour_TotalCost_val","Cost_BudgetYearFive_Quantity_val","Cost_BudgetYearFive_TotalCost_val","Cost_AllPriorYears_Quantity_val","Cost_AllPriorYears_TotalCost_val","Cost_PriorYear_Quantity_val","Cost_PriorYear_TotalCost_val","Cost_CurrentYear_Quantity_val","Cost_CurrentYear_TotalCost_val","Cost_BudgetYearOneOCO_Quantity_val","Cost_BudgetYearOneOCO_TotalCost_val","@ROWID","@RECORDID","@PARENT","@PARENTROWID"
"Air Force Active","0","0.000","0","0.000","0","0.000","0","0.000","0","0.000","0","0.000","","","","","","","","","47095650b1c28567be35fb43aaf8b0d60d3068ea-0-fb5168cd58fbe9f5cacbb0e49d14ce4a30931e71","47095650b1c28567be35fb43aaf8b0d60d3068ea","root.record.ItemExhibitList.P3AModificationItemGroup.ModificationItemList.ModificationItem.Installation.ImplementationMethodList.ImplementationMethod","47095650b1c28567be35fb43aaf8b0d60d3068ea-0-79c58117b4b85b569908c22efd1ccc41b3057d50"
"Air Force Active","0","0.000","0","0.000","0","0.000","0","0.000","","","","","0","0.000","0","0.000","0","0.000","","","4bbc89d7eaf8aacc114b630658dc50ad13ce884c-0-5589bd9814f677c76d58c0c4cd7c246576335664","4bbc89d7eaf8aacc114b630658dc50ad13ce884c","root.record.ItemExhibitList.P3AModificationItemGroup.ModificationItemList.ModificationItem.Installation.ImplementationMethodList.ImplementationMethod","4bbc89d7eaf8aacc114b630658dc50ad13ce884c-0-18d529c6bdab690a387d807a8fd7e4b7b0b1ab46"
"Air Force Reserve","","","","","","","","","0","0.000","","","0","0.000","","","","","","","4bbc89d7eaf8aacc114b630658dc50ad13ce884c-1-c08ba23d2e5c0b26974d933b6b4e3d3bae020603","4bbc89d7eaf8aacc114b630658dc50ad13ce884c","root.record.ItemExhibitList.P3AModificationItemGroup.ModificationItemList.ModificationItem.Installation.ImplementationMethodList.ImplementationMethod","4bbc89d7eaf8aacc114b630658dc50ad13ce884c-0-18d529c6bdab690a387d807a8fd7e4b7b0b1ab46"
"Air Force Active","0","0.000","0","0.000","0","0.000","","","","","","","","","","","","","","","4bbc89d7eaf8aacc114b630658dc50ad13ce884c-0-344b6b7e8d9da5e84e2c06432cd3af3925ce0c53","4bbc89d7eaf8aacc114b630658dc50ad13ce884c","root.record.ItemExhibitList.P3AModificationItemGroup.ModificationItemList.ModificationItem.Installation.ImplementationMethodList.ImplementationMethod","4bbc89d7eaf8aacc114b630658dc50ad13ce884c-0-057a9cde88980bb809c6c169fbeee3fc93b3ba60"
"Air National Guard","0","0.000","0","0.000","0","0.000","","","","","","","","","","","","","","","4bbc89d7eaf8aacc114b630658dc50ad13ce884c-1-100a7c15136053b6ac182a77f39a435936db28ae","4bbc89d7eaf8aacc114b630658dc50ad13ce884c","root.record.ItemExhibitList.P3AModificationItemGroup.ModificationItemList.ModificationItem.Installation.ImplementationMethodList.ImplementationMethod","4bbc89d7eaf8aacc114b630658dc50ad13ce884c-0-057a9cde88980bb809c6c169fbeee3fc93b3ba60"
"Air Force Reserve","0","0.000","0","0.000","0","0.000","","","","","","","","","","","","","","","4bbc89d7eaf8aacc114b630658dc50ad13ce884c-2-2b7e30267c3bcd0755de0b4de30cff5621f9e3ad","4bbc89d7eaf8aacc114b630658dc50ad13ce884c","root.record.ItemExhibitList.P3AModificationItemGroup.ModificationItemList.ModificationItem.Installation.ImplementationMethodList.ImplementationMethod","4bbc89d7eaf8aacc114b630658dc50ad13ce884c-0-057a9cde88980bb809c6c169fbeee3fc93b3ba60"
"Air Force Active","0","0.000","0","0.000","","","","","","","","","","","","","","","","","4bbc89d7eaf8aacc114b630658dc50ad13ce884c-0-9ef7556849405e20cc50164648e7c2c7a982d8f0","4bbc89d7eaf8aacc114b630658dc50ad13ce884c","root.record.ItemExhibitList.P3AModificationItemGroup.ModificationItemList.ModificationItem.Installation.ImplementationMethodList.ImplementationMethod","4bbc89d7eaf8aacc114b630658dc50ad13ce884c-0-cb669ffbc6c0038abecc3cc4c38980370ccd6d5b"
"Air Force Active","","","","","","","0","0.000","0","0.000","","","","","","","","","","","4bbc89d7eaf8aacc114b630658dc50ad13ce884c-0-567b8e7b9be04e7adab211e45e66c11d918434cf","4bbc89d7eaf8aacc114b630658dc50ad13ce884c","root.record.ItemExhibitList.P3AModificationItemGroup.ModificationItemList.ModificationItem.Installation.ImplementationMethodList.ImplementationMethod","4bbc89d7eaf8aacc114b630658dc50ad13ce884c-0-e2f97c3ab707d88e64b7b619502d6cc49892b454"
"Air National Guard","","","","","","","0","0.000","0","0.000","0","0.000","","","","","","","","","4bbc89d7eaf8aacc114b630658dc50ad13ce884c-1-94b77c6baadc80756466ab422e34d946669034da","4bbc89d7eaf8aacc114b630658dc50ad13ce884c","root.record.ItemExhibitList.P3AModificationItemGroup.ModificationItemList.ModificationItem.Installation.ImplementationMethodList.ImplementationMethod","4bbc89d7eaf8aacc114b630658dc50ad13ce884c-0-e2f97c3ab707d88e64b7b619502d6cc49892b454"
"Air Force Reserve","","","","","","","","","0","0.000","0","0.000","","","","","","","","","4bbc89d7eaf8aacc114b630658dc50ad13ce884c-2-f612bd37c30d5595e333baa271fcce7c4d825907","4bbc89d7eaf8aacc114b630658dc50ad13ce884c","root.record.ItemExhibitList.P3AModificationItemGroup.ModificationItemList.ModificationItem.Installation.ImplementationMethodList.ImplementationMethod","4bbc89d7eaf8aacc114b630658dc50ad13ce884c-0-e2f97c3ab707d88e64b7b619502d6cc49892b454"
"Air Force Active","0","0.000","0","0.000","0","0.000","0","0.000","0","0.000","0","0.000","","","","","0","0.000","0","0.000","5018dd4c7845656349319a2a7b4a2f59e8a2f92f-0-d3379b0a675c56033b30614d1fed90933190a316","5018dd4c7845656349319a2a7b4a2f59e8a2f92f","root.record.ItemExhibitList.P3AModificationItemGroup.ModificationItemList.ModificationItem.Installation.ImplementationMethodList.ImplementationMethod","5018dd4c7845656349319a2a7b4a2f59e8a2f92f-0-3a38f95a7a62352e92419f80c6cad0c4c76e9c8f"
"Air Force Active","0","0.000","0","0.000","0","0.000","0","0.000","0","0.000","0","0.000","","","","","","","","","5018dd4c7845656349319a2a7b4a2f59e8a2f92f-0-0c187f63c4b847dde159d21b8d3ce12a29b0c5c7","5018dd4c7845656349319a2a7b4a2f59e8a2f92f","root.record.ItemExhibitList.P3AModificationItemGroup.ModificationItemList.ModificationItem.Installation.ImplementationMethodList.ImplementationMethod","5018dd4c7845656349319a2a7b4a2f59e8a2f92f-0-df624c079710a0e6497ec0b39d0ea036b4112f2a"
"Air Force Active","0","0.000","0","0.000","0","0.000","","","","","","","","","","","0","0.000","0","0.000","5018dd4c7845656349319a2a7b4a2f59e8a2f92f-0-3c4d647219c67e3743b6bcf1ebb86e2ec504f367","5018dd4c7845656349319a2a7b4a2f59e8a2f92f","root.record.ItemExhibitList.P3AModificationItemGroup.ModificationItemList.ModificationItem.Installation.ImplementationMethodList.ImplementationMethod","5018dd4c7845656349319a2a7b4a2f59e8a2f92f-0-2418bca6ad9094d8174cf6710d16b0bf6bd1ff30"
"Air Force Active","0","0.000","0","0.000","0","0.000","0","0.000","0","0.000","0","0.000","","","","","0","0.000","","","623b26c75395e99c34d94c512302e43728d68e67-0-6df981012b9f70025735e9c6a094de6b6c8c1deb","623b26c75395e99c34d94c512302e43728d68e67","root.record.ItemExhibitList.P3AModificationItemGroup.ModificationItemList.ModificationItem.Installation.ImplementationMethodList.ImplementationMethod","623b26c75395e99c34d94c512302e43728d68e67-0-e360c54f9c9c1f4d3cd19748baa34d253312acf5"
"Air Force Active","0","0.000","0","0.000","0","0.000","0","0.000","0","0.000","0","0.000","","","","","0","0.000","","","ca16302675076d2663282e9f2cfbe844250f4edc-0-e1ddcb8614a3e67cca2ec0389dc0089adf04c2e9","ca16302675076d2663282e9f2cfbe844250f4edc","root.record.ItemExhibitList.P3AModificationItemGroup.ModificationItemList.ModificationItem.Installation.ImplementationMethodList.ImplementationMethod","ca16302675076d2663282e9f2cfbe844250f4edc-0-4d466508f1636d436d398271b1b0cde9542618d7"
"Air Force Active","0","0.000","0","0.000","0","0.000","0","0.000","0","0.000","0","0.000","","","","","0","0.000","","","ca16302675076d2663282e9f2cfbe844250f4edc-0-253966b07be2e38b72711a06a9b636f09909f874","ca16302675076d2663282e9f2cfbe844250f4edc","root.record.ItemExhibitList.P3AModificationItemGroup.ModificationItemList.ModificationItem.Installation.ImplementationMethodList.ImplementationMethod","ca16302675076d2663282e9f2cfbe844250f4edc-0-6cfd75dfc586f82fa2afb28f87650a69cff377f1"
"Air Force Active","0","0.000","0","0.000","0","0.000","0","0.000","0","0.000","0","0.000","","","","","0","0.000","","","ca16302675076d2663282e9f2cfbe844250f4edc-0-46897ee0dc8e6ad95735b754d5d93e2db14516e7","ca16302675076d2663282e9f2cfbe844250f4edc","root.record.ItemExhibitList.P3AModificationItemGroup.ModificationItemList.ModificationItem.Installation.ImplementationMethodList.ImplementationMethod","ca16302675076d2663282e9f2cfbe844250f4edc-0-ae73caa75ef494a1461c6995f34a93050e4074e1"
"Air Force Active","0","0.000","0","0.000","0","0.000","","","","","","","","","","","0","0.000","","","008176b99bc3e2318c128fb469e6c0ccb2a1cb76-0-0583e944c26bb76195c04d1b72207d437080e2ad","008176b99bc3e2318c128fb469e6c0ccb2a1cb76","root.record.ItemExhibitList.P3AModificationItemGroup.ModificationItemList.ModificationItem.Installation.ImplementationMethodList.ImplementationMethod","008176b99bc3e2318c128fb469e6c0ccb2a1cb76-0-3954f49b3a7b3f6030aafbfe987e4afc2714a579"
"Air Force Active","0","0.000","0","0.000","0","0.000","0","0.000","0","0.000","0","0.000","","","","","0","0.000","","","0424d8adc0de12753a0a7dc939dc55b0785cce8b-0-f2d4123d29e026881befbf26d62873a100e0313f","0424d8adc0de12753a0a7dc939dc55b0785cce8b","root.record.ItemExhibitList.P3AModificationItemGroup.ModificationItemList.ModificationItem.Installation.ImplementationMethodList.ImplementationMethod","0424d8adc0de12753a0a7dc939dc55b0785cce8b-0-2ea359caf32ffad4fbf677b1bce57fb0cfdfd717"
"Air Force Active","0","0.000","0","0.000","","","","","","","","","","","","","","","","","0abb3645fe4a9cb8f4a10913f80c8da3b29bf011-0-8d058564b8a64059c11c3733039f30a5c092d3ee","0abb3645fe4a9cb8f4a10913f80c8da3b29bf011","root.record.ItemExhibitList.P3AModificationItemGroup.ModificationItemList.ModificationItem.Installation.ImplementationMethodList.ImplementationMethod","0abb3645fe4a9cb8f4a10913f80c8da3b29bf011-0-dba43546514a879b0941005b4db42900d030e9fb"
"Air National Guard","","","","","0","0.000","0","0.000","","","","","","","","","","","","","0abb3645fe4a9cb8f4a10913f80c8da3b29bf011-1-28065df49069bc047c04f5070b6bfe44184d84ce","0abb3645fe4a9cb8f4a10913f80c8da3b29bf011","root.record.ItemExhibitList.P3AModificationItemGroup.ModificationItemList.ModificationItem.Installation.ImplementationMethodList.ImplementationMethod","0abb3645fe4a9cb8f4a10913f80c8da3b29bf011-0-dba43546514a879b0941005b4db42900d030e9fb"
"Air Force Reserve","","","","","0","0.000","0","0.000","","","","","","","","","","","","","0abb3645fe4a9cb8f4a10913f80c8da3b29bf011-2-9443a43d815cc01b22c9ad74091ddccc0bf54c71","0abb3645fe4a9cb8f4a10913f80c8da3b29bf011","root.record.ItemExhibitList.P3AModificationItemGroup.ModificationItemList.ModificationItem.Installation.ImplementationMethodList.ImplementationMethod","0abb3645fe4a9cb8f4a10913f80c8da3b29bf011-0-dba43546514a879b0941005b4db42900d030e9fb"
"Air Force Active","0","0.000","0","0.000","0","0.000","0","0.000","0","0.000","0","0.000","","","","","","","","","0f62486a86689d13a2561e5c4624b5c569c1eda9-0-8edcd53500871a6ed39534a9ce772dd8e5cee789","0f62486a86689d13a2561e5c4624b5c569c1eda9","root.record.ItemExhibitList.P3AModificationItemGroup.ModificationItemList.ModificationItem.Installation.ImplementationMethodList.ImplementationMethod","0f62486a86689d13a2561e5c4624b5c569c1eda9-0-8e29950488f30c249c39d13e9ad5a5148e0d25b4"
"Air Force Active","0","0.000","0","0.000","0","0.000","0","0.000","","","","","0","0.000","0","0.000","0","0.000","","","159534d0b57648a4377405fd524fece23ff28718-0-68032337fc2c191ec820580b5c51fe75bdef2ddd","159534d0b57648a4377405fd524fece23ff28718","root.record.ItemExhibitList.P3AModificationItemGroup.ModificationItemList.ModificationItem.Installation.ImplementationMethodList.ImplementationMethod","159534d0b57648a4377405fd524fece23ff28718-0-12b97abbcc135ac27f1d11105c6eea73a923b0b2"
"Air Force Active","0","0.000","0","0.000","0","0.000","","","","","","","","","","","0","0.000","","","2146b39417826335bc8c06e6e86906e33c6d1dfd-0-12afbd2e62ec666fa702ff4cda219d8096917de4","2146b39417826335bc8c06e6e86906e33c6d1dfd","root.record.ItemExhibitList.P3AModificationItemGroup.ModificationItemList.ModificationItem.Installation.ImplementationMethodList.ImplementationMethod","2146b39417826335bc8c06e6e86906e33c6d1dfd-0-34fa183152b9d98e4341378196b584c5635ca38f"
"Air Force Active","0","0.000","0","0.000","0","0.000","0","0.000","","","","","","","","","","","","","217afa56d2960983c1aa9fa9b7f9a927b2c01d1f-0-863dcdbded9e17f56687ae1e578b35d16a9fb890","217afa56d2960983c1aa9fa9b7f9a927b2c01d1f","root.record.ItemExhibitList.P3AModificationItemGroup.ModificationItemList.ModificationItem.Installation.ImplementationMethodList.ImplementationMethod","217afa56d2960983c1aa9fa9b7f9a927b2c01d1f-0-b736666b5a4e7468098b5f43a0efa75ba9456ba9"
"Air Force Active","0","0.000","0","0.000","0","0.000","0","0.000","","","","","0","0.000","0","0.000","0","0.000","","","2ddb26aef7cdb76cf8890008685d942b11569883-0-32698e458afb4384725bbde42a7cf8f273dc777b","2ddb26aef7cdb76cf8890008685d942b11569883","root.record.ItemExhibitList.P3AModificationItemGroup.ModificationItemList.ModificationItem.Installation.ImplementationMethodList.ImplementationMethod","2ddb26aef7cdb76cf8890008685d942b11569883-0-a58090d8df482f202c96b6cd3be42b30f602a0a2"
"Air National Guard","","","","","","","0","0.000","0","0.000","","","","","","","","","","","2ddb26aef7cdb76cf8890008685d942b11569883-1-2a0e22b706ff36d0ccebc907c382c64af1ddda56","2ddb26aef7cdb76cf8890008685d942b11569883","root.record.ItemExhibitList.P3AModificationItemGroup.ModificationItemList.ModificationItem.Installation.ImplementationMethodList.ImplementationMethod","2ddb26aef7cdb76cf8890008685d942b11569883-0-a58090d8df482f202c96b6cd3be42b30f602a0a2"
"Air Force Active","0","0.000","0","0.000","0","0.000","0","0.000","0","0.000","0","0.000","0","0.000","0","0.000","0","0.000","","","2ddb26aef7cdb76cf8890008685d942b11569883-0-af24f1e004e55b023cec362355e1673d730cb769","2ddb26aef7cdb76cf8890008685d942b11569883","root.record.ItemExhibitList.P3AModificationItemGroup.ModificationItemList.ModificationItem.Installation.ImplementationMethodList.ImplementationMethod","2ddb26aef7cdb76cf8890008685d942b11569883-0-2b779269a9d4fee94ecb69ba3622c8ead7730db6"
"Air National Guard","0","0.000","0","0.000","0","0.000","0","0.000","0","0.000","0","0.000","0","0.000","0","0.000","0","0.000","","","2ddb26aef7cdb76cf8890008685d942b11569883-1-31cc235f7602aecce182d964a2b67239a5df3e03","2ddb26aef7cdb76cf8890008685d942b11569883","root.record.ItemExhibitList.P3AModificationItemGroup.ModificationItemList.ModificationItem.Installation.ImplementationMethodList.ImplementationMethod","2ddb26aef7cdb76cf8890008685d942b11569883-0-2b779269a9d4fee94ecb69ba3622c8ead7730db6"
"Air Force Active","0","0.000","0","0.000","0","0.000","0","0.000","0","0.000","0","0.000","0","0.000","0","0.000","0","0.000","","","2ddb26aef7cdb76cf8890008685d942b11569883-0-ed5dc6150d632380cc94c35c6760c1f30e838cca","2ddb26aef7cdb76cf8890008685d942b11569883","root.record.ItemExhibitList.P3AModificationItemGroup.ModificationItemList.ModificationItem.Installation.ImplementationMethodList.ImplementationMethod","2ddb26aef7cdb76cf8890008685d942b11569883-0-56b7fe584aba9574d0240d58da0626fb5591b9c2"
"Air National Guard","0","0.000","0","0.000","0","0.000","0","0.000","0","0.000","0","0.000","","","0","0.000","0","0.000","","","2ddb26aef7cdb76cf8890008685d942b11569883-1-580274be085a364c518840622ae3e677b6e73569","2ddb26aef7cdb76cf8890008685d942b11569883","root.record.ItemExhibitList.P3AModificationItemGroup.ModificationItemList.ModificationItem.Installation.ImplementationMethodList.ImplementationMethod","2ddb26aef7cdb76cf8890008685d942b11569883-0-56b7fe584aba9574d0240d58da0626fb5591b9c2"
"Air Force Active","0","0.000","0","0.000","0","0.000","0","0.000","0","0.000","0","0.000","0","0.000","0","0.000","0","0.000","","","2ddb26aef7cdb76cf8890008685d942b11569883-0-263d9eadb555c14f946da14659b4d94f7c6e6fa8","2ddb26aef7cdb76cf8890008685d942b11569883","root.record.ItemExhibitList.P3AModificationItemGroup.ModificationItemList.ModificationItem.Installation.ImplementationMethodList.ImplementationMethod","2ddb26aef7cdb76cf8890008685d942b11569883-0-567f4aeecdd559f8935de38d3a3c66d9981205b4"
"Air National Guard","0","0.000","0","0.000","0","0.000","0","0.000","","","","","","","0","0.000","0","0.000","","","2ddb26aef7cdb76cf8890008685d942b11569883-1-416d7f9d6f2b05a4b85623cf2632d6810c31166e","2ddb26aef7cdb76cf8890008685d942b11569883","root.record.ItemExhibitList.P3AModificationItemGroup.ModificationItemList.ModificationItem.Installation.ImplementationMethodList.ImplementationMethod","2ddb26aef7cdb76cf8890008685d942b11569883-0-567f4aeecdd559f8935de38d3a3c66d9981205b4"
"Air Force Active","0","0.000","0","0.000","0","0.000","0","0.000","0","0.000","0","0.000","0","0.000","","","","","","","2ddb26aef7cdb76cf8890008685d942b11569883-0-6c4441aad0ef491d195b4f16c9849e747f16a755","2ddb26aef7cdb76cf8890008685d942b11569883","root.record.ItemExhibitList.P3AModificationItemGroup.ModificationItemList.ModificationItem.Installation.ImplementationMethodList.ImplementationMethod","2ddb26aef7cdb76cf8890008685d942b11569883-0-8834ac8213a8b2019cd0588a13b9950886b68319"
"Air Force Active","0","0.000","0","0.000","0","0.000","0","0.000","","","","","0","0.000","0","0.000","0","0.000","","","317dd0dd137201d7eadda21f2fc98ab75c61265a-0-f7cb6b96743abee222830dd975b147c712a15815","317dd0dd137201d7eadda21f2fc98ab75c61265a","root.record.ItemExhibitList.P3AModificationItemGroup.ModificationItemList.ModificationItem.Installation.ImplementationMethodList.ImplementationMethod","317dd0dd137201d7eadda21f2fc98ab75c61265a-0-9aafce3e4ecdc40bfad2e0320bbabf39c64ca198"
"Air National Guard","","","","","","","0","0.000","0","0.000","","","","","","","","","","","317dd0dd137201d7eadda21f2fc98ab75c61265a-1-429a131344918e1bb9563dfe23bfffb2982580af","317dd0dd137201d7eadda21f2fc98ab75c61265a","root.record.ItemExhibitList.P3AModificationItemGroup.ModificationItemList.ModificationItem.Installation.ImplementationMethodList.ImplementationMethod","317dd0dd137201d7eadda21f2fc98ab75c61265a-0-9aafce3e4ecdc40bfad2e0320bbabf39c64ca198"
"Air Force Reserve","","","","","","","","","0","0.000","","","","","","","","","","","317dd0dd137201d7eadda21f2fc98ab75c61265a-2-8b297f56fd006c32c397f40f12aff52972dd2647","317dd0dd137201d7eadda21f2fc98ab75c61265a","root.record.ItemExhibitList.P3AModificationItemGroup.ModificationItemList.ModificationItem.Installation.ImplementationMethodList.ImplementationMethod","317dd0dd137201d7eadda21f2fc98ab75c61265a-0-9aafce3e4ecdc40bfad2e0320bbabf39c64ca198"
"Air Force Active","0","0.000","0","0.000","0","0.000","","","","","","","","","0","0.000","0","0.000","","","317dd0dd137201d7eadda21f2fc98ab75c61265a-0-18efffc3469c36a86e3d6eb5ce49d5164295daf8","317dd0dd137201d7eadda21f2fc98ab75c61265a","root.record.ItemExhibitList.P3AModificationItemGroup.ModificationItemList.ModificationItem.Installation.ImplementationMethodList.ImplementationMethod","317dd0dd137201d7eadda21f2fc98ab75c61265a-0-dddf1c0b0db925a31f05579eed68ae88c14a4d49"
"Air National Guard","0","0.000","0","0.000","0","0.000","","","","","","","","","","","","","","","317dd0dd137201d7eadda21f2fc98ab75c61265a-1-e14f145f5251c1c3e00c37db1e98609c3260b76e","317dd0dd137201d7eadda21f2fc98ab75c61265a","root.record.ItemExhibitList.P3AModificationItemGroup.ModificationItemList.ModificationItem.Installation.ImplementationMethodList.ImplementationMethod","317dd0dd137201d7eadda21f2fc98ab75c61265a-0-dddf1c0b0db925a31f05579eed68ae88c14a4d49"
"Air Force Reserve","","","","","0","0.000","","","","","","","","","","","","","","","317dd0dd137201d7eadda21f2fc98ab75c61265a-2-b30b6e6a916ac1e18d24d89165eb26af1fa420bf","317dd0dd137201d7eadda21f2fc98ab75c61265a","root.record.ItemExhibitList.P3AModificationItemGroup.ModificationItemList.ModificationItem.Installation.ImplementationMethodList.ImplementationMethod","317dd0dd137201d7eadda21f2fc98ab75c61265a-0-dddf1c0b0db925a31f05579eed68ae88c14a4d49"
"Air Force Active","0","0.000","0","0.000","0","0.000","","","","","","","0","0.000","0","0.000","0","0.000","","","317dd0dd137201d7eadda21f2fc98ab75c61265a-0-d1371f4f1b90cac8a62550951237eaf53a4d58a7","317dd0dd137201d7eadda21f2fc98ab75c61265a","root.record.ItemExhibitList.P3AModificationItemGroup.ModificationItemList.ModificationItem.Installation.ImplementationMethodList.ImplementationMethod","317dd0dd137201d7eadda21f2fc98ab75c61265a-0-efdf047e658f4474ad0f7b83529e5a358ef9aebb"
"Air National Guard","0","0.000","0","0.000","0","0.000","","","","","","","0","0.000","0","0.000","0","0.000","","","317dd0dd137201d7eadda21f2fc98ab75c61265a-1-3b3cc557bf5ff5645af0106bd4d15701490ff189","317dd0dd137201d7eadda21f2fc98ab75c61265a","root.record.ItemExhibitList.P3AModificationItemGroup.ModificationItemList.ModificationItem.Installation.ImplementationMethodList.ImplementationMethod","317dd0dd137201d7eadda21f2fc98ab75c61265a-0-efdf047e658f4474ad0f7b83529e5a358ef9aebb"
"Air Force Reserve","0","0.000","0","0.000","0","0.000","","","","","","","0","0.000","","","0","0.000","","","317dd0dd137201d7eadda21f2fc98ab75c61265a-2-f730fefd377fba0dd23ea08ee5fc1dcfbfee0067","317dd0dd137201d7eadda21f2fc98ab75c61265a","root.record.ItemExhibitList.P3AModificationItemGroup.ModificationItemList.ModificationItem.Installation.ImplementationMethodList.ImplementationMethod","317dd0dd137201d7eadda21f2fc98ab75c61265a-0-efdf047e658f4474ad0f7b83529e5a358ef9aebb"
"Air Force Active","0","0.000","0","0.000","0","0.000","0","0.000","0","0.000","0","0.000","","","","","0","0.000","","","317dd0dd137201d7eadda21f2fc98ab75c61265a-0-cbd83128b44c08ec2ce7f241a2ddc53e22754b9a","317dd0dd137201d7eadda21f2fc98ab75c61265a","root.record.ItemExhibitList.P3AModificationItemGroup.ModificationItemList.ModificationItem.Installation.ImplementationMethodList.ImplementationMethod","317dd0dd137201d7eadda21f2fc98ab75c61265a-0-685b5931689e7f7451d837c1c7b18241771121a0"
"Air Force Active","0","0.000","0","0.000","0","0.000","0","0.000","0","0.000","0","0.000","0","0.000","0","0.000","","","","","317dd0dd137201d7eadda21f2fc98ab75c61265a-0-bccacf2c37ef5569a33d253bdd75165b8743c317","317dd0dd137201d7eadda21f2fc98ab75c61265a","root.record.ItemExhibitList.P3AModificationItemGroup.ModificationItemList.ModificationItem.Installation.ImplementationMethodList.ImplementationMethod","317dd0dd137201d7eadda21f2fc98ab75c61265a-0-2c27806dfe06160c83a04eec2f31e690892d424b"
"Air Force Active","0","0.000","0","0.000","0","0.000","0","0.000","0","0.000","0","0.000","0","0.000","0","0.000","","","","","317dd0dd137201d7eadda21f2fc98ab75c61265a-0-84358cdeac627962d05bfaedecb07427f33d450d","317dd0dd137201d7eadda21f2fc98ab75c61265a","root.record.ItemExhibitList.P3AModificationItemGroup.ModificationItemList.ModificationItem.Installation.ImplementationMethodList.ImplementationMethod","317dd0dd137201d7eadda21f2fc98ab75c61265a-0-ba7e7521acebd42c941bb75881443bf9bb6877e8"
"Air Force Active","0","0.000","0","0.000","0","0.000","0","0.000","0","0.000","","","","","","","","","","","35c389cdde306dcfd9b55a6aff45ca19d36dd30a-0-6b19ffd305c4b437534944e850deab38c9e578a2","35c389cdde306dcfd9b55a6aff45ca19d36dd30a","root.record.ItemExhibitList.P3AModificationItemGroup.ModificationItemList.ModificationItem.Installation.ImplementationMethodList.ImplementationMethod","35c389cdde306dcfd9b55a6aff45ca19d36dd30a-0-0c3165c3f7a802ab08f53c1f80607f356be1b92f"
"Air Force Reserve","0","0.000","0","0.000","0","0.000","0","0.000","0","0.000","","","","","","","","","","","35c389cdde306dcfd9b55a6aff45ca19d36dd30a-1-d7c1c8bc3e331709838186907775b0b7442ddf66","35c389cdde306dcfd9b55a6aff45ca19d36dd30a","root.record.ItemExhibitList.P3AModificationItemGroup.ModificationItemList.ModificationItem.Installation.ImplementationMethodList.ImplementationMethod","35c389cdde306dcfd9b55a6aff45ca19d36dd30a-0-0c3165c3f7a802ab08f53c1f80607f356be1b92f"
"Air Force Active","0","0.000","0","0.000","0","0.000","0","0.000","","","","","","","0","0.000","","","","","35c389cdde306dcfd9b55a6aff45ca19d36dd30a-0-852d3fc482bc356f800632672d12a6648df86155","35c389cdde306dcfd9b55a6aff45ca19d36dd30a","root.record.ItemExhibitList.P3AModificationItemGroup.ModificationItemList.ModificationItem.Installation.ImplementationMethodList.ImplementationMethod","35c389cdde306dcfd9b55a6aff45ca19d36dd30a-0-83fc230a6b5989fbc48e0c9f71d03a3fade1bb33"
"Air Force Active","","","","","0","0.000","","","","","","","","","","","","","","","35c389cdde306dcfd9b55a6aff45ca19d36dd30a-0-11902944154c453553ffc50fe3142f8045b47812","35c389cdde306dcfd9b55a6aff45ca19d36dd30a","root.record.ItemExhibitList.P3AModificationItemGroup.ModificationItemList.ModificationItem.Installation.ImplementationMethodList.ImplementationMethod","35c389cdde306dcfd9b55a6aff45ca19d36dd30a-0-079940b0b512fc5a2bd3da0f3b4964a47a37a9cb"
"Air Force Active","","","","","0","0.000","0","0.000","0","0.000","","","","","","","","","","","35c389cdde306dcfd9b55a6aff45ca19d36dd30a-0-8af00970e02c11c05fd48c2c58f323de30d778bc","35c389cdde306dcfd9b55a6aff45ca19d36dd30a","root.record.ItemExhibitList.P3AModificationItemGroup.ModificationItemList.ModificationItem.Installation.ImplementationMethodList.ImplementationMethod","35c389cdde306dcfd9b55a6aff45ca19d36dd30a-0-5076a96995657add30700f23d453832627c5e780"
"Air Force Reserve","","","","","","","0","0.000","0","0.000","","","","","","","","","","","35c389cdde306dcfd9b55a6aff45ca19d36dd30a-1-6cf0fb2eb26b4f109b2193418b0cdb24317fb85c","35c389cdde306dcfd9b55a6aff45ca19d36dd30a","root.record.ItemExhibitList.P3AModificationItemGroup.ModificationItemList.ModificationItem.Installation.ImplementationMethodList.ImplementationMethod","35c389cdde306dcfd9b55a6aff45ca19d36dd30a-0-5076a96995657add30700f23d453832627c5e780"
"Air Force Active","0","0.000","0","0.000","0","0.000","0","0.000","0","0.000","0","0.000","","","","","","","","","381cd9596be7077445ddb8dc36f57e679b43cd6b-0-dff37878006e3db5f1511e5450b8b3ab7a7986f3","381cd9596be7077445ddb8dc36f57e679b43cd6b","root.record.ItemExhibitList.P3AModificationItemGroup.ModificationItemList.ModificationItem.Installation.ImplementationMethodList.ImplementationMethod","381cd9596be7077445ddb8dc36f57e679b43cd6b-0-7ffbe0acfcdeee384ff4f2e5756125e659ed0552"
"Air National Guard","","","","","0","0.000","0","0.000","0","0.000","0","0.000","","","","","","","","","381cd9596be7077445ddb8dc36f57e679b43cd6b-1-f846ae8c19c51e160eda2cd49ba33d56d91e1d2c","381cd9596be7077445ddb8dc36f57e679b43cd6b","root.record.ItemExhibitList.P3AModificationItemGroup.ModificationItemList.ModificationItem.Installation.ImplementationMethodList.ImplementationMethod","381cd9596be7077445ddb8dc36f57e679b43cd6b-0-7ffbe0acfcdeee384ff4f2e5756125e659ed0552"
"Air Force Reserve","","","","","0","0.000","0","0.000","0","0.000","0","0.000","","","","","","","","","381cd9596be7077445ddb8dc36f57e679b43cd6b-2-4b5e3b30eefc6a5a4dcb899896e11dd596c1f7bb","381cd9596be7077445ddb8dc36f57e679b43cd6b","root.record.ItemExhibitList.P3AModificationItemGroup.ModificationItemList.ModificationItem.Installation.ImplementationMethodList.ImplementationMethod","381cd9596be7077445ddb8dc36f57e679b43cd6b-0-7ffbe0acfcdeee384ff4f2e5756125e659ed0552"
"Air Force Active","0","0.000","0","0.000","0","0.000","0","0.000","0","0.000","0","0.000","","","","","0","0.000","","","399d00516df75cfb2d765289abba47af25f6f783-0-0b8f4d0a6c5688793a2ad4607b1c899abcf47366","399d00516df75cfb2d765289abba47af25f6f783","root.record.ItemExhibitList.P3AModificationItemGroup.ModificationItemList.ModificationItem.Installation.ImplementationMethodList.ImplementationMethod","399d00516df75cfb2d765289abba47af25f6f783-0-f1ea530fe1b2f038beb30360bc752c479ab9cea0"
"Air Force Active","0","0.000","0","0.000","0","0.000","0","0.000","0","0.000","0","0.000","","","","","0","0.000","","","399d00516df75cfb2d765289abba47af25f6f783-0-f51fea7ebdb3b51fd43d4187b9eecd741d5c3e64","399d00516df75cfb2d765289abba47af25f6f783","root.record.ItemExhibitList.P3AModificationItemGroup.ModificationItemList.ModificationItem.Installation.ImplementationMethodList.ImplementationMethod","399d00516df75cfb2d765289abba47af25f6f783-0-0eb373530916f456bdd36f55ad6ad68c43b96387"
"Air Force Active","0","0.000","0","0.000","0","0.000","0","0.000","0","0.000","0","0.000","","","","","0","0.000","","","399d00516df75cfb2d765289abba47af25f6f783-0-b3efb47bc802add81238e460001e717219dcf254","399d00516df75cfb2d765289abba47af25f6f783","root.record.ItemExhibitList.P3AModificationItemGroup.ModificationItemList.ModificationItem.Installation.ImplementationMethodList.ImplementationMethod","399d00516df75cfb2d765289abba47af25f6f783-0-6bc10decd9d6f5e2cf9509819c5e0d4cf3a2cc24"
"Air Force Active","0","0.000","0","0.000","0","0.000","0","0.000","0","0.000","","","","","","","","","","","3d27c1594c7a2348c61d9379e8e80131ca1d9545-0-92bb5c8eb2bce193dc4fe96e9a0a26ecf3f51040","3d27c1594c7a2348c61d9379e8e80131ca1d9545","root.record.ItemExhibitList.P3AModificationItemGroup.ModificationItemList.ModificationItem.Installation.ImplementationMethodList.ImplementationMethod","3d27c1594c7a2348c61d9379e8e80131ca1d9545-0-848d5db9115d11013c94a3e366401a7598a311f7"
"Air Force Active","0","0.000","0","0.000","0","0.000","","","","","","","","","","","0","0.000","","","3d27c1594c7a2348c61d9379e8e80131ca1d9545-0-4929a889b419d8cdcc0f4a1c522a319d2af05943","3d27c1594c7a2348c61d9379e8e80131ca1d9545","root.record.ItemExhibitList.P3AModificationItemGroup.ModificationItemList.ModificationItem.Installation.ImplementationMethodList.ImplementationMethod","3d27c1594c7a2348c61d9379e8e80131ca1d9545-0-91ce80c78f219458cedfa4192d5090907a6656f0"
"Air Force Active","","","","","","","0","0.000","","","","","","","","","","","","","3d27c1594c7a2348c61d9379e8e80131ca1d9545-0-525b2fd73302b6ec91dfb9b296f71bdaad8a70bf","3d27c1594c7a2348c61d9379e8e80131ca1d9545","root.record.ItemExhibitList.P3AModificationItemGroup.ModificationItemList.ModificationItem.Installation.ImplementationMethodList.ImplementationMethod","3d27c1594c7a2348c61d9379e8e80131ca1d9545-0-0ed2189bee6482eb861a165019963c165c835c63"
"Air Force Active","0","0.000","0","0.000","0","0.000","0","0.000","0","0.000","0","0.000","","","","","0","0.000","","","408958287be1d4449ef97c9ae3794e1c4dc1ed5a-0-2f8637b780cb79cf9a0a1bd89a489b282c7a6fc5","408958287be1d4449ef97c9ae3794e1c4dc1ed5a","root.record.ItemExhibitList.P3AModificationItemGroup.ModificationItemList.ModificationItem.Installation.ImplementationMethodList.ImplementationMethod","408958287be1d4449ef97c9ae3794e1c4dc1ed5a-0-e3d6167feb0008e1d9c3de9fa1915358298d00df"
"Air Force Active","0","0.000","0","0.000","0","0.000","0","0.000","0","0.000","","","","","","","","","","","54a96df817b9d5263953371373536571cc395220-0-328f8442e173e2047705166aa3738380ee3a3f6e","54a96df817b9d5263953371373536571cc395220","root.record.ItemExhibitList.P3AModificationItemGroup.ModificationItemList.ModificationItem.Installation.ImplementationMethodList.ImplementationMethod","54a96df817b9d5263953371373536571cc395220-0-e795fcec1ae6967ff750dbc99e852dfbd892b9ac"
"Air Force Active","0","0.000","0","0.000","0","0.000","","","","","","","","","0","0.000","0","0.000","","","54a96df817b9d5263953371373536571cc395220-0-cb9c6358091f9099336b53a28dc1a04756ce15d8","54a96df817b9d5263953371373536571cc395220","root.record.ItemExhibitList.P3AModificationItemGroup.ModificationItemList.ModificationItem.Installation.ImplementationMethodList.ImplementationMethod","54a96df817b9d5263953371373536571cc395220-0-6588ba5c41bc572fadef5cd29f284fe073dade20"
"Air Force Active","0","0.000","0","0.000","0","0.000","0","0.000","0","0.000","0","0.000","","","0","0.000","0","0.000","","","6d28d75aa6a7a427ef76cbe2069740b9fe6cf44f-0-f5194b5062937f756c1615da5d03581ce2eafe9b","6d28d75aa6a7a427ef76cbe2069740b9fe6cf44f","root.record.ItemExhibitList.P3AModificationItemGroup.ModificationItemList.ModificationItem.Installation.ImplementationMethodList.ImplementationMethod","6d28d75aa6a7a427ef76cbe2069740b9fe6cf44f-0-1f12610c2024ebdb5e02764e87f9dc71054221e6"
"Air Force Active","0","0.000","0","0.000","0","0.000","0","0.000","0","0.000","0","0.000","","","0","0.000","0","0.000","","","7486c8171a92c0b428c8e18f6b1b83b98774c743-0-e07794cb9b4d1cf7cc85cac25d29dbe3181c31da","7486c8171a92c0b428c8e18f6b1b83b98774c743","root.record.ItemExhibitList.P3AModificationItemGroup.ModificationItemList.ModificationItem.Installation.ImplementationMethodList.ImplementationMethod","7486c8171a92c0b428c8e18f6b1b83b98774c743-0-383c85c4e5bd5b5b61cfb0a18ef40eeeda801b3b"
"Air Force Active","0","0.000","0","0.000","0","0.000","0","0.000","0","0.000","0","0.000","0","0.000","0","0.000","0","0.000","","","85597cd913ea3d5ba176a2f874646a4ea8fb1587-0-ee45f9d48abf24c72b6709cd8d499934e292d6ac","85597cd913ea3d5ba176a2f874646a4ea8fb1587","root.record.ItemExhibitList.P3AModificationItemGroup.ModificationItemList.ModificationItem.Installation.ImplementationMethodList.ImplementationMethod","85597cd913ea3d5ba176a2f874646a4ea8fb1587-0-f81f7edc721f36ff59ffbe16e3e321f3fe816d90"
"Air Force Active","0","0.000","0","0.000","0","0.000","0","0.000","0","0.000","0","0.000","","","","","0","0.000","","","862e2d15d0f822c8485aa65674eee94dde4da08d-0-0ec0e74d6cf7a0f6a11b1790ddae1b8549fb7715","862e2d15d0f822c8485aa65674eee94dde4da08d","root.record.ItemExhibitList.P3AModificationItemGroup.ModificationItemList.ModificationItem.Installation.ImplementationMethodList.ImplementationMethod","862e2d15d0f822c8485aa65674eee94dde4da08d-0-37213ac8da388350e5797ca4249ecc21643d9326"
"Air National Guard","0","0.000","0","0.000","0","0.000","0","0.000","0","0.000","0","0.000","","","","","","","","","862e2d15d0f822c8485aa65674eee94dde4da08d-1-1fa10c32080015e43d0d127e6ac05f18f31a2790","862e2d15d0f822c8485aa65674eee94dde4da08d","root.record.ItemExhibitList.P3AModificationItemGroup.ModificationItemList.ModificationItem.Installation.ImplementationMethodList.ImplementationMethod","862e2d15d0f822c8485aa65674eee94dde4da08d-0-37213ac8da388350e5797ca4249ecc21643d9326"
"Air Force Reserve","0","0.000","0","0.000","0","0.000","0","0.000","0","0.000","0","0.000","","","","","","","","","862e2d15d0f822c8485aa65674eee94dde4da08d-2-392ee33672dfcb2c1144b7186d95d2b049b45c8c","862e2d15d0f822c8485aa65674eee94dde4da08d","root.record.ItemExhibitList.P3AModificationItemGroup.ModificationItemList.ModificationItem.Installation.ImplementationMethodList.ImplementationMethod","862e2d15d0f822c8485aa65674eee94dde4da08d-0-37213ac8da388350e5797ca4249ecc21643d9326"
"Air Force Active","","","","","0","0.000","0","0.000","0","0.000","","","","","","","","","","","8ac92803876f93a305965d578c716110cdc62437-0-dbd0d9a02d90a7fb0e732a3d5fd2f3d5f9d530db","8ac92803876f93a305965d578c716110cdc62437","root.record.ItemExhibitList.P3AModificationItemGroup.ModificationItemList.ModificationItem.Installation.ImplementationMethodList.ImplementationMethod","8ac92803876f93a305965d578c716110cdc62437-0-d5ac65ba7d2b8cb2f2393b6c56ce1433a5d3f0dc"
"Air Force Active","","","","","0","0.000","0","0.000","0","0.000","0","0.000","","","","","","","","","8ac92803876f93a305965d578c716110cdc62437-0-10d521a1ac086abb2462414fd66fba528d166651","8ac92803876f93a305965d578c716110cdc62437","root.record.ItemExhibitList.P3AModificationItemGroup.ModificationItemList.ModificationItem.Installation.ImplementationMethodList.ImplementationMethod","8ac92803876f93a305965d578c716110cdc62437-0-a1cf91f160db634744306202cd3f1a5a774e1493"
"Air Force Active","0","0.000","0","0.000","","","","","","","","","0","0.000","0","0.000","0","0.000","","","9282c1681681500f80124b54352c8721ab25cc67-0-ef40f4994db253807e103115c239bd9f1257edf1","9282c1681681500f80124b54352c8721ab25cc67","root.record.ItemExhibitList.P3AModificationItemGroup.ModificationItemList.ModificationItem.Installation.ImplementationMethodList.ImplementationMethod","9282c1681681500f80124b54352c8721ab25cc67-0-85127af9bdfd8998da53f35c07f92da3d8106ccb"
"Air Force Reserve","0","0.000","0","0.000","0","0.000","","","","","","","","","","","","","","","9282c1681681500f80124b54352c8721ab25cc67-1-c7b22d535a16c5b5c9dde4331ac15fbe12437692","9282c1681681500f80124b54352c8721ab25cc67","root.record.ItemExhibitList.P3AModificationItemGroup.ModificationItemList.ModificationItem.Installation.ImplementationMethodList.ImplementationMethod","9282c1681681500f80124b54352c8721ab25cc67-0-85127af9bdfd8998da53f35c07f92da3d8106ccb"
"Air Force Active","0","0.000","0","0.000","0","0.000","","","","","","","","","","","","","","","9de970bd63155a8bb67dc6d2bcb69d63844fb920-0-c5889e56858024dd4351553ff776e3c9b6de0c22","9de970bd63155a8bb67dc6d2bcb69d63844fb920","root.record.ItemExhibitList.P3AModificationItemGroup.ModificationItemList.ModificationItem.Installation.ImplementationMethodList.ImplementationMethod","9de970bd63155a8bb67dc6d2bcb69d63844fb920-0-05dc145824abedc965b8e2465912a1b3eb590db6"
"Air Force Active","0","0.000","0","0.000","0","0.000","0","0.000","0","0.000","0","0.000","","","","","0","0.000","","","a0eb6503204411293638c6f0c3c3ebda07d5d2a4-0-40aa4d4e136401dc9adbad23d525dcc38a678488","a0eb6503204411293638c6f0c3c3ebda07d5d2a4","root.record.ItemExhibitList.P3AModificationItemGroup.ModificationItemList.ModificationItem.Installation.ImplementationMethodList.ImplementationMethod","a0eb6503204411293638c6f0c3c3ebda07d5d2a4-0-0fedad4be96199188f97c3c9f3205d6c9792a237"
"Air Force Active","0","0.000","0","0.000","0","0.000","0","0.000","","","","","0","0.000","0","0.000","0","0.000","","","a28e603a31ab3a36341c9e22da942c39ec237c28-0-b1e9f1c92cec317a90872d72bc890688a8d441bc","a28e603a31ab3a36341c9e22da942c39ec237c28","root.record.ItemExhibitList.P3AModificationItemGroup.ModificationItemList.ModificationItem.Installation.ImplementationMethodList.ImplementationMethod","a28e603a31ab3a36341c9e22da942c39ec237c28-0-ffccc20070b0af4545f67464f3cf8756c9396382"
"Air Force Reserve","","","","","","","","","0","0.000","","","0","0.000","","","","","","","a28e603a31ab3a36341c9e22da942c39ec237c28-1-427aaee676708cb797187b87634e6882b9031c3f","a28e603a31ab3a36341c9e22da942c39ec237c28","root.record.ItemExhibitList.P3AModificationItemGroup.ModificationItemList.ModificationItem.Installation.ImplementationMethodList.ImplementationMethod","a28e603a31ab3a36341c9e22da942c39ec237c28-0-ffccc20070b0af4545f67464f3cf8756c9396382"
"Air Force Active","0","0.000","0","0.000","0","0.000","","","","","","","","","","","","","","","a28e603a31ab3a36341c9e22da942c39ec237c28-0-805059b55ba91729b40b399274d28c06238c442d","a28e603a31ab3a36341c9e22da942c39ec237c28","root.record.ItemExhibitList.P3AModificationItemGroup.ModificationItemList.ModificationItem.Installation.ImplementationMethodList.ImplementationMethod","a28e603a31ab3a36341c9e22da942c39ec237c28-0-54215d47ce5a0d4016c7581435dec5e02e653111"
"Air National Guard","0","0.000","0","0.000","0","0.000","","","","","","","","","","","","","","","a28e603a31ab3a36341c9e22da942c39ec237c28-1-236c0925ee6b680046917bbfe52cf2b92c51320f","a28e603a31ab3a36341c9e22da942c39ec237c28","root.record.ItemExhibitList.P3AModificationItemGroup.ModificationItemList.ModificationItem.Installation.ImplementationMethodList.ImplementationMethod","a28e603a31ab3a36341c9e22da942c39ec237c28-0-54215d47ce5a0d4016c7581435dec5e02e653111"
"Air Force Reserve","0","0.000","0","0.000","0","0.000","","","","","","","","","","","","","","","a28e603a31ab3a36341c9e22da942c39ec237c28-2-975f856e2722cbe76be1a8f53fe8d88285fe8223","a28e603a31ab3a36341c9e22da942c39ec237c28","root.record.ItemExhibitList.P3AModificationItemGroup.ModificationItemList.ModificationItem.Installation.ImplementationMethodList.ImplementationMethod","a28e603a31ab3a36341c9e22da942c39ec237c28-0-54215d47ce5a0d4016c7581435dec5e02e653111"
"Air Force Active","0","0.000","0","0.000","","","","","","","","","","","","","","","","","a28e603a31ab3a36341c9e22da942c39ec237c28-0-8306c3a468d005255b69b7ef30f5e0ee7b15b87f","a28e603a31ab3a36341c9e22da942c39ec237c28","root.record.ItemExhibitList.P3AModificationItemGroup.ModificationItemList.ModificationItem.Installation.ImplementationMethodList.ImplementationMethod","a28e603a31ab3a36341c9e22da942c39ec237c28-0-0b59fb3842a64633dda3975f1568ef10616a3445"
"Air Force Active","","","","","","","0","0.000","0","0.000","","","","","","","","","","","a28e603a31ab3a36341c9e22da942c39ec237c28-0-fc0a755ec603183c053e67fffff8ea6e457fbf28","a28e603a31ab3a36341c9e22da942c39ec237c28","root.record.ItemExhibitList.P3AModificationItemGroup.ModificationItemList.ModificationItem.Installation.ImplementationMethodList.ImplementationMethod","a28e603a31ab3a36341c9e22da942c39ec237c28-0-037cc72d2c64912a142165a13f8f59e069d8ae8a"
"Air National Guard","","","","","","","0","0.000","0","0.000","0","0.000","","","","","","","","","a28e603a31ab3a36341c9e22da942c39ec237c28-1-0e3b838dd4ed4c42a00c6030dde58c13600b42ef","a28e603a31ab3a36341c9e22da942c39ec237c28","root.record.ItemExhibitList.P3AModificationItemGroup.ModificationItemList.ModificationItem.Installation.ImplementationMethodList.ImplementationMethod","a28e603a31ab3a36341c9e22da942c39ec237c28-0-037cc72d2c64912a142165a13f8f59e069d8ae8a"
"Air Force Reserve","","","","","","","","","0","0.000","0","0.000","","","","","","","","","a28e603a31ab3a36341c9e22da942c39ec237c28-2-69e6b937755fbb32380c6da8a2b187b7db50ba52","a28e603a31ab3a36341c9e22da942c39ec237c28","root.record.ItemExhibitList.P3AModificationItemGroup.ModificationItemList.ModificationItem.Installation.ImplementationMethodList.ImplementationMethod","a28e603a31ab3a36341c9e22da942c39ec237c28-0-037cc72d2c64912a142165a13f8f59e069d8ae8a"
"Air Force Active","0","0.000","0","0.000","0","0.000","","","","","","","","","","","0","0.000","","","a2dd7a746c8265451a4f23539e93186e32b71dde-0-09309ba9b035547cff4c444cfc1c44d071c5e614","a2dd7a746c8265451a4f23539e93186e32b71dde","root.record.ItemExhibitList.P3AModificationItemGroup.ModificationItemList.ModificationItem.Installation.ImplementationMethodList.ImplementationMethod","a2dd7a746c8265451a4f23539e93186e32b71dde-0-1e5b41cdbaeccc9477e298f9cf2096884dc6fbb4"
"Air Force Active","0","0.000","0","0.000","0","0.000","0","0.000","0","0.000","0","0.000","","","","","0","0.000","","","adc0fd1f1425b4f60a521474479b1b300340fbc4-0-2840ba23ff7553eea38e585e282c7e60c4305e31","adc0fd1f1425b4f60a521474479b1b300340fbc4","root.record.ItemExhibitList.P3AModificationItemGroup.ModificationItemList.ModificationItem.Installation.ImplementationMethodList.ImplementationMethod","adc0fd1f1425b4f60a521474479b1b300340fbc4-0-19572ed89b0b00e34d7b994196c7abab6774adbc"
"Air Force Active","0","0.000","0","0.000","","","0","0.000","0","0.000","0","0.000","0","0.000","0","0.000","0","0.000","","","adc0fd1f1425b4f60a521474479b1b300340fbc4-0-c74fbefa0e183889aa7830b5c35cf0d13b95c225","adc0fd1f1425b4f60a521474479b1b300340fbc4","root.record.ItemExhibitList.P3AModificationItemGroup.ModificationItemList.ModificationItem.Installation.ImplementationMethodList.ImplementationMethod","adc0fd1f1425b4f60a521474479b1b300340fbc4-0-7238f35f7f254e81db811ef9900fdc77444e1d15"
"Air National Guard","0","0.000","0","0.000","0","0.000","0","0.000","0","0.000","0","0.000","0","0.000","","","0","0.000","","","adc0fd1f1425b4f60a521474479b1b300340fbc4-1-fecca4c1c923016e60602ff08a6cbd1b4ce83290","adc0fd1f1425b4f60a521474479b1b300340fbc4","root.record.ItemExhibitList.P3AModificationItemGroup.ModificationItemList.ModificationItem.Installation.ImplementationMethodList.ImplementationMethod","adc0fd1f1425b4f60a521474479b1b300340fbc4-0-7238f35f7f254e81db811ef9900fdc77444e1d15"
"Air Force Active","","","","","0","0.000","","","","","","","0","0.000","","","","","","","adc0fd1f1425b4f60a521474479b1b300340fbc4-0-3c9705a0fd425dc50a34c7896110fdc6c9de6322","adc0fd1f1425b4f60a521474479b1b300340fbc4","root.record.ItemExhibitList.P3AModificationItemGroup.ModificationItemList.ModificationItem.Installation.ImplementationMethodList.ImplementationMethod","adc0fd1f1425b4f60a521474479b1b300340fbc4-0-fd6b7b79219f3f037f3f29e3b3294511ced9f281"
"Air Force Active","0","0.000","0","0.000","0","0.000","","","","","","","","","","","0","0.000","","","adc0fd1f1425b4f60a521474479b1b300340fbc4-0-be6a2bbe46c86b36096ac05e9d7c3e2989d5a566","adc0fd1f1425b4f60a521474479b1b300340fbc4","root.record.ItemExhibitList.P3AModificationItemGroup.ModificationItemList.ModificationItem.Installation.ImplementationMethodList.ImplementationMethod","adc0fd1f1425b4f60a521474479b1b300340fbc4-0-b97b8a722ded8211d0a6d85bf1844861319cb35a"
"Air National Guard","","","","","","","","","","","","","","","","","0","0.000","","","adc0fd1f1425b4f60a521474479b1b300340fbc4-1-6a7c264d220f344794cf19699f16d471ea443750","adc0fd1f1425b4f60a521474479b1b300340fbc4","root.record.ItemExhibitList.P3AModificationItemGroup.ModificationItemList.ModificationItem.Installation.ImplementationMethodList.ImplementationMethod","adc0fd1f1425b4f60a521474479b1b300340fbc4-0-b97b8a722ded8211d0a6d85bf1844861319cb35a"
"Air Force Active","0","0.000","0","0.000","0","0.000","0","0.000","","","","","","","","","","","","","adc0fd1f1425b4f60a521474479b1b300340fbc4-0-06a4b7d6c1f943ce45f795c326394c78e4a2c164","adc0fd1f1425b4f60a521474479b1b300340fbc4","root.record.ItemExhibitList.P3AModificationItemGroup.ModificationItemList.ModificationItem.Installation.ImplementationMethodList.ImplementationMethod","adc0fd1f1425b4f60a521474479b1b300340fbc4-0-f8009fe4b38523cbb890824176726ff09b36229a"
"Air National Guard","","","","","","","0","0.000","","","","","","","","","","","","","adc0fd1f1425b4f60a521474479b1b300340fbc4-1-ffd7ffeb081339a1cffbc917d04f05736604c7df","adc0fd1f1425b4f60a521474479b1b300340fbc4","root.record.ItemExhibitList.P3AModificationItemGroup.ModificationItemList.ModificationItem.Installation.ImplementationMethodList.ImplementationMethod","adc0fd1f1425b4f60a521474479b1b300340fbc4-0-f8009fe4b38523cbb890824176726ff09b36229a"
"Air Force Active","0","0.000","0","0.000","0","0.000","0","0.000","0","0.000","","","","","0","0.000","0","0.000","","","b1ee92e162c25302d94da3c5fb1c45a78b78db58-0-c260f870fed598088f029edead29818da991d380","b1ee92e162c25302d94da3c5fb1c45a78b78db58","root.record.ItemExhibitList.P3AModificationItemGroup.ModificationItemList.ModificationItem.Installation.ImplementationMethodList.ImplementationMethod","b1ee92e162c25302d94da3c5fb1c45a78b78db58-0-792f76ddf9a97ac325b187f39b6aecb5125da7ad"
"Air Force Active","0","0.000","0","0.000","0","0.000","0","0.000","0","0.000","0","0.000","","","","","","","","","b1ee92e162c25302d94da3c5fb1c45a78b78db58-0-886223ce8f83f6bc6f319d59e5d52ea4d57aed52","b1ee92e162c25302d94da3c5fb1c45a78b78db58","root.record.ItemExhibitList.P3AModificationItemGroup.ModificationItemList.ModificationItem.Installation.ImplementationMethodList.ImplementationMethod","b1ee92e162c25302d94da3c5fb1c45a78b78db58-0-edbe7fd50149b1739639276bbee5453bb98caae4"
"Air Force Active","","","","","","","0","0.000","0","0.000","0","0.000","","","","","","","","","b8a3170d05dde8629ded4b7b78f578982e21c224-0-c8e8c258ca8822015f4d100181414f32f2577d90","b8a3170d05dde8629ded4b7b78f578982e21c224","root.record.ItemExhibitList.P3AModificationItemGroup.ModificationItemList.ModificationItem.Installation.ImplementationMethodList.ImplementationMethod","b8a3170d05dde8629ded4b7b78f578982e21c224-0-6ed8e9e4d17a02de62a498945b4517b3d27189e4"
"Air National Guard","0","0.000","0","0.000","0","0.000","","","","","","","","","","","","","","","c70a9627ffd057d80be1f80f67fc2c78f9ac7780-0-2dedb053e6c17bc5c7315aef8929ced371113b12","c70a9627ffd057d80be1f80f67fc2c78f9ac7780","root.record.ItemExhibitList.P3AModificationItemGroup.ModificationItemList.ModificationItem.Installation.ImplementationMethodList.ImplementationMethod","c70a9627ffd057d80be1f80f67fc2c78f9ac7780-0-db9c1586854d90cb7dd1e5c47087bd6a2fad093e"
"Air Force Active","0","0.000","0","0.000","0","0.000","0","0.000","0","0.000","0","0.000","","","0","0.000","0","0.000","","","c9ad62ffdba5a9559a77aee838a4c5af880cb7bc-0-bd1dfd71a8ac0b9e85bb253ec8de7ae9085a06ab","c9ad62ffdba5a9559a77aee838a4c5af880cb7bc","root.record.ItemExhibitList.P3AModificationItemGroup.ModificationItemList.ModificationItem.Installation.ImplementationMethodList.ImplementationMethod","c9ad62ffdba5a9559a77aee838a4c5af880cb7bc-0-1e36537770f861139b52b6653c29fd5f1935e269"
"Air Force Active","0","0.000","0","0.000","0","0.000","0","0.000","0","0.000","0","0.000","","","0","0.000","0","0.000","","","c9ad62ffdba5a9559a77aee838a4c5af880cb7bc-0-4895be6fc6ef5c84bd60cfa2913173c25355e8af","c9ad62ffdba5a9559a77aee838a4c5af880cb7bc","root.record.ItemExhibitList.P3AModificationItemGroup.ModificationItemList.ModificationItem.Installation.ImplementationMethodList.ImplementationMethod","c9ad62ffdba5a9559a77aee838a4c5af880cb7bc-0-e8c2f3d5a77ad11841468113e4359b006f197020"
"Air Force Active","0","0.000","0","0.000","0","0.000","","","","","","","","","0","0.000","0","0.000","","","c9ad62ffdba5a9559a77aee838a4c5af880cb7bc-0-d76995d56bd2576a56719a08a2c0f87ad5a73fbf","c9ad62ffdba5a9559a77aee838a4c5af880cb7bc","root.record.ItemExhibitList.P3AModificationItemGroup.ModificationItemList.ModificationItem.Installation.ImplementationMethodList.ImplementationMethod","c9ad62ffdba5a9559a77aee838a4c5af880cb7bc-0-02217d2db937731160512c4140696b4612681903"
"Air Force Active","0","0.000","0","0.000","0","0.000","0","0.000","0","0.000","0","0.000","","","0","0.000","0","0.000","","","c9ad62ffdba5a9559a77aee838a4c5af880cb7bc-0-f3d16916445fbb3d908e5500673d6afed0fb2420","c9ad62ffdba5a9559a77aee838a4c5af880cb7bc","root.record.ItemExhibitList.P3AModificationItemGroup.ModificationItemList.ModificationItem.Installation.ImplementationMethodList.ImplementationMethod","c9ad62ffdba5a9559a77aee838a4c5af880cb7bc-0-a609c2b0244bad5358bfb7e44eb24fd3be5b8fa5"
"Air Force Active","0","0.000","0","0.000","0","0.000","0","0.000","0","0.000","0","0.000","","","","","","","","","d0084e59e4867559e7ac78e9cf9ff395619df604-0-0aeba3bf605e3553742be3cc15d17c3636c3b1b3","d0084e59e4867559e7ac78e9cf9ff395619df604","root.record.ItemExhibitList.P3AModificationItemGroup.ModificationItemList.ModificationItem.Installation.ImplementationMethodList.ImplementationMethod","d0084e59e4867559e7ac78e9cf9ff395619df604-0-c3fcff8fac4b331ea8c52e1768d62b7ea3419eb0"
"Air Force Active","0","0.000","0","0.000","0","0.000","","","","","","","","","","","","","","","e6a0308838296a51cfadac2f82cd2894ae494d84-0-211f47a69f04e9df4e1454b71415982ef5f19f33","e6a0308838296a51cfadac2f82cd2894ae494d84","root.record.ItemExhibitList.P3AModificationItemGroup.ModificationItemList.ModificationItem.Installation.ImplementationMethodList.ImplementationMethod","e6a0308838296a51cfadac2f82cd2894ae494d84-0-586ae34960772a8cf3f7a136db85c9c4fc5cb0a2"
"Air Force Active","0","0.000","0","0.000","0","0.000","0","0.000","0","0.000","0","0.000","","","","","0","0.000","","","fb54e06467b731bf13ac60b5c589758d4131acbd-0-2b267f3d7f201713f35f95ab4c1dcf4cbc6728b7","fb54e06467b731bf13ac60b5c589758d4131acbd","root.record.ItemExhibitList.P3AModificationItemGroup.ModificationItemList.ModificationItem.Installation.ImplementationMethodList.ImplementationMethod","fb54e06467b731bf13ac60b5c589758d4131acbd-0-5053e2970b442747be133be3d320cc65695dd97f"
"Air Force Active","0","0.000","0","0.000","0","0.000","0","0.000","0","0.000","0","0.000","","","","","","","","","fb54e06467b731bf13ac60b5c589758d4131acbd-0-e22545c55a86bb6334a75a6b1050749b38e9abc1","fb54e06467b731bf13ac60b5c589758d4131acbd","root.record.ItemExhibitList.P3AModificationItemGroup.ModificationItemList.ModificationItem.Installation.ImplementationMethodList.ImplementationMethod","fb54e06467b731bf13ac60b5c589758d4131acbd-0-24192e78b10a8583381c236f347cc70089f050a8"
"Air Force Active","0","0.000","0","0.000","0","0.000","0","0.000","","","","","","","","","","","","","00d39061bb6cf1a3704c757ddeffe08ad768d434-0-e92157ee1b2003d61dd24fda41b8f847b61bc544","00d39061bb6cf1a3704c757ddeffe08ad768d434","root.record.ItemExhibitList.P3AModificationItemGroup.ModificationItemList.ModificationItem.Installation.ImplementationMethodList.ImplementationMethod","00d39061bb6cf1a3704c757ddeffe08ad768d434-0-c2b8c132a0a24150eea01694fec4bb4b8db6baef"
"Air Force Active","0","0.000","0","0.000","0","0.000","0","0.000","0","0.000","0","0.000","0","0.000","0","0.000","0","0.000","","","086f5258b19005be4593baa1c9cdf9eec7cd1cad-0-1db6b313f3f44adef873cdb5b839f827c5dd2fa5","086f5258b19005be4593baa1c9cdf9eec7cd1cad","root.record.ItemExhibitList.P3AModificationItemGroup.ModificationItemList.ModificationItem.Installation.ImplementationMethodList.ImplementationMethod","086f5258b19005be4593baa1c9cdf9eec7cd1cad-0-02764f06dd5dac7f84fd40bff3e5d2ac0b721cce"
"Air Force Active","0","0.000","0","0.000","","","","","","","","","0","0.000","0","0.000","0","0.000","","","094b114b010621064be6b19ba691583e52d3c19b-0-8e4501a7420424964cca3adeae6fe0c3e935c6ce","094b114b010621064be6b19ba691583e52d3c19b","root.record.ItemExhibitList.P3AModificationItemGroup.ModificationItemList.ModificationItem.Installation.ImplementationMethodList.ImplementationMethod","094b114b010621064be6b19ba691583e52d3c19b-0-d7cf395db8de33a0f1ebcab53b491a87966141fe"
"Air National Guard","","","","","0","0.000","0","0.000","0","0.000","","","","","","","","","","","094b114b010621064be6b19ba691583e52d3c19b-1-83aaace52139e1dcfaface52d5a417ef041fdbab","094b114b010621064be6b19ba691583e52d3c19b","root.record.ItemExhibitList.P3AModificationItemGroup.ModificationItemList.ModificationItem.Installation.ImplementationMethodList.ImplementationMethod","094b114b010621064be6b19ba691583e52d3c19b-0-d7cf395db8de33a0f1ebcab53b491a87966141fe"
"Air Force Active","0","0.000","0","0.000","0","0.000","0","0.000","0","0.000","","","","","0","0.000","0","0.000","","","094b114b010621064be6b19ba691583e52d3c19b-0-31737dd5a028d4751be0ee9fae261badc0fcc91c","094b114b010621064be6b19ba691583e52d3c19b","root.record.ItemExhibitList.P3AModificationItemGroup.ModificationItemList.ModificationItem.Installation.ImplementationMethodList.ImplementationMethod","094b114b010621064be6b19ba691583e52d3c19b-0-4bf1404c4b268ac938c37b53698de97282f2688b"
"Air National Guard","","","","","","","","","0","0.000","0","0.000","","","","","","","","","094b114b010621064be6b19ba691583e52d3c19b-1-93960f5fbaadfda592d5ebe708e4d59cfdc6c8d7","094b114b010621064be6b19ba691583e52d3c19b","root.record.ItemExhibitList.P3AModificationItemGroup.ModificationItemList.ModificationItem.Installation.ImplementationMethodList.ImplementationMethod","094b114b010621064be6b19ba691583e52d3c19b-0-4bf1404c4b268ac938c37b53698de97282f2688b"
"Air Force Active","0","0.000","0","0.000","0","0.000","0","0.000","0","0.000","0","0.000","0","0.000","0","0.000","0","0.000","","","094b114b010621064be6b19ba691583e52d3c19b-0-2c3c5f329b16bc09eae6ca98f88d29ae2792ad77","094b114b010621064be6b19ba691583e52d3c19b","root.record.ItemExhibitList.P3AModificationItemGroup.ModificationItemList.ModificationItem.Installation.ImplementationMethodList.ImplementationMethod","094b114b010621064be6b19ba691583e52d3c19b-0-1c6e1a1f238793947c5da9a88f364782018896f6"
"Air National Guard","0","0.000","0","0.000","0","0.000","0","0.000","0","0.000","0","0.000","0","0.000","0","0.000","0","0.000","","","094b114b010621064be6b19ba691583e52d3c19b-1-17b1b993165475adecacf8526980cb773a1bc734","094b114b010621064be6b19ba691583e52d3c19b","root.record.ItemExhibitList.P3AModificationItemGroup.ModificationItemList.ModificationItem.Installation.ImplementationMethodList.ImplementationMethod","094b114b010621064be6b19ba691583e52d3c19b-0-1c6e1a1f238793947c5da9a88f364782018896f6"
"Air Force Active","0","0.000","0","0.000","0","0.000","0","0.000","0","0.000","0","0.000","","","0","0.000","0","0.000","","","094b114b010621064be6b19ba691583e52d3c19b-0-23b5c031c133894877d2cafcf1ac8e935a0e7a23","094b114b010621064be6b19ba691583e52d3c19b","root.record.ItemExhibitList.P3AModificationItemGroup.ModificationItemList.ModificationItem.Installation.ImplementationMethodList.ImplementationMethod","094b114b010621064be6b19ba691583e52d3c19b-0-8979fbfb1fa54053e5e1f75f785ba1a86af06302"
"Air National Guard","0","0.000","0","0.000","0","0.000","0","0.000","0","0.000","0","0.000","","","","","0","0.000","","","094b114b010621064be6b19ba691583e52d3c19b-1-b1015636fceac64c12b467c2f99361065f20c6b4","094b114b010621064be6b19ba691583e52d3c19b","root.record.ItemExhibitList.P3AModificationItemGroup.ModificationItemList.ModificationItem.Installation.ImplementationMethodList.ImplementationMethod","094b114b010621064be6b19ba691583e52d3c19b-0-8979fbfb1fa54053e5e1f75f785ba1a86af06302"
"Air Force Active","0","0.000","0","0.000","0","0.000","0","0.000","0","0.000","0","0.000","","","0","0.000","0","0.000","","","094b114b010621064be6b19ba691583e52d3c19b-0-b4ad4874585cc42b315f60f06489f90855b2055f","094b114b010621064be6b19ba691583e52d3c19b","root.record.ItemExhibitList.P3AModificationItemGroup.ModificationItemList.ModificationItem.Installation.ImplementationMethodList.ImplementationMethod","094b114b010621064be6b19ba691583e52d3c19b-0-0bc814c3444c607c8362ab864516d645f34d3284"
"Air Force Active","0","0.000","0","0.000","0","0.000","0","0.000","0","0.000","0","0.000","0","0.000","0","0.000","","","","","094b114b010621064be6b19ba691583e52d3c19b-0-a16e638ef9b7874c06075cc31941578ebed158bf","094b114b010621064be6b19ba691583e52d3c19b","root.record.ItemExhibitList.P3AModificationItemGroup.ModificationItemList.ModificationItem.Installation.ImplementationMethodList.ImplementationMethod","094b114b010621064be6b19ba691583e52d3c19b-0-feb7bee3935131e120307824ed2c3731205b4c65"
"Air Force Active","","","","","0","0.000","0","0.000","0","0.000","","","","","","","","","","","1a0d86d16fb7c4fd2ff7b41ec7fcb180b0859473-0-b702f2005ca5075dabb729963f4ab93710a96e4f","1a0d86d16fb7c4fd2ff7b41ec7fcb180b0859473","root.record.ItemExhibitList.P3AModificationItemGroup.ModificationItemList.ModificationItem.Installation.ImplementationMethodList.ImplementationMethod","1a0d86d16fb7c4fd2ff7b41ec7fcb180b0859473-0-87bd9a5ecf7d365ed9785055b8768b5149854939"
"Air Force Active","0","0.000","0","0.000","0","0.000","0","0.000","0","0.000","0","0.000","","","0","0.000","0","0.000","","","1b51331fa8cfd17504ac0810da6ec4ab9ae45834-0-23a111c09a581acee576d1298005b1db00a49cb0","1b51331fa8cfd17504ac0810da6ec4ab9ae45834","root.record.ItemExhibitList.P3AModificationItemGroup.ModificationItemList.ModificationItem.Installation.ImplementationMethodList.ImplementationMethod","1b51331fa8cfd17504ac0810da6ec4ab9ae45834-0-d4717e656296001bd2e0e869de55b77daef8be8c"
"Air National Guard","","","","","","","","","","","0","0.000","","","","","","","","","1b51331fa8cfd17504ac0810da6ec4ab9ae45834-1-353371cdfa15a9fcd2d8938c793a7c830868efa8","1b51331fa8cfd17504ac0810da6ec4ab9ae45834","root.record.ItemExhibitList.P3AModificationItemGroup.ModificationItemList.ModificationItem.Installation.ImplementationMethodList.ImplementationMethod","1b51331fa8cfd17504ac0810da6ec4ab9ae45834-0-d4717e656296001bd2e0e869de55b77daef8be8c"
"Air Force Reserve","","","","","","","","","","","0","0.000","","","","","","","","","1b51331fa8cfd17504ac0810da6ec4ab9ae45834-2-8c57b3907e2c45102be8174a842d9a0bc39158e8","1b51331fa8cfd17504ac0810da6ec4ab9ae45834","root.record.ItemExhibitList.P3AModificationItemGroup.ModificationItemList.ModificationItem.Installation.ImplementationMethodList.ImplementationMethod","1b51331fa8cfd17504ac0810da6ec4ab9ae45834-0-d4717e656296001bd2e0e869de55b77daef8be8c"
"Air Force Active","0","0.000","0","0.000","0","0.000","0","0.000","","","","","0","0.000","0","0.000","0","0.000","","","1b51331fa8cfd17504ac0810da6ec4ab9ae45834-0-75af6f3145d5fde69870634808ba498b7b830f15","1b51331fa8cfd17504ac0810da6ec4ab9ae45834","root.record.ItemExhibitList.P3AModificationItemGroup.ModificationItemList.ModificationItem.Installation.ImplementationMethodList.ImplementationMethod","1b51331fa8cfd17504ac0810da6ec4ab9ae45834-0-e2337f8f7b676fc0b108e359c5d0203ff4dd96aa"
"Air National Guard","0","0.000","0","0.000","0","0.000","","","","","","","0","0.000","","","0","0.000","","","1b51331fa8cfd17504ac0810da6ec4ab9ae45834-1-a4a05ae8241f3b9a94b82f69883198800aa84e6f","1b51331fa8cfd17504ac0810da6ec4ab9ae45834","root.record.ItemExhibitList.P3AModificationItemGroup.ModificationItemList.ModificationItem.Installation.ImplementationMethodList.ImplementationMethod","1b51331fa8cfd17504ac0810da6ec4ab9ae45834-0-e2337f8f7b676fc0b108e359c5d0203ff4dd96aa"
"Air Force Reserve","","","","","0","0.000","0","0.000","","","","","0","0.000","","","0","0.000","","","1b51331fa8cfd17504ac0810da6ec4ab9ae45834-2-a8ad3157c4e81629759e45a25deba36f23675992","1b51331fa8cfd17504ac0810da6ec4ab9ae45834","root.record.ItemExhibitList.P3AModificationItemGroup.ModificationItemList.ModificationItem.Installation.ImplementationMethodList.ImplementationMethod","1b51331fa8cfd17504ac0810da6ec4ab9ae45834-0-e2337f8f7b676fc0b108e359c5d0203ff4dd96aa"
"Air Force Active","0","0.000","0","0.000","0","0.000","0","0.000","0","0.000","0","0.000","","","","","","","","","1b51331fa8cfd17504ac0810da6ec4ab9ae45834-0-0cbf3f8e75f1d94d9e867738075211acff2fb88e","1b51331fa8cfd17504ac0810da6ec4ab9ae45834","root.record.ItemExhibitList.P3AModificationItemGroup.ModificationItemList.ModificationItem.Installation.ImplementationMethodList.ImplementationMethod","1b51331fa8cfd17504ac0810da6ec4ab9ae45834-0-8a88b70e5d09e6748a58faff450f9515fdf1cace"
"Air Force Active","","","","","0","0.000","0","0.000","0","0.000","0","0.000","0","0.000","0","0.000","0","0.000","","","1b51331fa8cfd17504ac0810da6ec4ab9ae45834-0-d402e0056500739319888e78963a6052a0668121","1b51331fa8cfd17504ac0810da6ec4ab9ae45834","root.record.ItemExhibitList.P3AModificationItemGroup.ModificationItemList.ModificationItem.Installation.ImplementationMethodList.ImplementationMethod","1b51331fa8cfd17504ac0810da6ec4ab9ae45834-0-ae161b717324266a5e922e230bf8a530b36f50c8"
"Air Force Active","","","","","0","0.000","0","0.000","0","0.000","0","0.000","0","0.000","0","0.000","0","0.000","","","1b51331fa8cfd17504ac0810da6ec4ab9ae45834-0-9b45106c8aace1890c56e7ed45eab858cb03f688","1b51331fa8cfd17504ac0810da6ec4ab9ae45834","root.record.ItemExhibitList.P3AModificationItemGroup.ModificationItemList.ModificationItem.Installation.ImplementationMethodList.ImplementationMethod","1b51331fa8cfd17504ac0810da6ec4ab9ae45834-0-59f33e7be084d5eb9f837d7f8b7efc57fa8f11bf"
"Air Force Active","0","0.000","0","0.000","0","0.000","0","0.000","0","0.000","","","","","0","0.000","0","0.000","","","21b292cf6c6abee07374aa359f4f727f23b5accd-0-a22acb4cf0c51f3adb87287f3ef1e36c539f0b7c","21b292cf6c6abee07374aa359f4f727f23b5accd","root.record.ItemExhibitList.P3AModificationItemGroup.ModificationItemList.ModificationItem.Installation.ImplementationMethodList.ImplementationMethod","21b292cf6c6abee07374aa359f4f727f23b5accd-0-d2630182cae71164487209c59da8d3abe2bdc0ee"
"Air National Guard","0","0.000","0","0.000","","","","","","","","","","","","","0","0.000","","","21b292cf6c6abee07374aa359f4f727f23b5accd-1-de7397404635da566134bd411eafb9238409f22a","21b292cf6c6abee07374aa359f4f727f23b5accd","root.record.ItemExhibitList.P3AModificationItemGroup.ModificationItemList.ModificationItem.Installation.ImplementationMethodList.ImplementationMethod","21b292cf6c6abee07374aa359f4f727f23b5accd-0-d2630182cae71164487209c59da8d3abe2bdc0ee"
"Air Force Reserve","0","0.000","0","0.000","","","","","","","","","","","","","0","0.000","","","21b292cf6c6abee07374aa359f4f727f23b5accd-2-baba7008b73fb5030c466ba41e85857cf138032d","21b292cf6c6abee07374aa359f4f727f23b5accd","root.record.ItemExhibitList.P3AModificationItemGroup.ModificationItemList.ModificationItem.Installation.ImplementationMethodList.ImplementationMethod","21b292cf6c6abee07374aa359f4f727f23b5accd-0-d2630182cae71164487209c59da8d3abe2bdc0ee"
"Air Force Active","0","0.000","0","0.000","0","0.000","0","0.000","0","0.000","0","0.000","","","","","0","0.000","","","21b292cf6c6abee07374aa359f4f727f23b5accd-0-425175478c0bf12083875a7e94da650363590e03","21b292cf6c6abee07374aa359f4f727f23b5accd","root.record.ItemExhibitList.P3AModificationItemGroup.ModificationItemList.ModificationItem.Installation.ImplementationMethodList.ImplementationMethod","21b292cf6c6abee07374aa359f4f727f23b5accd-0-3c742b94b8395a30ac221d8da2b4f18316200271"
"Air National Guard","0","0.000","0","0.000","0","0.000","0","0.000","","","","","","","","","","","","","21b292cf6c6abee07374aa359f4f727f23b5accd-1-07b2aeb9446ea41d2e4b399cf445c9240768ff39","21b292cf6c6abee07374aa359f4f727f23b5accd","root.record.ItemExhibitList.P3AModificationItemGroup.ModificationItemList.ModificationItem.Installation.ImplementationMethodList.ImplementationMethod","21b292cf6c6abee07374aa359f4f727f23b5accd-0-3c742b94b8395a30ac221d8da2b4f18316200271"
"Air Force Reserve","0","0.000","0","0.000","0","0.000","0","0.000","","","","","","","","","","","","","21b292cf6c6abee07374aa359f4f727f23b5accd-2-687b8fcd4b8911b2905d0859af41bb0bee12ec25","21b292cf6c6abee07374aa359f4f727f23b5accd","root.record.ItemExhibitList.P3AModificationItemGroup.ModificationItemList.ModificationItem.Installation.ImplementationMethodList.ImplementationMethod","21b292cf6c6abee07374aa359f4f727f23b5accd-0-3c742b94b8395a30ac221d8da2b4f18316200271"
"Air Force Active","0","0.000","0","0.000","0","0.000","0","0.000","0","0.000","0","0.000","","","","","0","0.000","","","243848b289cde74724b57b7a20a2699c5b50464b-0-8581e3523e15272d6df81441dea6922dc8ed6ddc","243848b289cde74724b57b7a20a2699c5b50464b","root.record.ItemExhibitList.P3AModificationItemGroup.ModificationItemList.ModificationItem.Installation.ImplementationMethodList.ImplementationMethod","243848b289cde74724b57b7a20a2699c5b50464b-0-403440a884b75ab10f01eb55dfa1c4c840d5ff8e"
"Air Force Active","0","0.000","0","0.000","0","0.000","0","0.000","0","0.000","0","0.000","0","0.000","0","0.000","0","0.000","","","3ce282e558f99cd96fb2d79f9ab53ea718c88100-0-bbfc93040e038d949876ffe6c739f7b786056a69","3ce282e558f99cd96fb2d79f9ab53ea718c88100","root.record.ItemExhibitList.P3AModificationItemGroup.ModificationItemList.ModificationItem.Installation.ImplementationMethodList.ImplementationMethod","3ce282e558f99cd96fb2d79f9ab53ea718c88100-0-e040a7f5e7f81d2e699a0dc75cca1a460f9c4002"
"Air Force Active","0","0.000","0","0.000","","","","","","","","","","","0","0.000","0","0.000","","","40fd9fc6c2ac48cf939a246b71e8f0ee9f461d97-0-262ad657eb81aafb69b3354a6fa193dcd5d1b92a","40fd9fc6c2ac48cf939a246b71e8f0ee9f461d97","root.record.ItemExhibitList.P3AModificationItemGroup.ModificationItemList.ModificationItem.Installation.ImplementationMethodList.ImplementationMethod","40fd9fc6c2ac48cf939a246b71e8f0ee9f461d97-0-4298eea71786d0a2a50102fa1cb8c39a0411b1b8"
"Air Force Active","0","0.000","0","0.000","0","0.000","0","0.000","0","0.000","0","0.000","","","","","","","","","40fd9fc6c2ac48cf939a246b71e8f0ee9f461d97-0-2d2ce617f0060f4246a85984e84adcaa219a8e3b","40fd9fc6c2ac48cf939a246b71e8f0ee9f461d97","root.record.ItemExhibitList.P3AModificationItemGroup.ModificationItemList.ModificationItem.Installation.ImplementationMethodList.ImplementationMethod","40fd9fc6c2ac48cf939a246b71e8f0ee9f461d97-0-7db87f2935140eb6a2130ba31bc9f345a20ddb96"
"Air Force Active","0","0.000","0","0.000","","","","","","","","","","","","","0","0.000","","","40fd9fc6c2ac48cf939a246b71e8f0ee9f461d97-0-60220ec48d879b51e5c825d601e03dc29d198bd6","40fd9fc6c2ac48cf939a246b71e8f0ee9f461d97","root.record.ItemExhibitList.P3AModificationItemGroup.ModificationItemList.ModificationItem.Installation.ImplementationMethodList.ImplementationMethod","40fd9fc6c2ac48cf939a246b71e8f0ee9f461d97-0-0c6602321d8830ca9fe8a671b242359a13428325"
"Air Force Active","0","0.000","0","0.000","0","0.000","0","0.000","","","","","","","","","","","","","4a50bcc3d4d4cf4d2aac2801f050c14f17c5a6ef-0-b7c60058208c77f0dc3bee2236311d99b694975c","4a50bcc3d4d4cf4d2aac2801f050c14f17c5a6ef","root.record.ItemExhibitList.P3AModificationItemGroup.ModificationItemList.ModificationItem.Installation.ImplementationMethodList.ImplementationMethod","4a50bcc3d4d4cf4d2aac2801f050c14f17c5a6ef-0-5bc5f9f96a3cc853f48b2fd469cf8e0d69b768f1"
"Air Force Active","","","","","0","0.000","0","0.000","0","0.000","0","0.000","","","","","","","","","59be73e034389a010dbcc3a981c4115536ebaee8-0-c2c6b50dd4d4d40400e8831419cbd50aa5e100e9","59be73e034389a010dbcc3a981c4115536ebaee8","root.record.ItemExhibitList.P3AModificationItemGroup.ModificationItemList.ModificationItem.Installation.ImplementationMethodList.ImplementationMethod","59be73e034389a010dbcc3a981c4115536ebaee8-0-e19815e12c4eb441b2a45a793c36a0e9e4754dc7"
"Air Force Active","0","0.000","0","0.000","0","0.000","0","0.000","","","","","","","","","0","0.000","","","59be73e034389a010dbcc3a981c4115536ebaee8-0-19e4baf3b9ce7334f5139e32f2c4ba3e6d7a6d7b","59be73e034389a010dbcc3a981c4115536ebaee8","root.record.ItemExhibitList.P3AModificationItemGroup.ModificationItemList.ModificationItem.Installation.ImplementationMethodList.ImplementationMethod","59be73e034389a010dbcc3a981c4115536ebaee8-0-6fcc691c8c673a6951fca7ff56273e1350e87a2d"
"Air Force Active","0","0.000","0","0.000","0","0.000","0","0.000","","","","","","","0","0.000","0","0.000","","","774511d4a3470732389a6f7ea6920e28e9168865-0-a22b38b65e6f57c39a9f8b958f24859a7477d5e3","774511d4a3470732389a6f7ea6920e28e9168865","root.record.ItemExhibitList.P3AModificationItemGroup.ModificationItemList.ModificationItem.Installation.ImplementationMethodList.ImplementationMethod","774511d4a3470732389a6f7ea6920e28e9168865-0-40f19cc2024b23cd0f5c3868e8257f5abaac194a"
"Air Force Active","0","0.000","0","0.000","0","0.000","0","0.000","0","0.000","0","0.000","","","","","","","","","80c314a08d629cf8ab4d43a0a1a5135314197657-0-b1b9b0249c958b9c394a441dde049ce222719d2d","80c314a08d629cf8ab4d43a0a1a5135314197657","root.record.ItemExhibitList.P3AModificationItemGroup.ModificationItemList.ModificationItem.Installation.ImplementationMethodList.ImplementationMethod","80c314a08d629cf8ab4d43a0a1a5135314197657-0-97d8b3e5a53afb67045b9f7690246c3def54a845"
"Air Force Active","","","","","0","0.000","0","0.000","0","0.000","0","0.000","","","","","","","","","80c314a08d629cf8ab4d43a0a1a5135314197657-0-eb52c56d96bdc6490dcfec7a0f79c93fe830730f","80c314a08d629cf8ab4d43a0a1a5135314197657","root.record.ItemExhibitList.P3AModificationItemGroup.ModificationItemList.ModificationItem.Installation.ImplementationMethodList.ImplementationMethod","80c314a08d629cf8ab4d43a0a1a5135314197657-0-744a1e279e0d2ce8f8c0028ce3e0b23f6bcb0ecc"
"Air Force Active","0","0.000","0","0.000","0","0.000","0","0.000","0","0.000","0","0.000","","","","","0","0.000","","","80c314a08d629cf8ab4d43a0a1a5135314197657-0-32f26e6a34df5c52f87f379ece17bf37dc39bca6","80c314a08d629cf8ab4d43a0a1a5135314197657","root.record.ItemExhibitList.P3AModificationItemGroup.ModificationItemList.ModificationItem.Installation.ImplementationMethodList.ImplementationMethod","80c314a08d629cf8ab4d43a0a1a5135314197657-0-b993e931a33d166440712ecfdcaacdc9bc234c8a"
"Air Force Active","0","0.000","0","0.000","","","","","","","","","","","","","0","0.000","","","80c314a08d629cf8ab4d43a0a1a5135314197657-0-25f32f643f2022d968d9443070b427451e13395c","80c314a08d629cf8ab4d43a0a1a5135314197657","root.record.ItemExhibitList.P3AModificationItemGroup.ModificationItemList.ModificationItem.Installation.ImplementationMethodList.ImplementationMethod","80c314a08d629cf8ab4d43a0a1a5135314197657-0-e9a748cfff9001299012c578f14663b09c9f9a32"
"Air Force Active","0","0.000","0","0.000","0","0.000","0","0.000","","","","","","","","","","","","","80c314a08d629cf8ab4d43a0a1a5135314197657-0-23ea44d768c367726a547907e09c6a058040bd23","80c314a08d629cf8ab4d43a0a1a5135314197657","root.record.ItemExhibitList.P3AModificationItemGroup.ModificationItemList.ModificationItem.Installation.ImplementationMethodList.ImplementationMethod","80c314a08d629cf8ab4d43a0a1a5135314197657-0-5159712a36953d7f389cebcafe5637e33a95bd84"
"Air Force Active","","","","","","","0","0.000","0","0.000","0","0.000","","","","","","","","","80c314a08d629cf8ab4d43a0a1a5135314197657-0-ce6b938ffc763751f5e0c951960a314ff3bdc151","80c314a08d629cf8ab4d43a0a1a5135314197657","root.record.ItemExhibitList.P3AModificationItemGroup.ModificationItemList.ModificationItem.Installation.ImplementationMethodList.ImplementationMethod","80c314a08d629cf8ab4d43a0a1a5135314197657-0-55a1ed9bcbf7cf7db47e3b813bddf80afa7985ec"
"Air Force Active","0","0.000","0","0.000","0","0.000","0","0.000","","","","","","","","","0","0.000","","","80c314a08d629cf8ab4d43a0a1a5135314197657-0-65a99996fc79894032ddc2adbc68f2d4fd24bb49","80c314a08d629cf8ab4d43a0a1a5135314197657","root.record.ItemExhibitList.P3AModificationItemGroup.ModificationItemList.ModificationItem.Installation.ImplementationMethodList.ImplementationMethod","80c314a08d629cf8ab4d43a0a1a5135314197657-0-58d3063b504a9c5b1c355f406038f614677b1799"
"Air Force Active","0","0.000","0","0.000","0","0.000","0","0.000","0","0.000","0","0.000","","","0","0.000","0","0.000","","","81fec39e367b83589f17cef5412d90681667d36f-0-83d8dd4d44b3903477c0d12d3d3a1b5176b2ef27","81fec39e367b83589f17cef5412d90681667d36f","root.record.ItemExhibitList.P3AModificationItemGroup.ModificationItemList.ModificationItem.Installation.ImplementationMethodList.ImplementationMethod","81fec39e367b83589f17cef5412d90681667d36f-0-a22e2ebb3a88fc6097477faee69e2eb656714e05"
"Air Force Active","0","0.000","0","0.000","0","0.000","0","0.000","0","0.000","0","0.000","0","0.000","0","0.000","0","0.000","","","8c8ae26141464ecd714278ca073e0e9447d4198a-0-f4997801601c6a9da07378a94e8a80590e35cd9d","8c8ae26141464ecd714278ca073e0e9447d4198a","root.record.ItemExhibitList.P3AModificationItemGroup.ModificationItemList.ModificationItem.Installation.ImplementationMethodList.ImplementationMethod","8c8ae26141464ecd714278ca073e0e9447d4198a-0-794bc233f75f5704132fc6245f185c412ca22411"
"Air Force Reserve","","","","","","","","","0","0.000","","","","","0","0.000","","","","","8c8ae26141464ecd714278ca073e0e9447d4198a-1-09cf27a7e028a6e020777e55d9440372d616b031","8c8ae26141464ecd714278ca073e0e9447d4198a","root.record.ItemExhibitList.P3AModificationItemGroup.ModificationItemList.ModificationItem.Installation.ImplementationMethodList.ImplementationMethod","8c8ae26141464ecd714278ca073e0e9447d4198a-0-794bc233f75f5704132fc6245f185c412ca22411"
"Air Force Active","","","0","0.000","","","","","","","","","","","","","","","0","0.000","8c8ae26141464ecd714278ca073e0e9447d4198a-0-13145c7943f18dde6be2388f9d3b506ab3b8f682","8c8ae26141464ecd714278ca073e0e9447d4198a","root.record.ItemExhibitList.P3AModificationItemGroup.ModificationItemList.ModificationItem.Installation.ImplementationMethodList.ImplementationMethod","8c8ae26141464ecd714278ca073e0e9447d4198a-0-ee22d76327bf6c5fb49ab76ca7f30864a7125ed8"
"Air Force Reserve","","","0","0.000","","","","","","","","","","","","","","","0","0.000","8c8ae26141464ecd714278ca073e0e9447d4198a-1-ff6e134f5f57e85d85981d2d858cb2bfeafcd5f3","8c8ae26141464ecd714278ca073e0e9447d4198a","root.record.ItemExhibitList.P3AModificationItemGroup.ModificationItemList.ModificationItem.Installation.ImplementationMethodList.ImplementationMethod","8c8ae26141464ecd714278ca073e0e9447d4198a-0-ee22d76327bf6c5fb49ab76ca7f30864a7125ed8"
"Air Force Reserve","","","0","0.000","","","","","","","","","","","","","","","0","0.000","8c8ae26141464ecd714278ca073e0e9447d4198a-0-c55400fa015fe41111548bb22f0ad89ee4ac5470","8c8ae26141464ecd714278ca073e0e9447d4198a","root.record.ItemExhibitList.P3AModificationItemGroup.ModificationItemList.ModificationItem.Installation.ImplementationMethodList.ImplementationMethod","8c8ae26141464ecd714278ca073e0e9447d4198a-0-890af7f2c2c823505044fa0cd30bf5df640ef653"
"Air Force Active","0","0.000","0","0.000","0","0.000","","","","","","","","","","","","","","","8c8ae26141464ecd714278ca073e0e9447d4198a-0-2a75a998b6188141d6333ba234bd010935c97f15","8c8ae26141464ecd714278ca073e0e9447d4198a","root.record.ItemExhibitList.P3AModificationItemGroup.ModificationItemList.ModificationItem.Installation.ImplementationMethodList.ImplementationMethod","8c8ae26141464ecd714278ca073e0e9447d4198a-0-4eafa1dabe532e7d4ee3f6719ec5f228345adeda"
"Air National Guard","0","0.000","0","0.000","0","0.000","0","0.000","","","","","","","","","","","","","8c8ae26141464ecd714278ca073e0e9447d4198a-1-0e83b4c5dacdcb7ef253164ab3dc600e5586ebdc","8c8ae26141464ecd714278ca073e0e9447d4198a","root.record.ItemExhibitList.P3AModificationItemGroup.ModificationItemList.ModificationItem.Installation.ImplementationMethodList.ImplementationMethod","8c8ae26141464ecd714278ca073e0e9447d4198a-0-4eafa1dabe532e7d4ee3f6719ec5f228345adeda"
"Air Force Reserve","0","0.000","0","0.000","0","0.000","0","0.000","","","","","","","","","","","","","8c8ae26141464ecd714278ca073e0e9447d4198a-2-4c5dd5c351e8000c5e8e56fcca8f0beb8afbe03d","8c8ae26141464ecd714278ca073e0e9447d4198a","root.record.ItemExhibitList.P3AModificationItemGroup.ModificationItemList.ModificationItem.Installation.ImplementationMethodList.ImplementationMethod","8c8ae26141464ecd714278ca073e0e9447d4198a-0-4eafa1dabe532e7d4ee3f6719ec5f228345adeda"
"Air Force Active","0","0.000","0","0.000","0","0.000","0","0.000","0","0.000","0","0.000","","","","","0","0.000","","","8d7c7dd71f2621f7c2e23873d891c962c3228d48-0-029a97204aa24cf83c20f56e810f587e33483de5","8d7c7dd71f2621f7c2e23873d891c962c3228d48","root.record.ItemExhibitList.P3AModificationItemGroup.ModificationItemList.ModificationItem.Installation.ImplementationMethodList.ImplementationMethod","8d7c7dd71f2621f7c2e23873d891c962c3228d48-0-e96996890b7912feaab3050b80c866cec212d41c"
"Air Force Active","0","0.000","0","0.000","0","0.000","0","0.000","0","0.000","0","0.000","","","","","0","0.000","","","8d7c7dd71f2621f7c2e23873d891c962c3228d48-0-b81c0f58547e52e5239c63c3be132b4ad42150ae","8d7c7dd71f2621f7c2e23873d891c962c3228d48","root.record.ItemExhibitList.P3AModificationItemGroup.ModificationItemList.ModificationItem.Installation.ImplementationMethodList.ImplementationMethod","8d7c7dd71f2621f7c2e23873d891c962c3228d48-0-50903599dbbd3fadcbc5c5c349bd65f8b9019732"
"Air Force Active","0","0.000","0","0.000","0","0.000","0","0.000","0","0.000","0","0.000","","","","","0","0.000","","","8d7c7dd71f2621f7c2e23873d891c962c3228d48-0-f505b170b0029d6e5907b28f9c13b3c318bdf3c4","8d7c7dd71f2621f7c2e23873d891c962c3228d48","root.record.ItemExhibitList.P3AModificationItemGroup.ModificationItemList.ModificationItem.Installation.ImplementationMethodList.ImplementationMethod","8d7c7dd71f2621f7c2e23873d891c962c3228d48-0-26d1c30efd6abd30a86b940a20022a62bf6514c3"
"Air Force Active","0","0.000","0","0.000","0","0.000","","","","","","","","","0","0.000","0","0.000","","","8f9993f845d52dd295769d91ecf2500389b6cdf6-0-c11bb62848fd3ff5e0a42bf20a28a1de3399279e","8f9993f845d52dd295769d91ecf2500389b6cdf6","root.record.ItemExhibitList.P3AModificationItemGroup.ModificationItemList.ModificationItem.Installation.ImplementationMethodList.ImplementationMethod","8f9993f845d52dd295769d91ecf2500389b6cdf6-0-d18e9d9a98055175db79f92bd322bc83b6255161"
"Air Force Active","","","","","0","0.000","0","0.000","0","0.000","","","","","","","","","","","952c00e1a7ea62010c6ceb4b37b5f8a561762f78-0-eafcc6c988d6f59064b57ec94dfa999b2ee1614e","952c00e1a7ea62010c6ceb4b37b5f8a561762f78","root.record.ItemExhibitList.P3AModificationItemGroup.ModificationItemList.ModificationItem.Installation.ImplementationMethodList.ImplementationMethod","952c00e1a7ea62010c6ceb4b37b5f8a561762f78-0-4e4d01b605c00004f7b9511e6925d4d7b333754a"
"Air Force Reserve","","","","","0","0.000","0","0.000","0","0.000","","","","","","","","","","","952c00e1a7ea62010c6ceb4b37b5f8a561762f78-1-4bc44f35114ca0fb3fe6c7d9ec74876de6424757","952c00e1a7ea62010c6ceb4b37b5f8a561762f78","root.record.ItemExhibitList.P3AModificationItemGroup.ModificationItemList.ModificationItem.Installation.ImplementationMethodList.ImplementationMethod","952c00e1a7ea62010c6ceb4b37b5f8a561762f78-0-4e4d01b605c00004f7b9511e6925d4d7b333754a"
"Air Force Active","0","0.000","0","0.000","0","0.000","0","0.000","0","0.000","0","0.000","","","","","","","","","97092ba11b429a6f7046ccc267083d82ef7c2035-0-9ae4bf36d240ce6bc9dc38aad59b3f25252cf8a5","97092ba11b429a6f7046ccc267083d82ef7c2035","root.record.ItemExhibitList.P3AModificationItemGroup.ModificationItemList.ModificationItem.Installation.ImplementationMethodList.ImplementationMethod","97092ba11b429a6f7046ccc267083d82ef7c2035-0-ae54cf8649ecb64465a1a58a58e802971539f2dd"
"Air Force Active","0","0.000","0","0.000","0","0.000","0","0.000","0","0.000","0","0.000","0","0.000","0","0.000","0","0.000","","","97092ba11b429a6f7046ccc267083d82ef7c2035-0-aac312bf7e3bfb65bc0703bf3015e9f947db44da","97092ba11b429a6f7046ccc267083d82ef7c2035","root.record.ItemExhibitList.P3AModificationItemGroup.ModificationItemList.ModificationItem.Installation.ImplementationMethodList.ImplementationMethod","97092ba11b429a6f7046ccc267083d82ef7c2035-0-654573c4111789054f5b42d4e03383d13bb17528"
"Air National Guard","0","0.000","0","0.000","0","0.000","0","0.000","0","0.000","0","0.000","0","0.000","0","0.000","0","0.000","","","97092ba11b429a6f7046ccc267083d82ef7c2035-1-634fbda940667ea6b22f95d4077e3523ca882d8d","97092ba11b429a6f7046ccc267083d82ef7c2035","root.record.ItemExhibitList.P3AModificationItemGroup.ModificationItemList.ModificationItem.Installation.ImplementationMethodList.ImplementationMethod","97092ba11b429a6f7046ccc267083d82ef7c2035-0-654573c4111789054f5b42d4e03383d13bb17528"
"Air Force Active","0","0.000","0","0.000","0","0.000","0","0.000","","","","","","","","","","","","","97092ba11b429a6f7046ccc267083d82ef7c2035-0-f8c889f13dec1b08f2a0fe6d1085f3ca1e94c788","97092ba11b429a6f7046ccc267083d82ef7c2035","root.record.ItemExhibitList.P3AModificationItemGroup.ModificationItemList.ModificationItem.Installation.ImplementationMethodList.ImplementationMethod","97092ba11b429a6f7046ccc267083d82ef7c2035-0-10e169e9b21dacaa142e71b37905bda10fee76a0"
"Air National Guard","0","0.000","0","0.000","","","","","","","","","","","","","","","","","97092ba11b429a6f7046ccc267083d82ef7c2035-1-b97058f65f9326afdd6bee5660dd4f87a85865fd","97092ba11b429a6f7046ccc267083d82ef7c2035","root.record.ItemExhibitList.P3AModificationItemGroup.ModificationItemList.ModificationItem.Installation.ImplementationMethodList.ImplementationMethod","97092ba11b429a6f7046ccc267083d82ef7c2035-0-10e169e9b21dacaa142e71b37905bda10fee76a0"
"Air Force Active","","","","","0","0.000","0","0.000","0","0.000","0","0.000","","","","","","","","","97092ba11b429a6f7046ccc267083d82ef7c2035-0-9ca81a3de4453234df2a450a335b1f409fc63807","97092ba11b429a6f7046ccc267083d82ef7c2035","root.record.ItemExhibitList.P3AModificationItemGroup.ModificationItemList.ModificationItem.Installation.ImplementationMethodList.ImplementationMethod","97092ba11b429a6f7046ccc267083d82ef7c2035-0-b3a9e6d74e8c100fe0ffa0ed232a65269d9c4726"
"Air National Guard","","","","","0","0.000","0","0.000","","","","","","","","","","","","","97092ba11b429a6f7046ccc267083d82ef7c2035-1-a946a97986cc640a761d69e07d2b107b171d9bb3","97092ba11b429a6f7046ccc267083d82ef7c2035","root.record.ItemExhibitList.P3AModificationItemGroup.ModificationItemList.ModificationItem.Installation.ImplementationMethodList.ImplementationMethod","97092ba11b429a6f7046ccc267083d82ef7c2035-0-b3a9e6d74e8c100fe0ffa0ed232a65269d9c4726"
"Air Force Active","","","","","0","0.000","0","0.000","0","0.000","0","0.000","","","","","","","","","980beb5de9d0d3d06639c001bc531a0e302e9a02-0-191628c97acce7c2d09ce09aecfe916cc83b2b5f","980beb5de9d0d3d06639c001bc531a0e302e9a02","root.record.ItemExhibitList.P3AModificationItemGroup.ModificationItemList.ModificationItem.Installation.ImplementationMethodList.ImplementationMethod","980beb5de9d0d3d06639c001bc531a0e302e9a02-0-8a5f01120dbf988780206a30d70b45f8b8f5d42a"
"Air Force Active","","","0","0.000","0","0.000","","","","","","","","","","","","","0","0.000","980beb5de9d0d3d06639c001bc531a0e302e9a02-0-933e3960fcacbab1838e7223a637b64fd44919e1","980beb5de9d0d3d06639c001bc531a0e302e9a02","root.record.ItemExhibitList.P3AModificationItemGroup.ModificationItemList.ModificationItem.Installation.ImplementationMethodList.ImplementationMethod","980beb5de9d0d3d06639c001bc531a0e302e9a02-0-a8fd8d279c4c1f37ef33cc9627f85acface6ac14"
"Air Force Active","0","0.000","0","0.000","0","0.000","0","0.000","0","0.000","0","0.000","","","","","0","0.000","","","9d0635e6b065ec52f615adb4acd6b2f1a2460f79-0-8f1bd534b3349e6d1e48d8c92406397a5434ccde","9d0635e6b065ec52f615adb4acd6b2f1a2460f79","root.record.ItemExhibitList.P3AModificationItemGroup.ModificationItemList.ModificationItem.Installation.ImplementationMethodList.ImplementationMethod","9d0635e6b065ec52f615adb4acd6b2f1a2460f79-0-fed842a870d1dc74f6025619d6e64474439b27f1"
"Air Force Active","0","0.000","0","0.000","0","0.000","0","0.000","0","0.000","0","0.000","","","","","0","0.000","","","9d0635e6b065ec52f615adb4acd6b2f1a2460f79-0-562903b25daa8e9b8002bb4e6f69ce5ff4a2370c","9d0635e6b065ec52f615adb4acd6b2f1a2460f79","root.record.ItemExhibitList.P3AModificationItemGroup.ModificationItemList.ModificationItem.Installation.ImplementationMethodList.ImplementationMethod","9d0635e6b065ec52f615adb4acd6b2f1a2460f79-0-fa25afe0e1864e000589b1767f8273c1a0da06c9"
"Air Force Active","0","0.000","0","0.000","0","0.000","0","0.000","","","","","","","","","0","0.000","","","9d0635e6b065ec52f615adb4acd6b2f1a2460f79-0-72c67edd93b6bf3cefacbe654d6ad03f201072d0","9d0635e6b065ec52f615adb4acd6b2f1a2460f79","root.record.ItemExhibitList.P3AModificationItemGroup.ModificationItemList.ModificationItem.Installation.ImplementationMethodList.ImplementationMethod","9d0635e6b065ec52f615adb4acd6b2f1a2460f79-0-21a4f81d3f8bf7075e9bf7bd580a41ef912b9011"
"Air Force Active","0","0.000","0","0.000","0","0.000","0","0.000","0","0.000","0","0.000","","","","","0","0.000","","","9d0635e6b065ec52f615adb4acd6b2f1a2460f79-0-727bd55e6b718c773f6218ace8dd1e3fc1d10b95","9d0635e6b065ec52f615adb4acd6b2f1a2460f79","root.record.ItemExhibitList.P3AModificationItemGroup.ModificationItemList.ModificationItem.Installation.ImplementationMethodList.ImplementationMethod","9d0635e6b065ec52f615adb4acd6b2f1a2460f79-0-ae081e0eac5b87c6f1fb1c73d5eb133c80e6bdf6"
"Air Force Active","0","0.000","0","0.000","0","0.000","0","0.000","0","0.000","0","0.000","0","0.000","0","0.000","0","0.000","0","0.000","9dd5c833a9006fb3270153c2362e25e05dd0bbaf-0-d1d2203ee51bbe1138e42430b68d8caaabcc03bf","9dd5c833a9006fb3270153c2362e25e05dd0bbaf","root.record.ItemExhibitList.P3AModificationItemGroup.ModificationItemList.ModificationItem.Installation.ImplementationMethodList.ImplementationMethod","9dd5c833a9006fb3270153c2362e25e05dd0bbaf-0-e094dff16044f908fc27a4766922e7dfd095f485"
"Air National Guard","0","0.000","0","0.000","0","0.000","0","0.000","0","0.000","0","0.000","","","","","","","","","a6c04085369658f15474f3c1a6a8dcd27adbdf87-0-b2f18dd02d63f20796bebde378fa73ab514e1bb1","a6c04085369658f15474f3c1a6a8dcd27adbdf87","root.record.ItemExhibitList.P3AModificationItemGroup.ModificationItemList.ModificationItem.Installation.ImplementationMethodList.ImplementationMethod","a6c04085369658f15474f3c1a6a8dcd27adbdf87-0-15b08b93a88b3c6906c709414635f45746462200"
"Air National Guard","0","0.000","0","0.000","0","0.000","","","","","","","","","","","0","0.000","","","a6c04085369658f15474f3c1a6a8dcd27adbdf87-0-1ad9d4f15930064336ca38396e7f423f75649064","a6c04085369658f15474f3c1a6a8dcd27adbdf87","root.record.ItemExhibitList.P3AModificationItemGroup.ModificationItemList.ModificationItem.Installation.ImplementationMethodList.ImplementationMethod","a6c04085369658f15474f3c1a6a8dcd27adbdf87-0-143a3793ffb2469c7d528171f11cb427a4d00264"
"Air Force Active","0","0.000","0","0.000","0","0.000","0","0.000","0","0.000","0","0.000","","","","","","","0","0.000","aeb09adb59b77ba52640e0b35411484f025af1fd-0-2e234b0ab2a56dc5b83c4bde4ee6c4a9e7aec7df","aeb09adb59b77ba52640e0b35411484f025af1fd","root.record.ItemExhibitList.P3AModificationItemGroup.ModificationItemList.ModificationItem.Installation.ImplementationMethodList.ImplementationMethod","aeb09adb59b77ba52640e0b35411484f025af1fd-0-2013acc8d935d1a91b7ee95ca62aaa24c722cd98"
"Air Force Active","0","0.000","0","0.000","0","0.000","0","0.000","0","0.000","0","0.000","","","","","","","","","b32444cd918b9b031e8603a60192752f78862d75-0-6f81a2c374e762202d0daf340b0b36256c64c797","b32444cd918b9b031e8603a60192752f78862d75","root.record.ItemExhibitList.P3AModificationItemGroup.ModificationItemList.ModificationItem.Installation.ImplementationMethodList.ImplementationMethod","b32444cd918b9b031e8603a60192752f78862d75-0-4d9c3b446b548d55aedca0c2ea6f98b9060ecd1e"
"Air National Guard","","","","","0","0.000","0","0.000","0","0.000","0","0.000","","","","","","","","","b32444cd918b9b031e8603a60192752f78862d75-1-a8872da4341292efa42861c93d1b16697faacfee","b32444cd918b9b031e8603a60192752f78862d75","root.record.ItemExhibitList.P3AModificationItemGroup.ModificationItemList.ModificationItem.Installation.ImplementationMethodList.ImplementationMethod","b32444cd918b9b031e8603a60192752f78862d75-0-4d9c3b446b548d55aedca0c2ea6f98b9060ecd1e"
"Air Force Reserve","","","","","0","0.000","0","0.000","0","0.000","0","0.000","","","","","","","","","b32444cd918b9b031e8603a60192752f78862d75-2-cd9a6b940f225c1f8d35ee7d89350c812c7c9c47","b32444cd918b9b031e8603a60192752f78862d75","root.record.ItemExhibitList.P3AModificationItemGroup.ModificationItemList.ModificationItem.Installation.ImplementationMethodList.ImplementationMethod","b32444cd918b9b031e8603a60192752f78862d75-0-4d9c3b446b548d55aedca0c2ea6f98b9060ecd1e"
"Air Force Active","","","","","0","0.000","0","0.000","0","0.000","0","0.000","","","","","","","","","b327130cfc79546df0dba3a09801fedad12be124-0-a4012bd632faab27606155e1ea50ee912a6bf8c7","b327130cfc79546df0dba3a09801fedad12be124","root.record.ItemExhibitList.P3AModificationItemGroup.ModificationItemList.ModificationItem.Installation.ImplementationMethodList.ImplementationMethod","b327130cfc79546df0dba3a09801fedad12be124-0-55cc97493eb60aba71761f58f5489e26c8580b7d"
"Air Force Active","","","","","","","0","0.000","0","0.000","","","","","","","","","","","b327130cfc79546df0dba3a09801fedad12be124-0-9bcc6d40172af684215d68ea549371fedab1a5b2","b327130cfc79546df0dba3a09801fedad12be124","root.record.ItemExhibitList.P3AModificationItemGroup.ModificationItemList.ModificationItem.Installation.ImplementationMethodList.ImplementationMethod","b327130cfc79546df0dba3a09801fedad12be124-0-b7a751141b9cdc083f3dec999006ab9e3daa000c"
"Air Force Active","0","0.000","0","0.000","0","0.000","","","","","","","","","","","0","0.000","","","bd18b0371a78c52c2adfe6a945abcf473f7ada72-0-e1e57615ca4dc8a999546df42505f811ebfa0177","bd18b0371a78c52c2adfe6a945abcf473f7ada72","root.record.ItemExhibitList.P3AModificationItemGroup.ModificationItemList.ModificationItem.Installation.ImplementationMethodList.ImplementationMethod","bd18b0371a78c52c2adfe6a945abcf473f7ada72-0-05fb72c14b3c602c99e6c3744b7d75209624ac59"
"Air Force Active","","","","","0","0.000","","","","","0","0.000","","","","","","","","","c0cb36b88c9335501521de210df42229b7f6eefd-0-128e11e52889499afe66ee3d9c259d8414982303","c0cb36b88c9335501521de210df42229b7f6eefd","root.record.ItemExhibitList.P3AModificationItemGroup.ModificationItemList.ModificationItem.Installation.ImplementationMethodList.ImplementationMethod","c0cb36b88c9335501521de210df42229b7f6eefd-0-3906d8ff4aed7f8a521b4c54dd0573aa976d9f50"
"Air Force Active","0","0.000","0","0.000","0","0.000","0","0.000","","","","","","","","","","","","","d2b1ad870a17e6a993dfc67eaaae1184bcbbdc9d-0-369dda7289d951c25b7d0bea4bbec88b00d92b25","d2b1ad870a17e6a993dfc67eaaae1184bcbbdc9d","root.record.ItemExhibitList.P3AModificationItemGroup.ModificationItemList.ModificationItem.Installation.ImplementationMethodList.ImplementationMethod","d2b1ad870a17e6a993dfc67eaaae1184bcbbdc9d-0-852c0e024ae91485ea5543d86d4f5e05fdfa8abb"
"Air Force Active","","","","","0","0.000","0","0.000","0","0.000","","","","","","","","","","","d2b1ad870a17e6a993dfc67eaaae1184bcbbdc9d-0-7f62de0fce353516761a6d1541a2d4a8df7747d2","d2b1ad870a17e6a993dfc67eaaae1184bcbbdc9d","root.record.ItemExhibitList.P3AModificationItemGroup.ModificationItemList.ModificationItem.Installation.ImplementationMethodList.ImplementationMethod","d2b1ad870a17e6a993dfc67eaaae1184bcbbdc9d-0-1098fe35151fdd83d55a0fb9e3e2ff8af1f3923c"
"Air Force Active","0","0.000","0","0.000","","","","","","","","","","","","","","","","","db18bd00825789823c33bc7ec22afd3752dfccb6-0-2315b650f072163d6b143156a66fa04c273248d7","db18bd00825789823c33bc7ec22afd3752dfccb6","root.record.ItemExhibitList.P3AModificationItemGroup.ModificationItemList.ModificationItem.Installation.ImplementationMethodList.ImplementationMethod","db18bd00825789823c33bc7ec22afd3752dfccb6-0-036fb228822810c8857574a848e6a33a3e60f22e"
"Air Force Active","0","0.000","0","0.000","","","","","","","","","","","","","","","","","db18bd00825789823c33bc7ec22afd3752dfccb6-0-8e07ea30cb8ea097717423e4061a15e108c19a43","db18bd00825789823c33bc7ec22afd3752dfccb6","root.record.ItemExhibitList.P3AModificationItemGroup.ModificationItemList.ModificationItem.Installation.ImplementationMethodList.ImplementationMethod","db18bd00825789823c33bc7ec22afd3752dfccb6-0-c2c5f27f1432f2f6e717cf92652f6cdfa9cdd5a5"
"Air Force Active","0","0.000","0","0.000","","","","","","","","","","","","","0","0.000","","","db18bd00825789823c33bc7ec22afd3752dfccb6-0-3856bab3555c2fd95963da6cc219952ad8101ec7","db18bd00825789823c33bc7ec22afd3752dfccb6","root.record.ItemExhibitList.P3AModificationItemGroup.ModificationItemList.ModificationItem.Installation.ImplementationMethodList.ImplementationMethod","db18bd00825789823c33bc7ec22afd3752dfccb6-0-ad2f2223cbebf6ac1d197a8c479ae65237e9fb26"
"Air Force Active","0","0.000","0","0.000","0","0.000","0","0.000","","","","","","","","","","","","","db18bd00825789823c33bc7ec22afd3752dfccb6-0-43cbe51aa0afb36e9a97df1f5351f7ce7c214885","db18bd00825789823c33bc7ec22afd3752dfccb6","root.record.ItemExhibitList.P3AModificationItemGroup.ModificationItemList.ModificationItem.Installation.ImplementationMethodList.ImplementationMethod","db18bd00825789823c33bc7ec22afd3752dfccb6-0-bd367c5470bf80ebeee4a65aff7f3d9c19dd4da2"
"Air Force Active","","","","","","","","","","","","","0","0.000","0","0.000","0","0.000","","","db18bd00825789823c33bc7ec22afd3752dfccb6-0-899f0d33f6dac66df144c953aee14075fecd62b5","db18bd00825789823c33bc7ec22afd3752dfccb6","root.record.ItemExhibitList.P3AModificationItemGroup.ModificationItemList.ModificationItem.Installation.ImplementationMethodList.ImplementationMethod","db18bd00825789823c33bc7ec22afd3752dfccb6-0-b35e0e2cb35ddccefd1abae5c702f8026c76ba1c"
"Air Force Active","0","0.000","0","0.000","0","0.000","0","0.000","0","0.000","0","0.000","","","","","","","","","f44dca61b9b1e835d69d006aa1c3680d9e5ec17c-0-8e0f8b5241de943d6dadae2581cc8dea6e29c2ec","f44dca61b9b1e835d69d006aa1c3680d9e5ec17c","root.record.ItemExhibitList.P3AModificationItemGroup.ModificationItemList.ModificationItem.Installation.ImplementationMethodList.ImplementationMethod","f44dca61b9b1e835d69d006aa1c3680d9e5ec17c-0-359287c582515387c5a0876c3d4d38bce18632de"
"Air Force Active","0","0.000","0","0.000","0","0.000","","","","","","","","","0","0.000","0","0.000","","","f470f9c50df2b28d2aa6cfc64cab69bc99a8fdee-0-531a6e5b93fdacfe0aae41246a6da56830db8298","f470f9c50df2b28d2aa6cfc64cab69bc99a8fdee","root.record.ItemExhibitList.P3AModificationItemGroup.ModificationItemList.ModificationItem.Installation.ImplementationMethodList.ImplementationMethod","f470f9c50df2b28d2aa6cfc64cab69bc99a8fdee-0-6a17684104d0f1fd06e1bff7f55e4fb089bc3016"
"Air Force Reserve","","","","","0","0.000","0","0.000","","","","","","","","","","","","","f470f9c50df2b28d2aa6cfc64cab69bc99a8fdee-1-e0c125662448642f842d7bed4009dfa2ce1eb1e4","f470f9c50df2b28d2aa6cfc64cab69bc99a8fdee","root.record.ItemExhibitList.P3AModificationItemGroup.ModificationItemList.ModificationItem.Installation.ImplementationMethodList.ImplementationMethod","f470f9c50df2b28d2aa6cfc64cab69bc99a8fdee-0-6a17684104d0f1fd06e1bff7f55e4fb089bc3016"
"Air Force Active","","","0","0.000","","","","","","","","","","","","","","","0","0.000","f608d47e7fc02be2d5e71c386e20ebeff98b3f96-0-fc89cae8d97ab43f8440366d400cb61b5f0c1283","f608d47e7fc02be2d5e71c386e20ebeff98b3f96","root.record.ItemExhibitList.P3AModificationItemGroup.ModificationItemList.ModificationItem.Installation.ImplementationMethodList.ImplementationMethod","f608d47e7fc02be2d5e71c386e20ebeff98b3f96-0-dcdffb4c775bee6f8665501b364dae670ede5905"
"Air Force Active","0","0.000","0","0.000","0","0.000","0","0.000","0","0.000","0","0.000","","","","","","","0","0.000","f608d47e7fc02be2d5e71c386e20ebeff98b3f96-0-a5679117fbbabb83b085f36cfc7e75407b8aac42","f608d47e7fc02be2d5e71c386e20ebeff98b3f96","root.record.ItemExhibitList.P3AModificationItemGroup.ModificationItemList.ModificationItem.Installation.ImplementationMethodList.ImplementationMethod","f608d47e7fc02be2d5e71c386e20ebeff98b3f96-0-cb9e3431042fc1ad83db254fbbe9704e539409c2"
"Air Force Active","","","","","0","0.000","0","0.000","0","0.000","0","0.000","","","","","","","","","f608d47e7fc02be2d5e71c386e20ebeff98b3f96-0-fe034fd52a38ce9ee8adbc8c7205ceaba9365a4e","f608d47e7fc02be2d5e71c386e20ebeff98b3f96","root.record.ItemExhibitList.P3AModificationItemGroup.ModificationItemList.ModificationItem.Installation.ImplementationMethodList.ImplementationMethod","f608d47e7fc02be2d5e71c386e20ebeff98b3f96-0-03f303e8b8af372cfc63ce0def632f226237a447"
"Air Force Reserve","","","","","0","0.000","","","","","","","","","","","","","","","f608d47e7fc02be2d5e71c386e20ebeff98b3f96-1-0a15e0c74b928ab173a1b2265715b9a3f99be076","f608d47e7fc02be2d5e71c386e20ebeff98b3f96","root.record.ItemExhibitList.P3AModificationItemGroup.ModificationItemList.ModificationItem.Installation.ImplementationMethodList.ImplementationMethod","f608d47e7fc02be2d5e71c386e20ebeff98b3f96-0-03f303e8b8af372cfc63ce0def632f226237a447"
"Air Force Reserve","","","0","0.000","","","0","0.000","","","0","0.000","","","","","","","0","0.000","f608d47e7fc02be2d5e71c386e20ebeff98b3f96-0-dc1e6ceab6f547f9c0c54ee78a95070560e4142b","f608d47e7fc02be2d5e71c386e20ebeff98b3f96","root.record.ItemExhibitList.P3AModificationItemGroup.ModificationItemList.ModificationItem.Installation.ImplementationMethodList.ImplementationMethod","f608d47e7fc02be2d5e71c386e20ebeff98b3f96-0-a7695332c9c448b56271d1d932bfe776723919f4"
"Air Force Active","","","0","0.000","","","","","","","","","","","","","","","0","0.000","f608d47e7fc02be2d5e71c386e20ebeff98b3f96-0-94981b8343eca6cf8058cf2dd7d1e9a7c449d992","f608d47e7fc02be2d5e71c386e20ebeff98b3f96","root.record.ItemExhibitList.P3AModificationItemGroup.ModificationItemList.ModificationItem.Installation.ImplementationMethodList.ImplementationMethod","f608d47e7fc02be2d5e71c386e20ebeff98b3f96-0-4d5e6f4e235d011a8e3847cca06f368b96c444ef"
