"Name_val","Cost_Quantity_BudgetYearFour_val","Cost_Quantity_BudgetYearThree_val","Cost_Quantity_BudgetYearTwo_val","Cost_TotalCost_BudgetYearFour_val","Cost_TotalCost_BudgetYearThree_val","Cost_TotalCost_BudgetYearTwo_val","@ROWID","@RECORDID","@PARENT","@PARENTROWID"
"Air Force Active","35","","","9.5","","","44cfc7410d5aa83e42c0e16dc81c1bbb836b2fb3-0-85d532ed0ee4fb178f804cdb637984a68276ab86","44cfc7410d5aa83e42c0e16dc81c1bbb836b2fb3","root.record.ItemExhibitList.P3AModificationItemGroup.ModificationItemList.ModificationItem.Installation.ImplementationMethodList.ImplementationMethod","44cfc7410d5aa83e42c0e16dc81c1bbb836b2fb3-0-e5dcdc0c6e51982e133b3b7262310ac78418b805"
"Air Force Active","","33","","","5.25","","98195f8e3978cb76b96b9a3ba72fcfe4a0038878-0-b93af61b62c390cb0d9ec614f5aeb379bf52a7b7","98195f8e3978cb76b96b9a3ba72fcfe4a0038878","root.record.ItemExhibitList.P3AModificationItemGroup.ModificationItemList.ModificationItem.Installation.ImplementationMethodList.ImplementationMethod","98195f8e3978cb76b96b9a3ba72fcfe4a0038878-0-c38f57ab5ff7d5d71eb2a59df00b15faef129ad6"
"Air Force Active","","52","","","1.37","","98195f8e3978cb76b96b9a3ba72fcfe4a0038878-0-0ccb6186f2e6b75ddcc135854403c88eea10eb7b","98195f8e3978cb76b96b9a3ba72fcfe4a0038878","root.record.ItemExhibitList.P3AModificationItemGroup.ModificationItemList.ModificationItem.Installation.ImplementationMethodList.ImplementationMethod","98195f8e3978cb76b96b9a3ba72fcfe4a0038878-0-acace73f1e956e8854b8317f495a8a7c098ec11f"
"Air Force Active","","54","","","0.000","","98195f8e3978cb76b96b9a3ba72fcfe4a0038878-0-4f2b3ab9fe14ddbbc1f10d28a3d499473bc3a2af","98195f8e3978cb76b96b9a3ba72fcfe4a0038878","root.record.ItemExhibitList.P3AModificationItemGroup.ModificationItemList.ModificationItem.Installation.ImplementationMethodList.ImplementationMethod","98195f8e3978cb76b96b9a3ba72fcfe4a0038878-0-2b389786a5fdd5c5deb096423b4ef76154802d15"
"Air Force Active","4","","","13.65","","","98195f8e3978cb76b96b9a3ba72fcfe4a0038878-0-b7d9cca30e02e266d11aae1e4cbce3d0fe6c5518","98195f8e3978cb76b96b9a3ba72fcfe4a0038878","root.record.ItemExhibitList.P3AModificationItemGroup.ModificationItemList.ModificationItem.Installation.ImplementationMethodList.ImplementationMethod","98195f8e3978cb76b96b9a3ba72fcfe4a0038878-0-13d581e0a154b2ae763267c6ff75f96650e3151b"
"Air Force Active","","83","","","1.092","","98195f8e3978cb76b96b9a3ba72fcfe4a0038878-0-2e961d9ef9530e714e44f015eb60b472e0de027b","98195f8e3978cb76b96b9a3ba72fcfe4a0038878","root.record.ItemExhibitList.P3AModificationItemGroup.ModificationItemList.ModificationItem.Installation.ImplementationMethodList.ImplementationMethod","98195f8e3978cb76b96b9a3ba72fcfe4a0038878-0-4e3f2a9fd91a1281cfaf19253946d99083b8494a"
"Air Force Active","","","190","","","7.778","d134a540fa3fd220d7cf3d1675eccc495774b4a6-0-d04b76842f6c4d582bb1745a809c036a1d27d1f8","d134a540fa3fd220d7cf3d1675eccc495774b4a6","root.record.ItemExhibitList.P3AModificationItemGroup.ModificationItemList.ModificationItem.Installation.ImplementationMethodList.ImplementationMethod","d134a540fa3fd220d7cf3d1675eccc495774b4a6-0-f44373b597516310e15d61ce3a581b4d24449405"
"Air Force Active","","","758","","","35.705","d134a540fa3fd220d7cf3d1675eccc495774b4a6-0-bea2ab0f193a814bde4246f67b79663da5dbad3c","d134a540fa3fd220d7cf3d1675eccc495774b4a6","root.record.ItemExhibitList.P3AModificationItemGroup.ModificationItemList.ModificationItem.Installation.ImplementationMethodList.ImplementationMethod","d134a540fa3fd220d7cf3d1675eccc495774b4a6-1-fca085bdf6a6b791641a76ea7fabcc2fe58cc1ec"
"Air National Guard","","","86","","","6.863","d134a540fa3fd220d7cf3d1675eccc495774b4a6-1-4a99319ca238fbe26eda5d594a5e7e9402bf6c67","d134a540fa3fd220d7cf3d1675eccc495774b4a6","root.record.ItemExhibitList.P3AModificationItemGroup.ModificationItemList.ModificationItem.Installation.ImplementationMethodList.ImplementationMethod","d134a540fa3fd220d7cf3d1675eccc495774b4a6-1-fca085bdf6a6b791641a76ea7fabcc2fe58cc1ec"
"Air Force Active","","213","","","0.335","","d134a540fa3fd220d7cf3d1675eccc495774b4a6-0-9a3c6f6eafc9bfe61ce9d238e1bbce95c765c6c2","d134a540fa3fd220d7cf3d1675eccc495774b4a6","root.record.ItemExhibitList.P3AModificationItemGroup.ModificationItemList.ModificationItem.Installation.ImplementationMethodList.ImplementationMethod","d134a540fa3fd220d7cf3d1675eccc495774b4a6-0-6377be9d8cc79d026c7cf0e296b595717af376e9"
"Air Force Active","","851","","","7.462","","d134a540fa3fd220d7cf3d1675eccc495774b4a6-0-296264990c25667efc6c7f07d85eeefdc38a4ce7","d134a540fa3fd220d7cf3d1675eccc495774b4a6","root.record.ItemExhibitList.P3AModificationItemGroup.ModificationItemList.ModificationItem.Installation.ImplementationMethodList.ImplementationMethod","d134a540fa3fd220d7cf3d1675eccc495774b4a6-1-006d3c118fae97417a9ce1e9a038b5ba2492e38e"
"Air National Guard","","116","","","0.866","","d134a540fa3fd220d7cf3d1675eccc495774b4a6-1-a985f0b8563484f8ad9b3aaad6a60145f2f69f55","d134a540fa3fd220d7cf3d1675eccc495774b4a6","root.record.ItemExhibitList.P3AModificationItemGroup.ModificationItemList.ModificationItem.Installation.ImplementationMethodList.ImplementationMethod","d134a540fa3fd220d7cf3d1675eccc495774b4a6-1-006d3c118fae97417a9ce1e9a038b5ba2492e38e"
"Air Force Active","","21","","","33.469","","d134a540fa3fd220d7cf3d1675eccc495774b4a6-0-54e717d68ce63e9ad4314761709edf927f12801a","d134a540fa3fd220d7cf3d1675eccc495774b4a6","root.record.ItemExhibitList.P3AModificationItemGroup.ModificationItemList.ModificationItem.Installation.ImplementationMethodList.ImplementationMethod","d134a540fa3fd220d7cf3d1675eccc495774b4a6-0-3391076311372087e46245f853488cecc5bb6f71"
"Air Force Active","","","10","","","0.35","d134a540fa3fd220d7cf3d1675eccc495774b4a6-0-67a16ee3b55fe082b83435d238c09b111032251a","d134a540fa3fd220d7cf3d1675eccc495774b4a6","root.record.ItemExhibitList.P3AModificationItemGroup.ModificationItemList.ModificationItem.Installation.ImplementationMethodList.ImplementationMethod","d134a540fa3fd220d7cf3d1675eccc495774b4a6-0-7b3aaf63e82f4d37c4834c152c70dd270af9b546"
