"Name_val","Cost_Quantity_BudgetYearFive_val","Cost_Quantity_BudgetYearFour_val","Cost_TotalCost_BudgetYearFive_val","Cost_TotalCost_BudgetYearFour_val","@ROWID","@RECORDID","@PARENT","@PARENTROWID"
"Air Force Active","6","","1.105","","98195f8e3978cb76b96b9a3ba72fcfe4a0038878-0-f30e78efdbed3af9f3d7184ca145986adf99dacb","98195f8e3978cb76b96b9a3ba72fcfe4a0038878","root.record.ItemExhibitList.P3AModificationItemGroup.ModificationItemList.ModificationItem.Installation.ImplementationMethodList.ImplementationMethod","98195f8e3978cb76b96b9a3ba72fcfe4a0038878-0-c38f57ab5ff7d5d71eb2a59df00b15faef129ad6"
"Air National Guard","26","","4.79","","98195f8e3978cb76b96b9a3ba72fcfe4a0038878-1-7fb1152b14f1833a4b24c089528d0788eb9c4a9d","98195f8e3978cb76b96b9a3ba72fcfe4a0038878","root.record.ItemExhibitList.P3AModificationItemGroup.ModificationItemList.ModificationItem.Installation.ImplementationMethodList.ImplementationMethod","98195f8e3978cb76b96b9a3ba72fcfe4a0038878-0-c38f57ab5ff7d5d71eb2a59df00b15faef129ad6"
"Air Force Reserve","1","","0.184","","98195f8e3978cb76b96b9a3ba72fcfe4a0038878-2-05b8d5807b071ebc08b2b6d1b2b1c640ff374ea8","98195f8e3978cb76b96b9a3ba72fcfe4a0038878","root.record.ItemExhibitList.P3AModificationItemGroup.ModificationItemList.ModificationItem.Installation.ImplementationMethodList.ImplementationMethod","98195f8e3978cb76b96b9a3ba72fcfe4a0038878-0-c38f57ab5ff7d5d71eb2a59df00b15faef129ad6"
"Air Force Active","13","","0.000","","98195f8e3978cb76b96b9a3ba72fcfe4a0038878-0-7e1e2114a01a3656a74b37c26a34f4eee8989fe6","98195f8e3978cb76b96b9a3ba72fcfe4a0038878","root.record.ItemExhibitList.P3AModificationItemGroup.ModificationItemList.ModificationItem.Installation.ImplementationMethodList.ImplementationMethod","98195f8e3978cb76b96b9a3ba72fcfe4a0038878-0-2b389786a5fdd5c5deb096423b4ef76154802d15"
"Air Force Active","","189","","7.778","d134a540fa3fd220d7cf3d1675eccc495774b4a6-0-e142330a5c5c8118e39909f09f0658e970f0a61b","d134a540fa3fd220d7cf3d1675eccc495774b4a6","root.record.ItemExhibitList.P3AModificationItemGroup.ModificationItemList.ModificationItem.Installation.ImplementationMethodList.ImplementationMethod","d134a540fa3fd220d7cf3d1675eccc495774b4a6-0-f44373b597516310e15d61ce3a581b4d24449405"
"Air Force Active","","757","","29.85","d134a540fa3fd220d7cf3d1675eccc495774b4a6-0-6fb3ee4db46e7ec1a9db782e5ad91eb79bf87dc8","d134a540fa3fd220d7cf3d1675eccc495774b4a6","root.record.ItemExhibitList.P3AModificationItemGroup.ModificationItemList.ModificationItem.Installation.ImplementationMethodList.ImplementationMethod","d134a540fa3fd220d7cf3d1675eccc495774b4a6-1-fca085bdf6a6b791641a76ea7fabcc2fe58cc1ec"
"Air National Guard","","14","","6.863","d134a540fa3fd220d7cf3d1675eccc495774b4a6-1-1d5bbdc1eb33f6e407f2d1d4ef444ae4050190d5","d134a540fa3fd220d7cf3d1675eccc495774b4a6","root.record.ItemExhibitList.P3AModificationItemGroup.ModificationItemList.ModificationItem.Installation.ImplementationMethodList.ImplementationMethod","d134a540fa3fd220d7cf3d1675eccc495774b4a6-1-fca085bdf6a6b791641a76ea7fabcc2fe58cc1ec"
"Air Force Active","196","","0.027","","d134a540fa3fd220d7cf3d1675eccc495774b4a6-0-6035cf23c19ca4ae2d5ceb588c768909f187e5e7","d134a540fa3fd220d7cf3d1675eccc495774b4a6","root.record.ItemExhibitList.P3AModificationItemGroup.ModificationItemList.ModificationItem.Installation.ImplementationMethodList.ImplementationMethod","d134a540fa3fd220d7cf3d1675eccc495774b4a6-0-6377be9d8cc79d026c7cf0e296b595717af376e9"
"Air Force Active","782","","5.109","","d134a540fa3fd220d7cf3d1675eccc495774b4a6-0-79041060e24fb45d550b3f2facf7448f36113782","d134a540fa3fd220d7cf3d1675eccc495774b4a6","root.record.ItemExhibitList.P3AModificationItemGroup.ModificationItemList.ModificationItem.Installation.ImplementationMethodList.ImplementationMethod","d134a540fa3fd220d7cf3d1675eccc495774b4a6-1-006d3c118fae97417a9ce1e9a038b5ba2492e38e"
"Air National Guard","106","","0.015","","d134a540fa3fd220d7cf3d1675eccc495774b4a6-1-45e47ed1b67bd844eb68d35c40ab444bfa6c0fb4","d134a540fa3fd220d7cf3d1675eccc495774b4a6","root.record.ItemExhibitList.P3AModificationItemGroup.ModificationItemList.ModificationItem.Installation.ImplementationMethodList.ImplementationMethod","d134a540fa3fd220d7cf3d1675eccc495774b4a6-1-006d3c118fae97417a9ce1e9a038b5ba2492e38e"
"Air National Guard","13","","6.339","","d134a540fa3fd220d7cf3d1675eccc495774b4a6-0-f2d2defe72c271ba2935e70fa2cb3a931f678d37","d134a540fa3fd220d7cf3d1675eccc495774b4a6","root.record.ItemExhibitList.P3AModificationItemGroup.ModificationItemList.ModificationItem.Installation.ImplementationMethodList.ImplementationMethod","d134a540fa3fd220d7cf3d1675eccc495774b4a6-0-3391076311372087e46245f853488cecc5bb6f71"
"Air Force Active","","10","","0.677","d134a540fa3fd220d7cf3d1675eccc495774b4a6-0-676994a6db0f9b341eebb91f0fd90dc4116634b6","d134a540fa3fd220d7cf3d1675eccc495774b4a6","root.record.ItemExhibitList.P3AModificationItemGroup.ModificationItemList.ModificationItem.Installation.ImplementationMethodList.ImplementationMethod","d134a540fa3fd220d7cf3d1675eccc495774b4a6-0-7b3aaf63e82f4d37c4834c152c70dd270af9b546"
