"Name_val","Name_@footnote","Location_val","InitialQuantity_AdminLeadTimeBeforeOct1InMonths_val","InitialQuantity_AdminLeadTimeAfterOct1InMonths_val","InitialQuantity_ProductionLeadTimeAfterOct1InMonths_val","InitialQuantity_TotalLeadTimeAfterOct1InMonths_val","ReorderQuantity_AdminLeadTimeBeforeOct1InMonths_val","ReorderQuantity_AdminLeadTimeAfterOct1InMonths_val","ReorderQuantity_ProductionLeadTimeAfterOct1InMonths_val","ReorderQuantity_TotalLeadTimeAfterOct1InMonths_val","HistoryPlanningList_HistoryPlanning","MinimumSustainingRate_val","MaximumProductionRate_val","Rate185_val","@ROWID","@RECORDID","@PARENT","@PARENTROWID"
"TBS","","TBS","0","0","0","0","0","0","0","0","root.record.ItemExhibitList.P5Item.CostElementCategoryList.Software.Recurring.CostElementList.CostElement.ManufacturerList.Manufacturer.HistoryPlanningList-6f849759560e292ae5d1247b4513cdf075cd2cb5-0-0bdeaa2e0358aabbe50425c8d6464a053bff943e","","","","6f849759560e292ae5d1247b4513cdf075cd2cb5-0-5cab6eb5e0192e0b86f09cc9314d0837a3f8611b","6f849759560e292ae5d1247b4513cdf075cd2cb5","root.record.ItemExhibitList.P5Item.CostElementCategoryList.Software.Recurring.CostElementList.CostElement","6f849759560e292ae5d1247b4513cdf075cd2cb5-0-bed76d41e504281cb24a1a388169294048c610a5"
"CDW Government LLC","","Vernon Hills, IL","0","0","0","0","0","0","0","0","root.record.ItemExhibitList.P5Item.CostElementCategoryList.Software.Recurring.CostElementList.CostElement.ManufacturerList.Manufacturer.HistoryPlanningList-6f849759560e292ae5d1247b4513cdf075cd2cb5-0-fc79e2710f279e27e530a684a2a28f07fecf5d84","","","","6f849759560e292ae5d1247b4513cdf075cd2cb5-0-1a73cf9d9b676fed4d4a908e4395ddca628a18bf","6f849759560e292ae5d1247b4513cdf075cd2cb5","root.record.ItemExhibitList.P5Item.CostElementCategoryList.Software.Recurring.CostElementList.CostElement","6f849759560e292ae5d1247b4513cdf075cd2cb5-0-a820ca93613d8bb4038470347853cb1573f85ce3"
"TBS","","TBS","0","0","0","0","0","0","0","0","root.record.ItemExhibitList.P5Item.CostElementCategoryList.Software.Recurring.CostElementList.CostElement.ManufacturerList.Manufacturer.HistoryPlanningList-6f849759560e292ae5d1247b4513cdf075cd2cb5-1-415b3af5e32fb4b56611bff3876a122bcde7f336","","","","6f849759560e292ae5d1247b4513cdf075cd2cb5-1-076e4c33c085ae44db760365818cc05d4b174d29","6f849759560e292ae5d1247b4513cdf075cd2cb5","root.record.ItemExhibitList.P5Item.CostElementCategoryList.Software.Recurring.CostElementList.CostElement","6f849759560e292ae5d1247b4513cdf075cd2cb5-0-a820ca93613d8bb4038470347853cb1573f85ce3"
"SPAWAR","","Charleston, SC","","","","","","","","","root.record.ItemExhibitList.P5Item.CostElementCategoryList.Software.Recurring.CostElementList.CostElement.ManufacturerList.Manufacturer.HistoryPlanningList-7840686cb07df5e186811daa609df25dd32b67f0-0-2b9d73c4cd42fba9fb5947c43de60c4827d2919a","","","","7840686cb07df5e186811daa609df25dd32b67f0-0-3dd0151cf199b7989a9e1718676cd84978199d3f","7840686cb07df5e186811daa609df25dd32b67f0","root.record.ItemExhibitList.P5Item.CostElementCategoryList.Software.Recurring.CostElementList.CostElement","7840686cb07df5e186811daa609df25dd32b67f0-3-32ffa59b20818725e1b4951fc89aacbb7837e5d6"
"SPAWAR","","Charleston, SC","","","","","","","","","root.record.ItemExhibitList.P5Item.CostElementCategoryList.Software.Recurring.CostElementList.CostElement.ManufacturerList.Manufacturer.HistoryPlanningList-7840686cb07df5e186811daa609df25dd32b67f0-0-e6dd764e99baa628e9e8425e463cca115dfe9390","","","","7840686cb07df5e186811daa609df25dd32b67f0-0-bf239f8f36b84e8ca0b6835bcf59e623f891e64c","7840686cb07df5e186811daa609df25dd32b67f0","root.record.ItemExhibitList.P5Item.CostElementCategoryList.Software.Recurring.CostElementList.CostElement","7840686cb07df5e186811daa609df25dd32b67f0-5-ec8283145a7b842c082366b5606a35128750b1df"
"Multiple Sources","","Various","","","","","","","","","root.record.ItemExhibitList.P5Item.CostElementCategoryList.Software.Recurring.CostElementList.CostElement.ManufacturerList.Manufacturer.HistoryPlanningList-886f04e2ad4df52112b8d9283f21ce65f6edb2c0-0-0e1acfad75cab75298beba70bfa30c1341ed1278","","","","886f04e2ad4df52112b8d9283f21ce65f6edb2c0-0-489b65a78baf273afbfd05d9d3a4cd7d0de8bf43","886f04e2ad4df52112b8d9283f21ce65f6edb2c0","root.record.ItemExhibitList.P5Item.CostElementCategoryList.Software.Recurring.CostElementList.CostElement","886f04e2ad4df52112b8d9283f21ce65f6edb2c0-0-3e3f9c4d1b6ef58c767ae62326a943b81ef29b06"
"BMC Software Distribution IncBMC Software Distribution Inc","Multiple manufacturers (Aeorprise, Scan Store, BMC, BMX, Avaya)","San Diego, CA","","","","","","","","","root.record.ItemExhibitList.P5Item.CostElementCategoryList.Software.Recurring.CostElementList.CostElement.ManufacturerList.Manufacturer.HistoryPlanningList-886f04e2ad4df52112b8d9283f21ce65f6edb2c0-0-941d6dfecd7bc008ae1553e0ee193b3a4e5c0dfa","","","","886f04e2ad4df52112b8d9283f21ce65f6edb2c0-0-ebc170f46567239070ccb08152a1ac75dfbe2692","886f04e2ad4df52112b8d9283f21ce65f6edb2c0","root.record.ItemExhibitList.P5Item.CostElementCategoryList.Software.Recurring.CostElementList.CostElement","886f04e2ad4df52112b8d9283f21ce65f6edb2c0-1-fd20ad734d170fef1de8c824564414ee1a0321e3"
"Accenture","","Kingstowne","0","0","0","0","0","0","0","0","root.record.ItemExhibitList.P5Item.CostElementCategoryList.Software.Recurring.CostElementList.CostElement.ManufacturerList.Manufacturer.HistoryPlanningList-8c06c11f0e303a99bc3038bb9ed0312740d39b11-0-9d67210b6cf8de37758e3690f8169f226b977a53","","","","8c06c11f0e303a99bc3038bb9ed0312740d39b11-0-8e89f2a186141c5cff6fff72221978e72f02575c","8c06c11f0e303a99bc3038bb9ed0312740d39b11","root.record.ItemExhibitList.P5Item.CostElementCategoryList.Software.Recurring.CostElementList.CostElement","8c06c11f0e303a99bc3038bb9ed0312740d39b11-0-ea5d3ae8ffaadc144da8d007236aaa853d2da929"
"TBD","","TBD","0","0","0","0","0","0","0","0","root.record.ItemExhibitList.P5Item.CostElementCategoryList.Software.Recurring.CostElementList.CostElement.ManufacturerList.Manufacturer.HistoryPlanningList-8c06c11f0e303a99bc3038bb9ed0312740d39b11-1-1a88e4038d2caf9d81a3ccc921be46e7f23d1797","","","","8c06c11f0e303a99bc3038bb9ed0312740d39b11-1-633cf7eaba75721f24d3c75fc79c38ec0d282f78","8c06c11f0e303a99bc3038bb9ed0312740d39b11","root.record.ItemExhibitList.P5Item.CostElementCategoryList.Software.Recurring.CostElementList.CostElement","8c06c11f0e303a99bc3038bb9ed0312740d39b11-0-ea5d3ae8ffaadc144da8d007236aaa853d2da929"
"Harris Corporation","","Rochester, NY","0","0","0","0","0","0","0","0","root.record.ItemExhibitList.P5Item.CostElementCategoryList.Software.Recurring.CostElementList.CostElement.ManufacturerList.Manufacturer.HistoryPlanningList-a3deae4cb61de9545dddd9eca9022b9c3044b180-0-9295eca17c895d42a67ed1539ff1bd092a99e00e","0.00","0.00","0.00","a3deae4cb61de9545dddd9eca9022b9c3044b180-0-478db7f6230d2c433f26a73b67e0a9a393be11d2","a3deae4cb61de9545dddd9eca9022b9c3044b180","root.record.ItemExhibitList.P5Item.CostElementCategoryList.Software.Recurring.CostElementList.CostElement","a3deae4cb61de9545dddd9eca9022b9c3044b180-0-c32d7078b25707ef08813c7f7d98b827ee88e11d"
"DLT Solutions","","Herndon, VA","0","0","0","0","0","0","0","0","root.record.ItemExhibitList.P5Item.CostElementCategoryList.Software.Recurring.CostElementList.CostElement.ManufacturerList.Manufacturer.HistoryPlanningList-d568c6ab62b961dc0e87e8e827b15f2dbe100754-0-2c32610a8f777d79a450d6cb894d8bd90f0165d5","0.00","0.00","0.00","d568c6ab62b961dc0e87e8e827b15f2dbe100754-0-7782e583a87007ebe9e2394e43e0c76f2bd5ebec","d568c6ab62b961dc0e87e8e827b15f2dbe100754","root.record.ItemExhibitList.P5Item.CostElementCategoryList.Software.Recurring.CostElementList.CostElement","d568c6ab62b961dc0e87e8e827b15f2dbe100754-0-1251c87cb2478a95687cb53f106faf9c084147dc"
"TBD","","TBD","0","6","3","9","0","6","3","9","root.record.ItemExhibitList.P5Item.CostElementCategoryList.Software.Recurring.CostElementList.CostElement.ManufacturerList.Manufacturer.HistoryPlanningList-ebe18eae2c52042e93ac0fd63296fdca4b4e31bb-0-76a451168c8b7adab75e7202b5f1301eaf896d17","1","5","3","ebe18eae2c52042e93ac0fd63296fdca4b4e31bb-0-0d147002265969b5d9dd90d0468c54de1b3b06d6","ebe18eae2c52042e93ac0fd63296fdca4b4e31bb","root.record.ItemExhibitList.P5Item.CostElementCategoryList.Software.Recurring.CostElementList.CostElement","ebe18eae2c52042e93ac0fd63296fdca4b4e31bb-0-ec4b66d8d82d055b9b1cb5d270ea2e61b2172d16"
"Various","","Various","","","","","","","","","root.record.ItemExhibitList.P5Item.CostElementCategoryList.Software.Recurring.CostElementList.CostElement.ManufacturerList.Manufacturer.HistoryPlanningList-71b479e9d38421453be24984b4468bf79919df2b-0-24e5a2ef068a7b9f1e2424dae80292c0e4003f4a","","","","71b479e9d38421453be24984b4468bf79919df2b-0-406613449058e1af50f6c048ecc9e6ebc0e78ac6","71b479e9d38421453be24984b4468bf79919df2b","root.record.ItemExhibitList.P5Item.CostElementCategoryList.Software.Recurring.CostElementList.CostElement","71b479e9d38421453be24984b4468bf79919df2b-0-ce966e509ae0f10ba1020d400ac7599354fcfcd9"
"HP","","USA","","","","","","","","","root.record.ItemExhibitList.P5Item.CostElementCategoryList.Software.Recurring.CostElementList.CostElement.ManufacturerList.Manufacturer.HistoryPlanningList-24db7556a12306abac46ad9496675023d20beaee-0-a69b723824a3678c370ff8a37bc6aec93932d808","","","","24db7556a12306abac46ad9496675023d20beaee-0-ddae9e15d9c860d1d6f405d686c3acb12a29ad76","24db7556a12306abac46ad9496675023d20beaee","root.record.ItemExhibitList.P5Item.CostElementCategoryList.Software.Recurring.CostElementList.CostElement","24db7556a12306abac46ad9496675023d20beaee-0-dd7887d6173d21d06cc3047675e12e506e3511a3"
"Northrop Grumman Corp.","","Winter Park, FL","0","12","6","18","0","3","2","5","root.record.ItemExhibitList.P5Item.CostElementCategoryList.Software.Recurring.CostElementList.CostElement.ManufacturerList.Manufacturer.HistoryPlanningList-40d365317c2695995273930668a57d384a824c91-0-573fa78185861de2fd0bb7a47693e97c0ff8836e","1","1000","100","40d365317c2695995273930668a57d384a824c91-0-e0cd51e71af12dd80a2a2b78dadf928ac675628b","40d365317c2695995273930668a57d384a824c91","root.record.ItemExhibitList.P5Item.CostElementCategoryList.Software.Recurring.CostElementList.CostElement","40d365317c2695995273930668a57d384a824c91-1-4ebc1cc7a7954be98ddf67ba02f82be9464f6ffc"
"Northrop Grumman Corp","","Reston, VA","0","4","3","7","0","5","2","7","root.record.ItemExhibitList.P5Item.CostElementCategoryList.Software.Recurring.CostElementList.CostElement.ManufacturerList.Manufacturer.HistoryPlanningList-40d365317c2695995273930668a57d384a824c91-0-ebf2db59700ceee182266a8020af3df050b3771f","260","3000","400","40d365317c2695995273930668a57d384a824c91-0-fdf22d400fb7f1d367983f3e699d0fe2ddb254b8","40d365317c2695995273930668a57d384a824c91","root.record.ItemExhibitList.P5Item.CostElementCategoryList.Software.Recurring.CostElementList.CostElement","40d365317c2695995273930668a57d384a824c91-1-a62888e5cb6a4085264fe446588651c8b367caa8"
"TBS","","TBS","0","0","0","0","0","0","0","0","root.record.ItemExhibitList.P5Item.CostElementCategoryList.Software.Recurring.CostElementList.CostElement.ManufacturerList.Manufacturer.HistoryPlanningList-571239ea242e1e673bae4fee7eb23020af5fa084-0-e3be9a93403fb0ca1fb110e3cbd555091120d75c","","","","571239ea242e1e673bae4fee7eb23020af5fa084-0-1a3f35f66270bbf3437a88c5f825d05eb7197a59","571239ea242e1e673bae4fee7eb23020af5fa084","root.record.ItemExhibitList.P5Item.CostElementCategoryList.Software.Recurring.CostElementList.CostElement","571239ea242e1e673bae4fee7eb23020af5fa084-0-a1977deaf335931d86a3e7ea7ec5e17f9a70e2ba"
"TBS","","TBS","0","0","0","0","0","0","0","0","root.record.ItemExhibitList.P5Item.CostElementCategoryList.Software.Recurring.CostElementList.CostElement.ManufacturerList.Manufacturer.HistoryPlanningList-571239ea242e1e673bae4fee7eb23020af5fa084-0-e635398dc74840f2eba028c5067d3a4ef3a88935","","","","571239ea242e1e673bae4fee7eb23020af5fa084-0-4889c02ff90264516d5799973cfeb5670528dea0","571239ea242e1e673bae4fee7eb23020af5fa084","root.record.ItemExhibitList.P5Item.CostElementCategoryList.Software.Recurring.CostElementList.CostElement","571239ea242e1e673bae4fee7eb23020af5fa084-1-db0363ea7da49927f4437194a9b89da90f4f4e8b"
"TBS","","TBS","0","0","0","0","0","0","0","0","root.record.ItemExhibitList.P5Item.CostElementCategoryList.Software.Recurring.CostElementList.CostElement.ManufacturerList.Manufacturer.HistoryPlanningList-571239ea242e1e673bae4fee7eb23020af5fa084-0-484bbefdbfa87989d6cda4fbc7f484ab8fae1be8","","","","571239ea242e1e673bae4fee7eb23020af5fa084-0-73f71835deaac28918c08b64806ac81d1cb73c15","571239ea242e1e673bae4fee7eb23020af5fa084","root.record.ItemExhibitList.P5Item.CostElementCategoryList.Software.Recurring.CostElementList.CostElement","571239ea242e1e673bae4fee7eb23020af5fa084-0-642f2248e06eebaa9cf516cfd09911c04baf7d2f"
"Pepperweed Consulting","","PA","","","","","","","","","root.record.ItemExhibitList.P5Item.CostElementCategoryList.Software.Recurring.CostElementList.CostElement.ManufacturerList.Manufacturer.HistoryPlanningList-af5b2dca6598b8a12c85691dd6bc9f041af28eb9-0-97040ec9f3e7e639865c89203ed529dda390ccaa","","","","af5b2dca6598b8a12c85691dd6bc9f041af28eb9-0-737ed89b94ac07089248df6cfbb0ffa76f4fffc2","af5b2dca6598b8a12c85691dd6bc9f041af28eb9","root.record.ItemExhibitList.P5Item.CostElementCategoryList.Software.Recurring.CostElementList.CostElement","af5b2dca6598b8a12c85691dd6bc9f041af28eb9-1-4a1584f4f6493a34ff55baff210949d17779a9dd"
"Oracle, Inc","","CA","","","","","","","","","root.record.ItemExhibitList.P5Item.CostElementCategoryList.Software.Recurring.CostElementList.CostElement.ManufacturerList.Manufacturer.HistoryPlanningList-af5b2dca6598b8a12c85691dd6bc9f041af28eb9-0-31566ec43c2f49715b47d6a8dc8079f767f2f3c2","","","","af5b2dca6598b8a12c85691dd6bc9f041af28eb9-0-db4fca770fb4c284bc506d6c1a9d02d55dafb4fb","af5b2dca6598b8a12c85691dd6bc9f041af28eb9","root.record.ItemExhibitList.P5Item.CostElementCategoryList.Software.Recurring.CostElementList.CostElement","af5b2dca6598b8a12c85691dd6bc9f041af28eb9-3-9bbf0f7d66b07078c0d72c0dde4d5a6ab85f68c3"
"Various","","Various","","","","","","","","","root.record.ItemExhibitList.P5Item.CostElementCategoryList.Software.Recurring.CostElementList.CostElement.ManufacturerList.Manufacturer.HistoryPlanningList-af5b2dca6598b8a12c85691dd6bc9f041af28eb9-0-52317b02605b993fa0cd526090b20943262bb62a","","","","af5b2dca6598b8a12c85691dd6bc9f041af28eb9-0-24df29ca7cc5947c591938375a0031fa061daa1e","af5b2dca6598b8a12c85691dd6bc9f041af28eb9","root.record.ItemExhibitList.P5Item.CostElementCategoryList.Software.Recurring.CostElementList.CostElement","af5b2dca6598b8a12c85691dd6bc9f041af28eb9-4-138560c04d88f27e8120b74785802d8e086c6180"
"Various","","Various","","","","","","","","","root.record.ItemExhibitList.P5Item.CostElementCategoryList.Software.Recurring.CostElementList.CostElement.ManufacturerList.Manufacturer.HistoryPlanningList-b3e70f9cf193e9c7be7b5c0670756357086cfe54-0-f7b21316790d4ff08957d43fbb3d8fa3e9bb9a09","","","","b3e70f9cf193e9c7be7b5c0670756357086cfe54-0-71ea599940d12c03bdf5f6ba16ee7cead678bdc4","b3e70f9cf193e9c7be7b5c0670756357086cfe54","root.record.ItemExhibitList.P5Item.CostElementCategoryList.Software.Recurring.CostElementList.CostElement","b3e70f9cf193e9c7be7b5c0670756357086cfe54-0-9bf32b75a5385c289eea2e83d20ae2472581a0bb"
"Gov Convection","","Rockville, MD","","","","","","","","","root.record.ItemExhibitList.P5Item.CostElementCategoryList.Software.Recurring.CostElementList.CostElement.ManufacturerList.Manufacturer.HistoryPlanningList-c4bca13264676bab032e04864ef91cc2e813ea54-0-5ba089687f0e7e8b6698deac1f39094a04674d9e","","","","c4bca13264676bab032e04864ef91cc2e813ea54-0-cf3c7c2ec19b7a40f58537f5fe1930fc3699b264","c4bca13264676bab032e04864ef91cc2e813ea54","root.record.ItemExhibitList.P5Item.CostElementCategoryList.Software.Recurring.CostElementList.CostElement","c4bca13264676bab032e04864ef91cc2e813ea54-0-8f9a71daa36e7643b9b32bb794d0531e4cbd1342"
"Carasoft Technologies","","VA","","","","","","","","","root.record.ItemExhibitList.P5Item.CostElementCategoryList.Software.Recurring.CostElementList.CostElement.ManufacturerList.Manufacturer.HistoryPlanningList-c4bca13264676bab032e04864ef91cc2e813ea54-0-06e8ae69db97567dc6ed3d792bbcde529b982bb4","","","","c4bca13264676bab032e04864ef91cc2e813ea54-0-dc4804a562d21efa8f30e8e1692e88f9459ec866","c4bca13264676bab032e04864ef91cc2e813ea54","root.record.ItemExhibitList.P5Item.CostElementCategoryList.Software.Recurring.CostElementList.CostElement","c4bca13264676bab032e04864ef91cc2e813ea54-1-78c3138b0a3dfb42cd3a365a441a944b0338a03a"
"Various","","Various","","","","","","","","","root.record.ItemExhibitList.P5Item.CostElementCategoryList.Software.Recurring.CostElementList.CostElement.ManufacturerList.Manufacturer.HistoryPlanningList-32fc395bd096776a669677ac7fc8338227faacb7-0-c0c28b0a64db67a9ddd01aacfb103811974b7139","","","","32fc395bd096776a669677ac7fc8338227faacb7-0-1f334d42ebcbcab80cd454b8bf1cbcc866d8d04f","32fc395bd096776a669677ac7fc8338227faacb7","root.record.ItemExhibitList.P5Item.CostElementCategoryList.Software.Recurring.CostElementList.CostElement","32fc395bd096776a669677ac7fc8338227faacb7-0-313bfb82b64f22aaeb8ff530b9f015ba4cd2256a"
"Oracle, Inc","","CA","","","","","","","","","root.record.ItemExhibitList.P5Item.CostElementCategoryList.Software.Recurring.CostElementList.CostElement.ManufacturerList.Manufacturer.HistoryPlanningList-a175b2d139490b2b18af5e9769af4e79837591fc-0-fd06a49e5e8d751790aebafccf5ff065d35d0bcf","","","","a175b2d139490b2b18af5e9769af4e79837591fc-0-9845fbca81b76bb4dfd2aa311311d432255cd3c8","a175b2d139490b2b18af5e9769af4e79837591fc","root.record.ItemExhibitList.P5Item.CostElementCategoryList.Software.Recurring.CostElementList.CostElement","a175b2d139490b2b18af5e9769af4e79837591fc-3-08bdefc277958c463b0e5196b1fa61c83911a6de"
"Various","","Various","","","","","","","","","root.record.ItemExhibitList.P5Item.CostElementCategoryList.Software.Recurring.CostElementList.CostElement.ManufacturerList.Manufacturer.HistoryPlanningList-a175b2d139490b2b18af5e9769af4e79837591fc-0-8189a8b483adb595d00f1e224f00384b95da09ae","","","","a175b2d139490b2b18af5e9769af4e79837591fc-0-50761acfd15bdb67950e750f02b7212936eedb88","a175b2d139490b2b18af5e9769af4e79837591fc","root.record.ItemExhibitList.P5Item.CostElementCategoryList.Software.Recurring.CostElementList.CostElement","a175b2d139490b2b18af5e9769af4e79837591fc-4-bff344c14b3fa63f71fe2f339df8100912c4ad53"
"TBS","","TBS","0","0","0","0","0","0","0","0","root.record.ItemExhibitList.P5Item.CostElementCategoryList.Software.Recurring.CostElementList.CostElement.ManufacturerList.Manufacturer.HistoryPlanningList-a4b82838d22cfbf1da667ad790027d833a60a900-0-e6219597eb926c5bc66085b30bdae02b161583a5","","","","a4b82838d22cfbf1da667ad790027d833a60a900-0-ffa4235132f579bd256f8ad449a80badd498280e","a4b82838d22cfbf1da667ad790027d833a60a900","root.record.ItemExhibitList.P5Item.CostElementCategoryList.Software.Recurring.CostElementList.CostElement","a4b82838d22cfbf1da667ad790027d833a60a900-0-04339eb2147adc20a986477cee182fade46b7948"
"Dell","","Columbus, OH","0","0","0","0","0","0","0","0","root.record.ItemExhibitList.P5Item.CostElementCategoryList.Software.Recurring.CostElementList.CostElement.ManufacturerList.Manufacturer.HistoryPlanningList-a4b82838d22cfbf1da667ad790027d833a60a900-0-28971faab1a75b8a49dc6ba7fd976348b26742d3","","","","a4b82838d22cfbf1da667ad790027d833a60a900-0-007c9ef3b245193102d75aa441c08a997de2f961","a4b82838d22cfbf1da667ad790027d833a60a900","root.record.ItemExhibitList.P5Item.CostElementCategoryList.Software.Recurring.CostElementList.CostElement","a4b82838d22cfbf1da667ad790027d833a60a900-0-54a5aeafd42874ea41959d9e326408c5da764823"
"Army","","Wash DC","","","","","","","","","root.record.ItemExhibitList.P5Item.CostElementCategoryList.Software.Recurring.CostElementList.CostElement.ManufacturerList.Manufacturer.HistoryPlanningList-32b5db15db622ad4c5ac79f29e508fc93894e133-0-d05c859bbd3142391acb6fbc9a8fb39cc2d25e87","","","","32b5db15db622ad4c5ac79f29e508fc93894e133-0-acb8981f15207244b3e4be5590b04b9e5caae903","32b5db15db622ad4c5ac79f29e508fc93894e133","root.record.ItemExhibitList.P5Item.CostElementCategoryList.Software.Recurring.CostElementList.CostElement","32b5db15db622ad4c5ac79f29e508fc93894e133-0-06a54a92d1b6d204d35dbb61543c8c9e5a05decd"
"SAIC","","VA","","","","","","","","","root.record.ItemExhibitList.P5Item.CostElementCategoryList.Software.Recurring.CostElementList.CostElement.ManufacturerList.Manufacturer.HistoryPlanningList-32b5db15db622ad4c5ac79f29e508fc93894e133-0-41a9cb8fc53c21757db49e6fd1ffb475ebf5557e","","","","32b5db15db622ad4c5ac79f29e508fc93894e133-0-32ad01f5bb999e87ecf1587d082f81f2e6bb3f09","32b5db15db622ad4c5ac79f29e508fc93894e133","root.record.ItemExhibitList.P5Item.CostElementCategoryList.Software.Recurring.CostElementList.CostElement","32b5db15db622ad4c5ac79f29e508fc93894e133-1-4e6aeb91bf3b09690bfdec5d59cf8b1e770d3804"
"Army","","Wash DC","","","","","","","","","root.record.ItemExhibitList.P5Item.CostElementCategoryList.Software.Recurring.CostElementList.CostElement.ManufacturerList.Manufacturer.HistoryPlanningList-32b5db15db622ad4c5ac79f29e508fc93894e133-0-33ae59f0b6b71b148c814ce9bb13975356c1d768","","","","32b5db15db622ad4c5ac79f29e508fc93894e133-0-41d3e0ad7e5a9a995ff6389f0380c48622c9bb0e","32b5db15db622ad4c5ac79f29e508fc93894e133","root.record.ItemExhibitList.P5Item.CostElementCategoryList.Software.Recurring.CostElementList.CostElement","32b5db15db622ad4c5ac79f29e508fc93894e133-2-76cc80997844eacbf8eb2338323775c7fc80ac45"
"Army","","Wash DC","","","","","","","","","root.record.ItemExhibitList.P5Item.CostElementCategoryList.Software.Recurring.CostElementList.CostElement.ManufacturerList.Manufacturer.HistoryPlanningList-6cb75a64ac78e9fa9e4ea55cd1e4d0dbed13a9b8-0-b973b28c1158cb663de50686125dc0ede52625d3","","","","6cb75a64ac78e9fa9e4ea55cd1e4d0dbed13a9b8-0-8c689aff0efa9a5ae3e49c27af0b9f7f60e90b08","6cb75a64ac78e9fa9e4ea55cd1e4d0dbed13a9b8","root.record.ItemExhibitList.P5Item.CostElementCategoryList.Software.Recurring.CostElementList.CostElement","6cb75a64ac78e9fa9e4ea55cd1e4d0dbed13a9b8-0-aa1560cf9b3281363a13b5df6b3bf2fd367e0beb"
"SAIC","","VA","","","","","","","","","root.record.ItemExhibitList.P5Item.CostElementCategoryList.Software.Recurring.CostElementList.CostElement.ManufacturerList.Manufacturer.HistoryPlanningList-6cb75a64ac78e9fa9e4ea55cd1e4d0dbed13a9b8-0-76a97ef7eefc2d6648f320e8bc84ffd129ba4971","","","","6cb75a64ac78e9fa9e4ea55cd1e4d0dbed13a9b8-0-1d52c985b651dc99ef4faf889f218ea0ee58dd68","6cb75a64ac78e9fa9e4ea55cd1e4d0dbed13a9b8","root.record.ItemExhibitList.P5Item.CostElementCategoryList.Software.Recurring.CostElementList.CostElement","6cb75a64ac78e9fa9e4ea55cd1e4d0dbed13a9b8-1-ea6c411f252ba74f018cf70158fb1b2a08506133"
"Army","","Wash DC","","","","","","","","","root.record.ItemExhibitList.P5Item.CostElementCategoryList.Software.Recurring.CostElementList.CostElement.ManufacturerList.Manufacturer.HistoryPlanningList-6cb75a64ac78e9fa9e4ea55cd1e4d0dbed13a9b8-0-001fc1c7070614ad15b3ea59f0d40ffe6a235a7f","","","","6cb75a64ac78e9fa9e4ea55cd1e4d0dbed13a9b8-0-c5fece8234f997cb89b386d7f560ee8882856a05","6cb75a64ac78e9fa9e4ea55cd1e4d0dbed13a9b8","root.record.ItemExhibitList.P5Item.CostElementCategoryList.Software.Recurring.CostElementList.CostElement","6cb75a64ac78e9fa9e4ea55cd1e4d0dbed13a9b8-2-aa1d0c55b7d916fb0257e3d5350de7702de9c97f"
"TBS","","TBS","0","0","0","0","0","0","0","0","root.record.ItemExhibitList.P5Item.CostElementCategoryList.Software.Recurring.CostElementList.CostElement.ManufacturerList.Manufacturer.HistoryPlanningList-0204da979f3fe83eede49dd470a5931a074cade4-0-8f6f799704e1cfb2cd4f35de3731cc3dfd634994","","","","0204da979f3fe83eede49dd470a5931a074cade4-0-eb7d976c93f09e3dbf5dd3f1ee6880ef2a76ca20","0204da979f3fe83eede49dd470a5931a074cade4","root.record.ItemExhibitList.P5Item.CostElementCategoryList.Software.Recurring.CostElementList.CostElement","0204da979f3fe83eede49dd470a5931a074cade4-0-0f1370a312cc16a2d4846792e04044f77be1d273"
"SPAWAR","","Charleston, SC","","","","","","","","","root.record.ItemExhibitList.P5Item.CostElementCategoryList.Software.Recurring.CostElementList.CostElement.ManufacturerList.Manufacturer.HistoryPlanningList-12fe0d50cb9d3c84e0164209926a72357d42b4ad-0-58d79fec17dffa933f24682362bc29e54a12ef89","","","","12fe0d50cb9d3c84e0164209926a72357d42b4ad-0-59d7ab9034bca95f61fc73945bda9be5d28e9c13","12fe0d50cb9d3c84e0164209926a72357d42b4ad","root.record.ItemExhibitList.P5Item.CostElementCategoryList.Software.Recurring.CostElementList.CostElement","12fe0d50cb9d3c84e0164209926a72357d42b4ad-2-f856e8cfa203a5b62d8a0806927372419353fa8a"
"SPAWAR","","Charleston, SC","","","","","","","","","root.record.ItemExhibitList.P5Item.CostElementCategoryList.Software.Recurring.CostElementList.CostElement.ManufacturerList.Manufacturer.HistoryPlanningList-12fe0d50cb9d3c84e0164209926a72357d42b4ad-0-bb04c21f735d94bc8f8462fa7925b4c8e288c6f9","","","","12fe0d50cb9d3c84e0164209926a72357d42b4ad-0-d86294939d1e54b0318170c1d3d16fcb5ad12cab","12fe0d50cb9d3c84e0164209926a72357d42b4ad","root.record.ItemExhibitList.P5Item.CostElementCategoryList.Software.Recurring.CostElementList.CostElement","12fe0d50cb9d3c84e0164209926a72357d42b4ad-3-03f05b7149f67786a3a5e4d5b28fff1b231b633d"
"National Reconnaissance Office (NRO)","","Ogden, Utah","","","","","","","","","root.record.ItemExhibitList.P5Item.CostElementCategoryList.Software.Recurring.CostElementList.CostElement.ManufacturerList.Manufacturer.HistoryPlanningList-12fe0d50cb9d3c84e0164209926a72357d42b4ad-0-dd8e6ee40bf2125bb971667e7fd32528c7fa228f","","","","12fe0d50cb9d3c84e0164209926a72357d42b4ad-0-dacbd3d5e38fa9e4b80003d8afc9efb51475b04e","12fe0d50cb9d3c84e0164209926a72357d42b4ad","root.record.ItemExhibitList.P5Item.CostElementCategoryList.Software.Recurring.CostElementList.CostElement","12fe0d50cb9d3c84e0164209926a72357d42b4ad-4-18d7713a25d4e484c0388710d6ff3109f39fd307"
"Various","","Various","","","","","","","","","root.record.ItemExhibitList.P5Item.CostElementCategoryList.Software.Recurring.CostElementList.CostElement.ManufacturerList.Manufacturer.HistoryPlanningList-2818b05efa63a58bd4192239e2840184ddd37fdc-0-46e965235a8e69a615155b8ef3acb6c505061b56","","","","2818b05efa63a58bd4192239e2840184ddd37fdc-0-d733bed666b272076028e35ad5103abd56528711","2818b05efa63a58bd4192239e2840184ddd37fdc","root.record.ItemExhibitList.P5Item.CostElementCategoryList.Software.Recurring.CostElementList.CostElement","2818b05efa63a58bd4192239e2840184ddd37fdc-0-06afb47e53a943e62b693f8758c110514cbc7060"
"TBS","","TBS","0","0","0","0","0","0","0","0","root.record.ItemExhibitList.P5Item.CostElementCategoryList.Software.Recurring.CostElementList.CostElement.ManufacturerList.Manufacturer.HistoryPlanningList-3db90f5a9d74a859d0737c60f14fdb161ea5f5cc-0-78ade76ab459c619520531f652df04b6feb54ae9","","","","3db90f5a9d74a859d0737c60f14fdb161ea5f5cc-0-d5753568fcb972eb8ba7dc141126f6e09d12bde8","3db90f5a9d74a859d0737c60f14fdb161ea5f5cc","root.record.ItemExhibitList.P5Item.CostElementCategoryList.Software.Recurring.CostElementList.CostElement","3db90f5a9d74a859d0737c60f14fdb161ea5f5cc-0-df36e83c4c7f9e61d25796b1eb9dbcfacd73a1bd"
"TBS","","TBS","0","0","0","0","0","0","0","0","root.record.ItemExhibitList.P5Item.CostElementCategoryList.Software.Recurring.CostElementList.CostElement.ManufacturerList.Manufacturer.HistoryPlanningList-3db90f5a9d74a859d0737c60f14fdb161ea5f5cc-0-406925a600137959d9949002fdb7831cfedc2439","","","","3db90f5a9d74a859d0737c60f14fdb161ea5f5cc-0-54c9bb91d8a29b648e1e82b528e430e32e817adc","3db90f5a9d74a859d0737c60f14fdb161ea5f5cc","root.record.ItemExhibitList.P5Item.CostElementCategoryList.Software.Recurring.CostElementList.CostElement","3db90f5a9d74a859d0737c60f14fdb161ea5f5cc-0-addf003c67a93c18e197796b52affc96e17318a6"
"Snap, Inc.","","Chantilly, VA","0","0","0","0","0","0","0","0","root.record.ItemExhibitList.P5Item.CostElementCategoryList.Software.Recurring.CostElementList.CostElement.ManufacturerList.Manufacturer.HistoryPlanningList-3db90f5a9d74a859d0737c60f14fdb161ea5f5cc-0-9a062fb0dab4dd3f5c857af36867f707d13c6d59","","","","3db90f5a9d74a859d0737c60f14fdb161ea5f5cc-0-c9572c5c573d07554beabcecc12c4e156402d42d","3db90f5a9d74a859d0737c60f14fdb161ea5f5cc","root.record.ItemExhibitList.P5Item.CostElementCategoryList.Software.Recurring.CostElementList.CostElement","3db90f5a9d74a859d0737c60f14fdb161ea5f5cc-1-eb24a755781ec09f44c8449e90858f3abfdee095"
"TBS","","TBS","0","0","0","0","0","0","0","0","root.record.ItemExhibitList.P5Item.CostElementCategoryList.Software.Recurring.CostElementList.CostElement.ManufacturerList.Manufacturer.HistoryPlanningList-3db90f5a9d74a859d0737c60f14fdb161ea5f5cc-1-a7272a5ce3ff52f8735fc65632e1126e37ba887d","","","","3db90f5a9d74a859d0737c60f14fdb161ea5f5cc-1-f8eec56227955e3ed8d3b8e925ea890d7cd17776","3db90f5a9d74a859d0737c60f14fdb161ea5f5cc","root.record.ItemExhibitList.P5Item.CostElementCategoryList.Software.Recurring.CostElementList.CostElement","3db90f5a9d74a859d0737c60f14fdb161ea5f5cc-1-eb24a755781ec09f44c8449e90858f3abfdee095"
"TBD","","TBD","","","","","","","","","root.record.ItemExhibitList.P5Item.CostElementCategoryList.Software.Recurring.CostElementList.CostElement.ManufacturerList.Manufacturer.HistoryPlanningList-4456edaab08717e3ff1369eead6ea930b09f4515-0-70fbdeabd0980cbd97b246eadec21f2d8b5720d1","","","","4456edaab08717e3ff1369eead6ea930b09f4515-0-692b2badce3c5be4d2aa83c014519f985a64092e","4456edaab08717e3ff1369eead6ea930b09f4515","root.record.ItemExhibitList.P5Item.CostElementCategoryList.Software.Recurring.CostElementList.CostElement","4456edaab08717e3ff1369eead6ea930b09f4515-0-7c41a52e59e8e822574587df193610d02ce56f5f"
"TBD","","TBD","","","","","","","","","root.record.ItemExhibitList.P5Item.CostElementCategoryList.Software.Recurring.CostElementList.CostElement.ManufacturerList.Manufacturer.HistoryPlanningList-4456edaab08717e3ff1369eead6ea930b09f4515-0-e4a06738c94c7a621202f1e9f763d8f6ad9eee52","","","","4456edaab08717e3ff1369eead6ea930b09f4515-0-5583be740ba6c203e8444f02b76aa7466685382c","4456edaab08717e3ff1369eead6ea930b09f4515","root.record.ItemExhibitList.P5Item.CostElementCategoryList.Software.Recurring.CostElementList.CostElement","4456edaab08717e3ff1369eead6ea930b09f4515-1-79d2adc327d2d6248c7b72f7bfaa1b875667594d"
"Carasoft Technologies","","VA","","","","","","","","","root.record.ItemExhibitList.P5Item.CostElementCategoryList.Software.Recurring.CostElementList.CostElement.ManufacturerList.Manufacturer.HistoryPlanningList-8283ccf319639587bd900aeb33e83df5aa15024f-0-a7c05c70968ddad77480b7bfc1973fa6f0d630ee","","","","8283ccf319639587bd900aeb33e83df5aa15024f-0-cc09d611f11a7899caa1f1c16f47387b58c12633","8283ccf319639587bd900aeb33e83df5aa15024f","root.record.ItemExhibitList.P5Item.CostElementCategoryList.Software.Recurring.CostElementList.CostElement","8283ccf319639587bd900aeb33e83df5aa15024f-0-951aa24d0a4f070939c8c102759178f227b71f35"
"Pepperweed Consulting","","PA","","","","","","","","","root.record.ItemExhibitList.P5Item.CostElementCategoryList.Software.Recurring.CostElementList.CostElement.ManufacturerList.Manufacturer.HistoryPlanningList-8283ccf319639587bd900aeb33e83df5aa15024f-0-20c3496511d88be565deeaaed20812470686f73d","","","","8283ccf319639587bd900aeb33e83df5aa15024f-0-5dc30fd4f1f447c66c515fa2ebed36e3b5f592c8","8283ccf319639587bd900aeb33e83df5aa15024f","root.record.ItemExhibitList.P5Item.CostElementCategoryList.Software.Recurring.CostElementList.CostElement","8283ccf319639587bd900aeb33e83df5aa15024f-1-c5eaf7fca6d49b13118bea20b1fe7e8180c66751"
"TBD","","TBD","","","","","","","","","root.record.ItemExhibitList.P5Item.CostElementCategoryList.Software.Recurring.CostElementList.CostElement.ManufacturerList.Manufacturer.HistoryPlanningList-8283ccf319639587bd900aeb33e83df5aa15024f-1-8b0c60e455c656d56b66f4c479fdecfd0893ae7d","","","","8283ccf319639587bd900aeb33e83df5aa15024f-1-2a62f8103676a8695841221cfecd4782cd603e96","8283ccf319639587bd900aeb33e83df5aa15024f","root.record.ItemExhibitList.P5Item.CostElementCategoryList.Software.Recurring.CostElementList.CostElement","8283ccf319639587bd900aeb33e83df5aa15024f-1-c5eaf7fca6d49b13118bea20b1fe7e8180c66751"
"Mythics, Inc.","","VA","","","","","","","","","root.record.ItemExhibitList.P5Item.CostElementCategoryList.Software.Recurring.CostElementList.CostElement.ManufacturerList.Manufacturer.HistoryPlanningList-8283ccf319639587bd900aeb33e83df5aa15024f-0-31172cadb6b33dc62b04a4707ac334a7687037c6","","","","8283ccf319639587bd900aeb33e83df5aa15024f-0-a1730852babb24fdf616a3f87fc5c4807ca49bee","8283ccf319639587bd900aeb33e83df5aa15024f","root.record.ItemExhibitList.P5Item.CostElementCategoryList.Software.Recurring.CostElementList.CostElement","8283ccf319639587bd900aeb33e83df5aa15024f-2-ab130be9c7448b79e2f1700722fc4dba007d0813"
"Oracle, Inc","","CA","","","","","","","","","root.record.ItemExhibitList.P5Item.CostElementCategoryList.Software.Recurring.CostElementList.CostElement.ManufacturerList.Manufacturer.HistoryPlanningList-8283ccf319639587bd900aeb33e83df5aa15024f-0-665f1302852a0ce972f91b0b7a1afc1877cd7a08","","","","8283ccf319639587bd900aeb33e83df5aa15024f-0-3986038c39b9d2acc0d3948ebaf81d9d7d9439c7","8283ccf319639587bd900aeb33e83df5aa15024f","root.record.ItemExhibitList.P5Item.CostElementCategoryList.Software.Recurring.CostElementList.CostElement","8283ccf319639587bd900aeb33e83df5aa15024f-3-a171279258338c186ea2ce4b1f68a1cb132a419f"
"TBD","","TBD","","","","","","","","","root.record.ItemExhibitList.P5Item.CostElementCategoryList.Software.Recurring.CostElementList.CostElement.ManufacturerList.Manufacturer.HistoryPlanningList-8283ccf319639587bd900aeb33e83df5aa15024f-1-50507a30dad216c71beb1de21ac8e9a50de37067","","","","8283ccf319639587bd900aeb33e83df5aa15024f-1-b88840bfb5a621769083b6f52384a4e7db4789b2","8283ccf319639587bd900aeb33e83df5aa15024f","root.record.ItemExhibitList.P5Item.CostElementCategoryList.Software.Recurring.CostElementList.CostElement","8283ccf319639587bd900aeb33e83df5aa15024f-3-a171279258338c186ea2ce4b1f68a1cb132a419f"
"TBD","","TBD","","","","","","","","","root.record.ItemExhibitList.P5Item.CostElementCategoryList.Software.Recurring.CostElementList.CostElement.ManufacturerList.Manufacturer.HistoryPlanningList-8283ccf319639587bd900aeb33e83df5aa15024f-0-4e74e9c2c7d983f46384839f0f147d3893e7eb0d","","","","8283ccf319639587bd900aeb33e83df5aa15024f-0-907ffb336481a3adb162257f7f4038945c148b9c","8283ccf319639587bd900aeb33e83df5aa15024f","root.record.ItemExhibitList.P5Item.CostElementCategoryList.Software.Recurring.CostElementList.CostElement","8283ccf319639587bd900aeb33e83df5aa15024f-4-6a2daab5e26eb11966885f7c5746f82f50eae20a"
"Northrop Grumman","","Winter Park, FL","0","12","6","18","0","3","2","5","root.record.ItemExhibitList.P5Item.CostElementCategoryList.Software.Recurring.CostElementList.CostElement.ManufacturerList.Manufacturer.HistoryPlanningList-a62aed55d639024b216a9c1e21867513b5b72fa9-0-1d352c5ec68e90b601b4d945e6b9d72bac2e6365","1","500","8","a62aed55d639024b216a9c1e21867513b5b72fa9-0-7d1dc4b4a71f46f7b4b3919105b43a9ac8e987fd","a62aed55d639024b216a9c1e21867513b5b72fa9","root.record.ItemExhibitList.P5Item.CostElementCategoryList.Software.Recurring.CostElementList.CostElement","a62aed55d639024b216a9c1e21867513b5b72fa9-1-3e6d20875d02ccb9fd832d71d827e3e6cf3b8893"
"Northrop Grumman DMS","","Reston, VA","0","4","3","7","0","5","2","7","root.record.ItemExhibitList.P5Item.CostElementCategoryList.Software.Recurring.CostElementList.CostElement.ManufacturerList.Manufacturer.HistoryPlanningList-a62aed55d639024b216a9c1e21867513b5b72fa9-0-866449accd721b0a69c840eec0e3c3013b2382af","260","3000","400","a62aed55d639024b216a9c1e21867513b5b72fa9-0-ee13bba3a198278b8a0a303452aade1aaea1af13","a62aed55d639024b216a9c1e21867513b5b72fa9","root.record.ItemExhibitList.P5Item.CostElementCategoryList.Software.Recurring.CostElementList.CostElement","a62aed55d639024b216a9c1e21867513b5b72fa9-1-ab05e77f7f4fbe02592fc3958e9d049901baad4b"
"HP","","USA","","","","","","","","","root.record.ItemExhibitList.P5Item.CostElementCategoryList.Software.Recurring.CostElementList.CostElement.ManufacturerList.Manufacturer.HistoryPlanningList-ddd6270bf06ddfbc15d5908ddc03174192eda212-0-bea3c46c4d6134221f1ca0deeac0871dbfefe37f","","","","ddd6270bf06ddfbc15d5908ddc03174192eda212-0-ffce90743458c13f3c56aa13c8a181407738d815","ddd6270bf06ddfbc15d5908ddc03174192eda212","root.record.ItemExhibitList.P5Item.CostElementCategoryList.Software.Recurring.CostElementList.CostElement","ddd6270bf06ddfbc15d5908ddc03174192eda212-0-22c888b0e74cef775574c60e0de9e6d0557338e6"
