"Name_val","ManufacturerList_P10Manufacturer_Name_val","ManufacturerList_P10Manufacturer_Location_val","ManufacturerList_P10Manufacturer_InitialQuantity_ProductionLeadTimeAfterOct1InMonths_val","ManufacturerList_P10Manufacturer_InitialQuantity_TotalLeadTimeAfterOct1InMonths_val","ManufacturerList_P10Manufacturer_HistoryPlanningList_HistoryPlanning","WhenRequiredInMonths_val","Cost_PriorYear_TotalCost_val","Cost_CurrentYear_TotalCost_val","Cost_ToComplete_TotalCost_val","Cost_Total_TotalCost_val","Cost_AllPriorYears_TotalCost_val","Cost_BudgetYearOne_TotalCost_val","Cost_BudgetYearTwo_TotalCost_val","Cost_BudgetYearThree_TotalCost_val","Cost_BudgetYearFour_TotalCost_val","Cost_BudgetYearFive_TotalCost_val","QuantityPerAssembly_val","@ROWID","@RECORDID","@PARENT","@PARENTROWID"
"AH-64E Apache New Build","See End Item P-5A/NA","See End Item P-5A","12","12","root.record.ItemExhibitList.P10AdvanceProcurementList.P10AdvanceProcurement.APCostElementCategoryList.Other.APCostElement.ManufacturerList.P10Manufacturer.HistoryPlanningList-609dd5643637bf369bcf1a0c04f7a4f15d08390d-0-87394b43a46b804cbb8bf68cb594f1d2f58059bf","12","84.264","146.121","0","230.385","","","","","","","","609dd5643637bf369bcf1a0c04f7a4f15d08390d-0-95c08f67124f5fc5ba6d44cf3aab40ffb4103b78","609dd5643637bf369bcf1a0c04f7a4f15d08390d","root","609dd5643637bf369bcf1a0c04f7a4f15d08390d-965918afe9ff2267713419f55f79b8fe8e959c3f"
"Avionics","See End Item P-5A/NA","See End Item P-5A","15","15","root.record.ItemExhibitList.P10AdvanceProcurementList.P10AdvanceProcurement.APCostElementCategoryList.Other.APCostElement.ManufacturerList.P10Manufacturer.HistoryPlanningList-fa7aabe8701fcba95a356cc5558cb5b7a7b9f0ba-0-5d44a7b000333b566ffcc59522537d8750159dd8","16","48.382","33.338","0","266.233","59.882","39.35","40.944","40.854","3.483","","","fa7aabe8701fcba95a356cc5558cb5b7a7b9f0ba-0-4a81d2f187913cf2d29e53c19a36f7083bbdb2a9","fa7aabe8701fcba95a356cc5558cb5b7a7b9f0ba","root","fa7aabe8701fcba95a356cc5558cb5b7a7b9f0ba-d29dab6c99adac04710feeff4fa1f14b0cb03491"
"Airframe","See End Item P-5A/NA","See End Item P-5A","13","13","root.record.ItemExhibitList.P10AdvanceProcurementList.P10AdvanceProcurement.APCostElementCategoryList.Other.APCostElement.ManufacturerList.P10Manufacturer.HistoryPlanningList-fa7aabe8701fcba95a356cc5558cb5b7a7b9f0ba-1-d166641d8ea8e62c56d6bc2a735276ffa7480bb0","14","72.574","50.008","0","399.284","89.755","59.026","61.417","61.28","5.224","","","fa7aabe8701fcba95a356cc5558cb5b7a7b9f0ba-1-d0055e074a321ed886ccc213d7edf9a9960923ad","fa7aabe8701fcba95a356cc5558cb5b7a7b9f0ba","root","fa7aabe8701fcba95a356cc5558cb5b7a7b9f0ba-d29dab6c99adac04710feeff4fa1f14b0cb03491"
"Long Lead Parts","Lockheed Martin","Newtown, PA","","","root.record.ItemExhibitList.P10AdvanceProcurementList.P10AdvanceProcurement.APCostElementCategoryList.Other.APCostElement.ManufacturerList.P10Manufacturer.HistoryPlanningList-2377f3d99edfeb4d81248cb1993217a544e4cf6e-0-b12ba2b416d5c02f384f1990ca7184506e311b7a","0","81.811","82.616","352","1170.29","95.999","74.167","117.855","119.993","121.828","124.021","","2377f3d99edfeb4d81248cb1993217a544e4cf6e-0-2a25e0afcd1ca5c2e43d46dbb1ce25a6185297ad","2377f3d99edfeb4d81248cb1993217a544e4cf6e","root","2377f3d99edfeb4d81248cb1993217a544e4cf6e-21f70d2f01bd9c68acace8be5d034a0aff023355"
"GEO 3 Long Lead","","","","","","0","0","0","0","269.419","269.419","0","0","0","0","0","","70cb66af7e62688b7f8bc5487e2fb6ccb5f456e6-0-ed233cefd09579a9c18715c922082386ee3f5fb3","70cb66af7e62688b7f8bc5487e2fb6ccb5f456e6","root","70cb66af7e62688b7f8bc5487e2fb6ccb5f456e6-3f32c266aef149a2fb7ba1f68413b5313e03af3f"
"GEO 4 Long Lead","","","","","","0","0","0","0","275.709","275.709","0","0","0","0","0","","70cb66af7e62688b7f8bc5487e2fb6ccb5f456e6-1-9881af443c7bc95e3c0c5c048bc1b9faebe53ffd","70cb66af7e62688b7f8bc5487e2fb6ccb5f456e6","root","70cb66af7e62688b7f8bc5487e2fb6ccb5f456e6-3f32c266aef149a2fb7ba1f68413b5313e03af3f"
"GEO 5 & 6 Long Lead","","","","","","0","243.5","0","0","486.996","243.496","0","0","0","0","0","","70cb66af7e62688b7f8bc5487e2fb6ccb5f456e6-2-79161655891ee48c731e93492d55a95e444fdba7","70cb66af7e62688b7f8bc5487e2fb6ccb5f456e6","root","70cb66af7e62688b7f8bc5487e2fb6ccb5f456e6-3f32c266aef149a2fb7ba1f68413b5313e03af3f"
"HEO 3 Long Lead","","","","","","0","0","0","0","124.555","124.555","0","0","0","0","0","","70cb66af7e62688b7f8bc5487e2fb6ccb5f456e6-3-ba18f2b27c4e9b3b6df0387c773fd9cdcf12190d","70cb66af7e62688b7f8bc5487e2fb6ccb5f456e6","root","70cb66af7e62688b7f8bc5487e2fb6ccb5f456e6-3f32c266aef149a2fb7ba1f68413b5313e03af3f"
"HEO 4 Long Lead","","","","","","0","0","0","0","53.596","53.596","0","0","0","0","0","","70cb66af7e62688b7f8bc5487e2fb6ccb5f456e6-4-d4bf5b18a52244358ba321f8d6086325e9658840","70cb66af7e62688b7f8bc5487e2fb6ccb5f456e6","root","70cb66af7e62688b7f8bc5487e2fb6ccb5f456e6-3f32c266aef149a2fb7ba1f68413b5313e03af3f"
"AH-64E Apache New Build","See End Item P-5A/NA","See End Item P-5A","12","12","root.record.ItemExhibitList.P10AdvanceProcurementList.P10AdvanceProcurement.APCostElementCategoryList.Other.APCostElement.ManufacturerList.P10Manufacturer.HistoryPlanningList-8eab77e98dba5c3a2c5ba60d80edf458f74170f7-0-f5102dfd1363e0f7462513de303b8cf696f37d03","12","84.264","146.121","0","230.385","","","","","","","","8eab77e98dba5c3a2c5ba60d80edf458f74170f7-0-3b6db55ae928bdc2f674c94228210e88eff66b5e","8eab77e98dba5c3a2c5ba60d80edf458f74170f7","root","8eab77e98dba5c3a2c5ba60d80edf458f74170f7-328ddb03efa8edbef2ba06b56e215620862bb404"
"CFE Airframe","See End Item P-5A/NA","See End Item P-5A","18","18","root.record.ItemExhibitList.P10AdvanceProcurementList.P10AdvanceProcurement.APCostElementCategoryList.Other.APCostElement.ManufacturerList.P10Manufacturer.HistoryPlanningList-b4449fc2a1b2857ca0dbc1aa8f4b97361ca7417d-0-b0f9cb0e1506d45d3b94859ae8f1b3ee64cc42e1","6","147.041","36.73","0","802.182","323.033","35.205","33.984","62.173","164.016","","1","b4449fc2a1b2857ca0dbc1aa8f4b97361ca7417d-0-4ff92b252a26d180f40e108336285b10fd8201fe","b4449fc2a1b2857ca0dbc1aa8f4b97361ca7417d","root","b4449fc2a1b2857ca0dbc1aa8f4b97361ca7417d-e4f12f9d04d3c801ef3b16a96ad6dbf4ce039c40"
"Auxiliary Power Unit","See End Item P-5A/NA","See End Item P-5A","6","6","root.record.ItemExhibitList.P10AdvanceProcurementList.P10AdvanceProcurement.APCostElementCategoryList.Other.APCostElement.ManufacturerList.P10Manufacturer.HistoryPlanningList-b4449fc2a1b2857ca0dbc1aa8f4b97361ca7417d-1-211a6a280e7885a85dc1eadd8d1e8787ff1824dd","3","2.57","3.82","0","40.802","17.012","4.133","5.021","3.764","4.482","","1","b4449fc2a1b2857ca0dbc1aa8f4b97361ca7417d-1-ee41ff43a33fe9b7a0060b180c6f27e7cb05497c","b4449fc2a1b2857ca0dbc1aa8f4b97361ca7417d","root","b4449fc2a1b2857ca0dbc1aa8f4b97361ca7417d-e4f12f9d04d3c801ef3b16a96ad6dbf4ce039c40"
"Engines","See End Item P-5A/NA","See End Item P-5A","14","14","root.record.ItemExhibitList.P10AdvanceProcurementList.P10AdvanceProcurement.APCostElementCategoryList.Other.APCostElement.ManufacturerList.P10Manufacturer.HistoryPlanningList-b4449fc2a1b2857ca0dbc1aa8f4b97361ca7417d-2-3231a79e416a841023bf5046669525794b29457f","3","41.86","62.213","0","649.549","278.946","63.301","76.901","57.654","68.674","","2","b4449fc2a1b2857ca0dbc1aa8f4b97361ca7417d-2-04ead37135638266928fc449c1bd8d3bfc2cdf39","b4449fc2a1b2857ca0dbc1aa8f4b97361ca7417d","root","b4449fc2a1b2857ca0dbc1aa8f4b97361ca7417d-e4f12f9d04d3c801ef3b16a96ad6dbf4ce039c40"
"EGI","See End Item P-5A/NA","See End Item P-5A","12","12","root.record.ItemExhibitList.P10AdvanceProcurementList.P10AdvanceProcurement.APCostElementCategoryList.Other.APCostElement.ManufacturerList.P10Manufacturer.HistoryPlanningList-b4449fc2a1b2857ca0dbc1aa8f4b97361ca7417d-3-763be12280460fedf254dce9879e8166fd28d17e","3","6.38","9.482","0","103.868","44.809","10.259","12.463","9.344","11.131","","2","b4449fc2a1b2857ca0dbc1aa8f4b97361ca7417d-3-46c804f6cb6353e492a321dded29dd1042df8606","b4449fc2a1b2857ca0dbc1aa8f4b97361ca7417d","root","b4449fc2a1b2857ca0dbc1aa8f4b97361ca7417d-e4f12f9d04d3c801ef3b16a96ad6dbf4ce039c40"
"Heads Up Display AVS-7","See End Item P-5A/NA","See End Item P-5A","9","9","root.record.ItemExhibitList.P10AdvanceProcurementList.P10AdvanceProcurement.APCostElementCategoryList.Other.APCostElement.ManufacturerList.P10Manufacturer.HistoryPlanningList-b4449fc2a1b2857ca0dbc1aa8f4b97361ca7417d-4-b6a0541488593ea5ecb23b8694b08e41d7f22a83","3","1.93","2.868","0","31.722","13.86","3.103","3.769","2.826","3.366","","1","b4449fc2a1b2857ca0dbc1aa8f4b97361ca7417d-4-ac178a7edeb64feaeacccba7cfc3109d2df79e82","b4449fc2a1b2857ca0dbc1aa8f4b97361ca7417d","root","b4449fc2a1b2857ca0dbc1aa8f4b97361ca7417d-e4f12f9d04d3c801ef3b16a96ad6dbf4ce039c40"
"Hover Infrared Suppressor","See End Item P-5A/NA","See End Item P-5A","14","14","root.record.ItemExhibitList.P10AdvanceProcurementList.P10AdvanceProcurement.APCostElementCategoryList.Other.APCostElement.ManufacturerList.P10Manufacturer.HistoryPlanningList-b4449fc2a1b2857ca0dbc1aa8f4b97361ca7417d-5-d7208c6841b5d2077fdadf541dfbb19a3165fac4","3","","","0","25.361","25.361","","","","","","","b4449fc2a1b2857ca0dbc1aa8f4b97361ca7417d-5-6b05b4aaa67e80d92d01c039a55fbff0c2137e93","b4449fc2a1b2857ca0dbc1aa8f4b97361ca7417d","root","b4449fc2a1b2857ca0dbc1aa8f4b97361ca7417d-e4f12f9d04d3c801ef3b16a96ad6dbf4ce039c40"
"Miscellaneous","See End Item P-5A/NA","See End Item P-5A","12","12","root.record.ItemExhibitList.P10AdvanceProcurementList.P10AdvanceProcurement.APCostElementCategoryList.Other.APCostElement.ManufacturerList.P10Manufacturer.HistoryPlanningList-b4449fc2a1b2857ca0dbc1aa8f4b97361ca7417d-6-8c64a8be33a4f03b60c2adad5036b0c067883319","3","","","1402.838","1418.489","15.651","","","","","","","b4449fc2a1b2857ca0dbc1aa8f4b97361ca7417d-6-63f6ed0c4f34ebf107a1d18179c86258793049fd","b4449fc2a1b2857ca0dbc1aa8f4b97361ca7417d","root","b4449fc2a1b2857ca0dbc1aa8f4b97361ca7417d-e4f12f9d04d3c801ef3b16a96ad6dbf4ce039c40"
"Apache Block III - Reman","See End Item P-5A/NA","See End Item P-5A","12","12","root.record.ItemExhibitList.P10AdvanceProcurementList.P10AdvanceProcurement.APCostElementCategoryList.Other.APCostElement.ManufacturerList.P10Manufacturer.HistoryPlanningList-fb4ccd478ddfa35ae3650b55eaf9439a6260afb3-0-1523234fb44e3ff1f72e7cc56b9b48d8645b3bf4","12","192.764","107.707","943.506","2261.075","229.49","150.931","157.338","159.993","158.814","160.532","","fb4ccd478ddfa35ae3650b55eaf9439a6260afb3-0-27527434332900d6da74d3b2d7e0da01c80e4fbd","fb4ccd478ddfa35ae3650b55eaf9439a6260afb3","root","fb4ccd478ddfa35ae3650b55eaf9439a6260afb3-a8c90f650cdbe4aaa8e1d7d77080bd0d33ce9e08"
"Avionics","See End Item P-5A/NA","See End Item P-5A","15","15","root.record.ItemExhibitList.P10AdvanceProcurementList.P10AdvanceProcurement.APCostElementCategoryList.Other.APCostElement.ManufacturerList.P10Manufacturer.HistoryPlanningList-fcec6112c88d0f18a04896b69667bcc45d3bfb50-0-b16f347d21b25c79ca656d97c1c6c3b247442349","16","48.382","33.338","0","266.233","59.882","39.35","40.944","40.854","3.483","","","fcec6112c88d0f18a04896b69667bcc45d3bfb50-0-45d3432a6b99284847fda92b900f61212214f216","fcec6112c88d0f18a04896b69667bcc45d3bfb50","root","fcec6112c88d0f18a04896b69667bcc45d3bfb50-b3b0952511bc148e3be02e0c122b8c0ffd7a03bf"
"Airframe","See End Item P-5A/NA","See End Item P-5A","13","13","root.record.ItemExhibitList.P10AdvanceProcurementList.P10AdvanceProcurement.APCostElementCategoryList.Other.APCostElement.ManufacturerList.P10Manufacturer.HistoryPlanningList-fcec6112c88d0f18a04896b69667bcc45d3bfb50-1-a360aa9b8a6249c6be7a6d66fc1b3bea3138bd2f","14","72.574","50.008","0","399.284","89.755","59.026","61.417","61.28","5.224","","","fcec6112c88d0f18a04896b69667bcc45d3bfb50-1-639e662847c79d8d90bc5481f820be55a7252db0","fcec6112c88d0f18a04896b69667bcc45d3bfb50","root","fcec6112c88d0f18a04896b69667bcc45d3bfb50-b3b0952511bc148e3be02e0c122b8c0ffd7a03bf"
"Warhead","See End Item P-5A/NA","See End Item P-5A","19","19","root.record.ItemExhibitList.P10AdvanceProcurementList.P10AdvanceProcurement.APCostElementCategoryList.Other.APCostElement.ManufacturerList.P10Manufacturer.HistoryPlanningList-fd236e9df7cbfb0fc31e62ffb3af145f3de8178e-0-c97a1341aac5b3322fa5e25c5f3b104d58cd5fda","19","6.92","6.965","0","27.902","","6.999","7.018","","","","0","fd236e9df7cbfb0fc31e62ffb3af145f3de8178e-0-856bd8fe5ae24e26eb47eb5a1ecb0e4301029c71","fd236e9df7cbfb0fc31e62ffb3af145f3de8178e","root","fd236e9df7cbfb0fc31e62ffb3af145f3de8178e-a4e0380907ac3cbdb01e7b1913e3e3ef7dd16dd9"
"Launch Motor","See End Item P-5A/NA","See End Item P-5A","14","14","root.record.ItemExhibitList.P10AdvanceProcurementList.P10AdvanceProcurement.APCostElementCategoryList.Other.APCostElement.ManufacturerList.P10Manufacturer.HistoryPlanningList-fd236e9df7cbfb0fc31e62ffb3af145f3de8178e-1-ea755685409be368fb323fef2203867dd2e8e2e7","14","0.905","0.905","0","3.62","","0.905","0.905","","","","0","fd236e9df7cbfb0fc31e62ffb3af145f3de8178e-1-39fd96d2d9a52af342a79746c6e4e3d341086c2b","fd236e9df7cbfb0fc31e62ffb3af145f3de8178e","root","fd236e9df7cbfb0fc31e62ffb3af145f3de8178e-a4e0380907ac3cbdb01e7b1913e3e3ef7dd16dd9"
"Flight Motor","See End Item P-5A/NA","See End Item P-5A","12","12","root.record.ItemExhibitList.P10AdvanceProcurementList.P10AdvanceProcurement.APCostElementCategoryList.Other.APCostElement.ManufacturerList.P10Manufacturer.HistoryPlanningList-fd236e9df7cbfb0fc31e62ffb3af145f3de8178e-2-5816b30ec1c2d81482e14566045175bad94ea2a7","12","0.17","0.17","0","0.68","","0.17","0.17","","","","0","fd236e9df7cbfb0fc31e62ffb3af145f3de8178e-2-4e4eea90951459acbea51cc604a5960337fd3fc8","fd236e9df7cbfb0fc31e62ffb3af145f3de8178e","root","fd236e9df7cbfb0fc31e62ffb3af145f3de8178e-a4e0380907ac3cbdb01e7b1913e3e3ef7dd16dd9"
"2B Sensor","See End Item P-5A/NA","See End Item P-5A","18","18","root.record.ItemExhibitList.P10AdvanceProcurementList.P10AdvanceProcurement.APCostElementCategoryList.Other.APCostElement.ManufacturerList.P10Manufacturer.HistoryPlanningList-fd236e9df7cbfb0fc31e62ffb3af145f3de8178e-3-abd655ee763698b27b86e870044af883c095e93d","18","8.533","8.533","0","34.132","","8.533","8.533","","","","0","fd236e9df7cbfb0fc31e62ffb3af145f3de8178e-3-7348ac5ff826469da98c45fda9e47a0fb2cc1a52","fd236e9df7cbfb0fc31e62ffb3af145f3de8178e","root","fd236e9df7cbfb0fc31e62ffb3af145f3de8178e-a4e0380907ac3cbdb01e7b1913e3e3ef7dd16dd9"
"Gyro","See End Item P-5A/NA","See End Item P-5A","13","13","root.record.ItemExhibitList.P10AdvanceProcurementList.P10AdvanceProcurement.APCostElementCategoryList.Other.APCostElement.ManufacturerList.P10Manufacturer.HistoryPlanningList-fd236e9df7cbfb0fc31e62ffb3af145f3de8178e-4-34b2e57290c49d4a21af7a8bf7b084dda0b6a1d3","13","1.548","1.548","0","6.192","","1.548","1.548","","","","0","fd236e9df7cbfb0fc31e62ffb3af145f3de8178e-4-13fd141061a241642b82834209be4497634a4578","fd236e9df7cbfb0fc31e62ffb3af145f3de8178e","root","fd236e9df7cbfb0fc31e62ffb3af145f3de8178e-a4e0380907ac3cbdb01e7b1913e3e3ef7dd16dd9"
"Flight Motor Case Kit","See End Item P-5A/NA","See End Item P-5A","10","10","root.record.ItemExhibitList.P10AdvanceProcurementList.P10AdvanceProcurement.APCostElementCategoryList.Other.APCostElement.ManufacturerList.P10Manufacturer.HistoryPlanningList-fd236e9df7cbfb0fc31e62ffb3af145f3de8178e-5-1d86d77307f5b240790c51e3d6eb3a9a98aef4d4","10","0.351","0.351","0","1.404","","0.351","0.351","","","","0","fd236e9df7cbfb0fc31e62ffb3af145f3de8178e-5-cdd480a4cd0cd8eb78a2ab7d344bfe4c66b8fc82","fd236e9df7cbfb0fc31e62ffb3af145f3de8178e","root","fd236e9df7cbfb0fc31e62ffb3af145f3de8178e-a4e0380907ac3cbdb01e7b1913e3e3ef7dd16dd9"
"Control Surface Actuators","See End Item P-5A/NA","See End Item P-5A","13","13","root.record.ItemExhibitList.P10AdvanceProcurementList.P10AdvanceProcurement.APCostElementCategoryList.Other.APCostElement.ManufacturerList.P10Manufacturer.HistoryPlanningList-fd236e9df7cbfb0fc31e62ffb3af145f3de8178e-6-ca92fc05ea7bf971bd309f9e776fb9128b92bece","13","0.916","0.916","0","3.664","","0.916","0.916","","","","0","fd236e9df7cbfb0fc31e62ffb3af145f3de8178e-6-09a967f8e437af4a1b37236c825ff83c23a45f12","fd236e9df7cbfb0fc31e62ffb3af145f3de8178e","root","fd236e9df7cbfb0fc31e62ffb3af145f3de8178e-a4e0380907ac3cbdb01e7b1913e3e3ef7dd16dd9"
"Beacon Shutter Actuator","See End Item P-5A/NA","See End Item P-5A","11","11","root.record.ItemExhibitList.P10AdvanceProcurementList.P10AdvanceProcurement.APCostElementCategoryList.Other.APCostElement.ManufacturerList.P10Manufacturer.HistoryPlanningList-fd236e9df7cbfb0fc31e62ffb3af145f3de8178e-7-561fdef8f49ee0d1223cc266e3ebe11c556411aa","11","0.543","0.543","0","2.172","","0.543","0.543","","","","0","fd236e9df7cbfb0fc31e62ffb3af145f3de8178e-7-ff577ebefbb8e41fb123cb43f98027d931891f44","fd236e9df7cbfb0fc31e62ffb3af145f3de8178e","root","fd236e9df7cbfb0fc31e62ffb3af145f3de8178e-a4e0380907ac3cbdb01e7b1913e3e3ef7dd16dd9"
"Parts Obsolescence Study","","","","","","0","0","0","0","5","5","0","0","0","0","0","","0b8980caf4046a422e4c103a160b7ba165276f60-0-3d1b87416b0c497e85a6890775f2be34b18694ea","0b8980caf4046a422e4c103a160b7ba165276f60","root","0b8980caf4046a422e4c103a160b7ba165276f60-4ec3b5e3c4378dad2b2aa2e13259506026407d90"
"Advance Funding","","","","","","0","227.172","0","0","1081.205","380.438","0","0","0","227.119","246.476","","0b8980caf4046a422e4c103a160b7ba165276f60-1-3135416b0eb92da6f26207bc772afba852f4d5c4","0b8980caf4046a422e4c103a160b7ba165276f60","root","0b8980caf4046a422e4c103a160b7ba165276f60-4ec3b5e3c4378dad2b2aa2e13259506026407d90"
"Advance Funding","","","","","","0","57.788","0","0","258.332","200.544","0","0","0","0","0","","36dd7c47051ca01f0d0576d928daeadf29a51b02-0-84d1fdea79bad76420cb31137fd4633997da03b5","36dd7c47051ca01f0d0576d928daeadf29a51b02","root","36dd7c47051ca01f0d0576d928daeadf29a51b02-21d46eed016989048e47beb88bf8944ebef67a06"
"Apache Block III - Reman","See End Item P-5A/NA","See End Item P-5A","","","root.record.ItemExhibitList.P10AdvanceProcurementList.P10AdvanceProcurement.APCostElementCategoryList.Other.APCostElement.ManufacturerList.P10Manufacturer.HistoryPlanningList-3f982f61065cd1490923e9444f0f81f17d6de7ba-0-0fd62351c0ceaa00208e8cdb0c92be3a3d056984","12","160.237","192.764","","","69.253","107.707","","","","","","3f982f61065cd1490923e9444f0f81f17d6de7ba-0-3ffa4e569fbd91f2add1efbe8d34bc16b2f7d5cc","3f982f61065cd1490923e9444f0f81f17d6de7ba","root","3f982f61065cd1490923e9444f0f81f17d6de7ba-86dc983e8bd47583c14ae3c9611bad3749148308"
"Avionics","See End Item P-5A/NA","See End Item P-5A","","","root.record.ItemExhibitList.P10AdvanceProcurementList.P10AdvanceProcurement.APCostElementCategoryList.Other.APCostElement.ManufacturerList.P10Manufacturer.HistoryPlanningList-ad8671529aaa352c15418ae9251c31eca786a0a6-0-8ee763a6dce8b057f443f56f4d9472f522ddc823","16","26.543","48.382","","","33.339","33.338","","","","","","ad8671529aaa352c15418ae9251c31eca786a0a6-0-ccf391d251f4068a4ee39ca5752b8c6ea5ba351f","ad8671529aaa352c15418ae9251c31eca786a0a6","root","ad8671529aaa352c15418ae9251c31eca786a0a6-52af090e2fc23e0ea9f75318e87eba05ee01af00"
"Airframe","See End Item P-5A/NA","See End Item P-5A","","","root.record.ItemExhibitList.P10AdvanceProcurementList.P10AdvanceProcurement.APCostElementCategoryList.Other.APCostElement.ManufacturerList.P10Manufacturer.HistoryPlanningList-ad8671529aaa352c15418ae9251c31eca786a0a6-1-4aff935aac44f17f428263b977d1756325d644c3","14","39.815","72.574","","","49.94","50.008","","","","","","ad8671529aaa352c15418ae9251c31eca786a0a6-1-cb2d6fe16eedb6b15e193a48bcc44c1d6ded1efd","ad8671529aaa352c15418ae9251c31eca786a0a6","root","ad8671529aaa352c15418ae9251c31eca786a0a6-52af090e2fc23e0ea9f75318e87eba05ee01af00"
"CFE Airframe","See End Item P-5A/NA","See End Item P-5A","","","root.record.ItemExhibitList.P10AdvanceProcurementList.P10AdvanceProcurement.APCostElementCategoryList.Other.APCostElement.ManufacturerList.P10Manufacturer.HistoryPlanningList-af598d1d35233fb46a03a86fbd43f34c89e6e7ee-0-26ad8c5f91b2b0be12ab2f0417b965dd501ae20b","6","52.18","147.041","","","2820.52","36.73","","","","","1","af598d1d35233fb46a03a86fbd43f34c89e6e7ee-0-cbe57f0824bab09816519e831f476ef6bb85cee4","af598d1d35233fb46a03a86fbd43f34c89e6e7ee","root","af598d1d35233fb46a03a86fbd43f34c89e6e7ee-d132439708e5738dbf7669d9ef498ec596c42914"
"Auxiliary Power Unit","See End Item P-5A/NA","See End Item P-5A","","","root.record.ItemExhibitList.P10AdvanceProcurementList.P10AdvanceProcurement.APCostElementCategoryList.Other.APCostElement.ManufacturerList.P10Manufacturer.HistoryPlanningList-af598d1d35233fb46a03a86fbd43f34c89e6e7ee-1-902827dc7eed178b5b73e0d34ad127d035b7a57e","3","2.328","2.57","","","14.619","3.82","","","","","1","af598d1d35233fb46a03a86fbd43f34c89e6e7ee-1-ef78bba347bc791e5143ec3fdfc52b3a09563231","af598d1d35233fb46a03a86fbd43f34c89e6e7ee","root","af598d1d35233fb46a03a86fbd43f34c89e6e7ee-d132439708e5738dbf7669d9ef498ec596c42914"
"Engines","See End Item P-5A/NA","See End Item P-5A","","","root.record.ItemExhibitList.P10AdvanceProcurementList.P10AdvanceProcurement.APCostElementCategoryList.Other.APCostElement.ManufacturerList.P10Manufacturer.HistoryPlanningList-af598d1d35233fb46a03a86fbd43f34c89e6e7ee-2-8ecca03c2a32d324bca4eb75f8e8f9f01814a5f5","3","37.926","41.86","","","234","62.213","","","","","2","af598d1d35233fb46a03a86fbd43f34c89e6e7ee-2-8091d5b8a4de6f97fbfc51c684ac4a1e4a32b982","af598d1d35233fb46a03a86fbd43f34c89e6e7ee","root","af598d1d35233fb46a03a86fbd43f34c89e6e7ee-d132439708e5738dbf7669d9ef498ec596c42914"
"EGI","See End Item P-5A/NA","See End Item P-5A","","","root.record.ItemExhibitList.P10AdvanceProcurementList.P10AdvanceProcurement.APCostElementCategoryList.Other.APCostElement.ManufacturerList.P10Manufacturer.HistoryPlanningList-af598d1d35233fb46a03a86fbd43f34c89e6e7ee-3-9daf59a14c55844db889c649abb667bd2a5fda83","3","5.78","6.38","","","38.866","9.482","","","","","2","af598d1d35233fb46a03a86fbd43f34c89e6e7ee-3-6b7d3a210ec51837579f6e82f01be6105f1c7f35","af598d1d35233fb46a03a86fbd43f34c89e6e7ee","root","af598d1d35233fb46a03a86fbd43f34c89e6e7ee-d132439708e5738dbf7669d9ef498ec596c42914"
"Heads Up Display AVS-7","See End Item P-5A/NA","See End Item P-5A","","","root.record.ItemExhibitList.P10AdvanceProcurementList.P10AdvanceProcurement.APCostElementCategoryList.Other.APCostElement.ManufacturerList.P10Manufacturer.HistoryPlanningList-af598d1d35233fb46a03a86fbd43f34c89e6e7ee-4-264e3d419dd80230c1c3bba1b41fbee6d5b85413","3","1.748","1.93","","","12.064","2.868","","","","","1","af598d1d35233fb46a03a86fbd43f34c89e6e7ee-4-b2dc2053dfcc38307497135c801d9fb0630c284f","af598d1d35233fb46a03a86fbd43f34c89e6e7ee","root","af598d1d35233fb46a03a86fbd43f34c89e6e7ee-d132439708e5738dbf7669d9ef498ec596c42914"
"Hover Infrared Suppressor","See End Item P-5A/NA","See End Item P-5A","","","root.record.ItemExhibitList.P10AdvanceProcurementList.P10AdvanceProcurement.APCostElementCategoryList.Other.APCostElement.ManufacturerList.P10Manufacturer.HistoryPlanningList-af598d1d35233fb46a03a86fbd43f34c89e6e7ee-5-c7b6a8b320d0bc46f9b01b07d51d679e52239843","3","","","","","28.2","","","","","","","af598d1d35233fb46a03a86fbd43f34c89e6e7ee-5-9d8b269392c3c7973be6ee82abbb7a6abd5aa03e","af598d1d35233fb46a03a86fbd43f34c89e6e7ee","root","af598d1d35233fb46a03a86fbd43f34c89e6e7ee-d132439708e5738dbf7669d9ef498ec596c42914"
"Miscellaneous","See End Item P-5A/NA","See End Item P-5A","","","root.record.ItemExhibitList.P10AdvanceProcurementList.P10AdvanceProcurement.APCostElementCategoryList.Other.APCostElement.ManufacturerList.P10Manufacturer.HistoryPlanningList-af598d1d35233fb46a03a86fbd43f34c89e6e7ee-6-a9f9aefe1db912302801010c25c84e778068df2c","3","","","","","1.914","","","","","","","af598d1d35233fb46a03a86fbd43f34c89e6e7ee-6-1dedb7b94a9c28d4a74042c4522e714168f511de","af598d1d35233fb46a03a86fbd43f34c89e6e7ee","root","af598d1d35233fb46a03a86fbd43f34c89e6e7ee-d132439708e5738dbf7669d9ef498ec596c42914"
"Warhead","See End Item P-5A/NA","See End Item P-5A","","","root.record.ItemExhibitList.P10AdvanceProcurementList.P10AdvanceProcurement.APCostElementCategoryList.Other.APCostElement.ManufacturerList.P10Manufacturer.HistoryPlanningList-b93989c6336f6fbb452a80d1ddd668f34b70ef5d-0-b70854fcaa2ec8b2a748d67fd570b0ae812fdddb","19","","7.687","","","","7.698","","","","","1","b93989c6336f6fbb452a80d1ddd668f34b70ef5d-0-13b4b57dbeb5ba6569a40af1e6026a757d44c091","b93989c6336f6fbb452a80d1ddd668f34b70ef5d","root","b93989c6336f6fbb452a80d1ddd668f34b70ef5d-567329f3c907a1eee1650be9d49c7dfd0f985270"
"Launch Motor","See End Item P-5A/NA","See End Item P-5A","","","root.record.ItemExhibitList.P10AdvanceProcurementList.P10AdvanceProcurement.APCostElementCategoryList.Other.APCostElement.ManufacturerList.P10Manufacturer.HistoryPlanningList-b93989c6336f6fbb452a80d1ddd668f34b70ef5d-1-4720cfd389eac9d04ad23bf92909593d52a02d51","14","","1.547","","","","1.537","","","","","1","b93989c6336f6fbb452a80d1ddd668f34b70ef5d-1-e4f08603a504f55e8baa672824234cd8fbea2773","b93989c6336f6fbb452a80d1ddd668f34b70ef5d","root","b93989c6336f6fbb452a80d1ddd668f34b70ef5d-567329f3c907a1eee1650be9d49c7dfd0f985270"
"Flight Motor","See End Item P-5A/NA","See End Item P-5A","","","root.record.ItemExhibitList.P10AdvanceProcurementList.P10AdvanceProcurement.APCostElementCategoryList.Other.APCostElement.ManufacturerList.P10Manufacturer.HistoryPlanningList-b93989c6336f6fbb452a80d1ddd668f34b70ef5d-2-c8c97ced2e145c728d38494a3535a04bc5224538","12","","0.291","","","","0.289","","","","","1","b93989c6336f6fbb452a80d1ddd668f34b70ef5d-2-4e7944dc7ba9b5fdb33aa9849c70a1e157936416","b93989c6336f6fbb452a80d1ddd668f34b70ef5d","root","b93989c6336f6fbb452a80d1ddd668f34b70ef5d-567329f3c907a1eee1650be9d49c7dfd0f985270"
"2B Sensor","See End Item P-5A/NA","See End Item P-5A","","","root.record.ItemExhibitList.P10AdvanceProcurementList.P10AdvanceProcurement.APCostElementCategoryList.Other.APCostElement.ManufacturerList.P10Manufacturer.HistoryPlanningList-b93989c6336f6fbb452a80d1ddd668f34b70ef5d-3-149d0add15a5b7ca7b1b1015aa62efef73c2e8d5","18","","4.623","","","","4.705","","","","","1","b93989c6336f6fbb452a80d1ddd668f34b70ef5d-3-9d207df40da1322370aed69ff67640c9f668eb06","b93989c6336f6fbb452a80d1ddd668f34b70ef5d","root","b93989c6336f6fbb452a80d1ddd668f34b70ef5d-567329f3c907a1eee1650be9d49c7dfd0f985270"
"Gyro","See End Item P-5A/NA","See End Item P-5A","","","root.record.ItemExhibitList.P10AdvanceProcurementList.P10AdvanceProcurement.APCostElementCategoryList.Other.APCostElement.ManufacturerList.P10Manufacturer.HistoryPlanningList-b93989c6336f6fbb452a80d1ddd668f34b70ef5d-4-e384da8eb99189155dd29b157a34ec3620aacdde","13","","2.645","","","","2.628","","","","","1","b93989c6336f6fbb452a80d1ddd668f34b70ef5d-4-e78ae7c90cbc63325eb855da09c7427f17435b80","b93989c6336f6fbb452a80d1ddd668f34b70ef5d","root","b93989c6336f6fbb452a80d1ddd668f34b70ef5d-567329f3c907a1eee1650be9d49c7dfd0f985270"
"Flight Motor Case Kit","See End Item P-5A/NA","See End Item P-5A","","","root.record.ItemExhibitList.P10AdvanceProcurementList.P10AdvanceProcurement.APCostElementCategoryList.Other.APCostElement.ManufacturerList.P10Manufacturer.HistoryPlanningList-b93989c6336f6fbb452a80d1ddd668f34b70ef5d-5-4cc87dd30962f2864720804d686946ffc1113a50","10","","0.601","","","","0.597","","","","","1","b93989c6336f6fbb452a80d1ddd668f34b70ef5d-5-bcbf93f377e5a855a3f8ee4ffdd23c5c51937c77","b93989c6336f6fbb452a80d1ddd668f34b70ef5d","root","b93989c6336f6fbb452a80d1ddd668f34b70ef5d-567329f3c907a1eee1650be9d49c7dfd0f985270"
"Control Surface Actuators","See End Item P-5A/NA","See End Item P-5A","","","root.record.ItemExhibitList.P10AdvanceProcurementList.P10AdvanceProcurement.APCostElementCategoryList.Other.APCostElement.ManufacturerList.P10Manufacturer.HistoryPlanningList-b93989c6336f6fbb452a80d1ddd668f34b70ef5d-6-114a1913b737f1192c401e3986e035e1fdf685c5","13","","1.565","","","","1.555","","","","","1","b93989c6336f6fbb452a80d1ddd668f34b70ef5d-6-74234e7b3de5e868e9e038d9320af2a09a7acb77","b93989c6336f6fbb452a80d1ddd668f34b70ef5d","root","b93989c6336f6fbb452a80d1ddd668f34b70ef5d-567329f3c907a1eee1650be9d49c7dfd0f985270"
"Beacon Shutter Actuator","See End Item P-5A/NA","See End Item P-5A","","","root.record.ItemExhibitList.P10AdvanceProcurementList.P10AdvanceProcurement.APCostElementCategoryList.Other.APCostElement.ManufacturerList.P10Manufacturer.HistoryPlanningList-b93989c6336f6fbb452a80d1ddd668f34b70ef5d-7-3af8fcc83c02ea097f73be2da0d51525e3a33176","11","","0.927","","","","0.922","","","","","1","b93989c6336f6fbb452a80d1ddd668f34b70ef5d-7-2976fbeaf9288079b4a80f699cb671f716271d26","b93989c6336f6fbb452a80d1ddd668f34b70ef5d","root","b93989c6336f6fbb452a80d1ddd668f34b70ef5d-567329f3c907a1eee1650be9d49c7dfd0f985270"
"GEO 3 Long Lead","","","","","","0","0","0","0","269.419","269.419","0","0","0","0","0","","bc49aae9deeef8956b6c97c5a94d8e24bbbbed5e-0-b2e526c1050355260a4029bb21a1e9fe43095219","bc49aae9deeef8956b6c97c5a94d8e24bbbbed5e","root","bc49aae9deeef8956b6c97c5a94d8e24bbbbed5e-99903f3a3b9af58cdfd9bb82c77fb4ac19eea5a7"
"GEO 4 Long Lead","","","","","","0","0","0","0","277.999","277.999","0","0","0","0","0","","bc49aae9deeef8956b6c97c5a94d8e24bbbbed5e-1-a2bac21ea0f0cf2f661e6661338db07945355e48","bc49aae9deeef8956b6c97c5a94d8e24bbbbed5e","root","bc49aae9deeef8956b6c97c5a94d8e24bbbbed5e-99903f3a3b9af58cdfd9bb82c77fb4ac19eea5a7"
"GEO 5 & 6 Long Lead","","","","","","0","243.506","243.5","0","487.006","0.000","0","0","0","0","0","","bc49aae9deeef8956b6c97c5a94d8e24bbbbed5e-2-138506e34b6a359f2713e45797cfe4a094f57180","bc49aae9deeef8956b6c97c5a94d8e24bbbbed5e","root","bc49aae9deeef8956b6c97c5a94d8e24bbbbed5e-99903f3a3b9af58cdfd9bb82c77fb4ac19eea5a7"
"HEO 3 Long Lead","","","","","","0","0","0","0","124.555","124.555","0","0","0","0","0","","bc49aae9deeef8956b6c97c5a94d8e24bbbbed5e-3-adddef68e081abfd324ecdb487b183d08c8194a9","bc49aae9deeef8956b6c97c5a94d8e24bbbbed5e","root","bc49aae9deeef8956b6c97c5a94d8e24bbbbed5e-99903f3a3b9af58cdfd9bb82c77fb4ac19eea5a7"
"HEO 4 Long Lead","","","","","","0","0","0","0","53.596","53.596","0","0","0","0","0","","bc49aae9deeef8956b6c97c5a94d8e24bbbbed5e-4-e09f7b674f3dc4c6ebc14f1cde847557f5e444c7","bc49aae9deeef8956b6c97c5a94d8e24bbbbed5e","root","bc49aae9deeef8956b6c97c5a94d8e24bbbbed5e-99903f3a3b9af58cdfd9bb82c77fb4ac19eea5a7"
"Apache Block III New Build","See End Item P-5A/NA","See End Item P-5A","","","root.record.ItemExhibitList.P10AdvanceProcurementList.P10AdvanceProcurement.APCostElementCategoryList.Other.APCostElement.ManufacturerList.P10Manufacturer.HistoryPlanningList-be1fef78cb2e54f0bb4d15ed240223791e0dde9f-0-913e583d91f06ff4d58e40563e90ee5f42b29325","12","","104.263","","","","146.121","","","","","","be1fef78cb2e54f0bb4d15ed240223791e0dde9f-0-81bb9ec1ea6e6bbc9f5d7ea190711172aef9689f","be1fef78cb2e54f0bb4d15ed240223791e0dde9f","root","be1fef78cb2e54f0bb4d15ed240223791e0dde9f-bc105a11a7f1085a8562939d8db911fad2aded73"
"Long Lead Parts","","","","","","0","0.000","81.811","0","678.27","80","82.616","74.167","117.855","119.993","121.828","","e1365ba8bd9acbd692762b03dd6eb86e760db1f1-0-a7e9d7ad007d85faa0977f71c51db443a0b321e1","e1365ba8bd9acbd692762b03dd6eb86e760db1f1","root","e1365ba8bd9acbd692762b03dd6eb86e760db1f1-76b9625a2000819e82b3402eef5e171098016f12"
