"Name_val","Name_@footnote","Cost_Quantity_CurrentYear_val","Cost_Quantity_BudgetYearOneBase_val","Cost_Quantity_BudgetYearOne_val","Cost_Quantity_BudgetYearTwo_val","Cost_Quantity_Total_val","Cost_Quantity_AllPriorYears_val","Cost_Quantity_PriorYear_val","Cost_Quantity_BudgetYearFour_val","Cost_Quantity_BudgetYearFive_val","Cost_Quantity_BudgetYearThree_val","Cost_TotalCost_AllPriorYears_val","Cost_TotalCost_PriorYear_val","Cost_TotalCost_CurrentYear_val","Cost_TotalCost_BudgetYearOneBase_val","Cost_TotalCost_BudgetYearOne_val","Cost_TotalCost_BudgetYearTwo_val","Cost_TotalCost_BudgetYearThree_val","Cost_TotalCost_BudgetYearFour_val","Cost_TotalCost_ToComplete_val","Cost_TotalCost_Total_val","Cost_TotalCost_BudgetYearOneOCO_val","Cost_TotalCost_BudgetYearFive_val","Cost_TotalCost_Continuing_val","Cost_UnitCost_CurrentYear_val","Cost_UnitCost_BudgetYearOneBase_val","Cost_UnitCost_BudgetYearOne_val","Cost_UnitCost_BudgetYearTwo_val","Cost_UnitCost_Total_val","Cost_UnitCost_AllPriorYears_val","Cost_UnitCost_PriorYear_val","Cost_UnitCost_BudgetYearFour_val","Cost_UnitCost_BudgetYearFive_val","Cost_UnitCost_BudgetYearThree_val","Cost_AllPriorYears_TotalCost_val","Cost_AllPriorYears_UnitCost_val","Cost_AllPriorYears_Quantity_val","Cost_PriorYear_TotalCost_val","Cost_PriorYear_UnitCost_val","Cost_PriorYear_Quantity_val","Cost_CurrentYear_TotalCost_val","Cost_CurrentYear_UnitCost_val","Cost_CurrentYear_Quantity_val","Cost_BudgetYearOneBase_TotalCost_val","Cost_BudgetYearOneBase_UnitCost_val","Cost_BudgetYearOneBase_Quantity_val","Cost_BudgetYearOne_TotalCost_val","Cost_BudgetYearOne_UnitCost_val","Cost_BudgetYearOne_Quantity_val","Cost_ToComplete_TotalCost_val","Cost_ToComplete_UnitCost_val","Cost_ToComplete_Quantity_val","Cost_Total_TotalCost_val","Cost_Total_UnitCost_val","Cost_Total_Quantity_val","Cost_BudgetYearTwo_UnitCost_val","Cost_BudgetYearTwo_Quantity_val","Cost_BudgetYearTwo_TotalCost_val","Cost_BudgetYearFive_UnitCost_val","Cost_BudgetYearFive_Quantity_val","Cost_BudgetYearFive_TotalCost_val","Cost_BudgetYearThree_UnitCost_val","Cost_BudgetYearThree_Quantity_val","Cost_BudgetYearThree_TotalCost_val","Cost_BudgetYearFour_UnitCost_val","Cost_BudgetYearFour_Quantity_val","Cost_BudgetYearFour_TotalCost_val","Cost_BudgetYearOneOCO_TotalCost_val","ManufacturerList_Manufacturer","IdCode_val","AllPriorYearsDeliveries_val","@ROWID","@RECORDID","@PARENT","@PARENTROWID"
"Initial Fielding","","1","2","2","3","6","","","","","","0","0","10.936","22.443","22.443","8.81","0","0","28.68","70.869","","","","10.936","11.222","11.222","2.937","11.812","","","","","","","","","","","","","","","","","","","","","","","","","","","","","","","","","","","","","","","","root.record.ItemExhibitList.P5Item.CostElementCategoryList.PackageFielding.Recurring.CostElementList.CostElement.ManufacturerList-0faaa1254233ac6b3d5a2b5618cb6c33a8b2ab7a-0-0a901794557b3a9de8f1b619f6b099f776856196","","","0faaa1254233ac6b3d5a2b5618cb6c33a8b2ab7a-0-81d2b09a7eb96e9b41a74bb2ab3302ea9dd6fd33","0faaa1254233ac6b3d5a2b5618cb6c33a8b2ab7a","root.record.ItemExhibitList.P5Item","0faaa1254233ac6b3d5a2b5618cb6c33a8b2ab7a-0-96cf15b03ac59ff840aa40353ba917550baf7bbc"
"Site Installation Testing","","","","","","","","","","","","0","0","0.18","0.36","0.36","0.18","0","0","0.36","1.08","","","","","","","","","","","","","","","","","","","","","","","","","","","","","","","","","","","","","","","","","","","","","","","","","","","0faaa1254233ac6b3d5a2b5618cb6c33a8b2ab7a-1-8772b482c053b198b027537da2fbf25e1992657a","0faaa1254233ac6b3d5a2b5618cb6c33a8b2ab7a","root.record.ItemExhibitList.P5Item","0faaa1254233ac6b3d5a2b5618cb6c33a8b2ab7a-0-96cf15b03ac59ff840aa40353ba917550baf7bbc"
"ARMY-WIDE CRYPTO NETWORK STANDARDIZATION","","","","","","","","","","","","0.894","2.109","1.891","2.286","2.286","","","","","","","","","","","","","","","","","","","","","","","","","","","","","","","","","","","","","","","","","","","","","","","","","","","","","","","","42d190620d15d0c0b4dcd22eb9710643108888bc-0-9a7292c5c851ea0af70e9d83819ab5e2e583eff1","42d190620d15d0c0b4dcd22eb9710643108888bc","root.record.ItemExhibitList.P5Item","42d190620d15d0c0b4dcd22eb9710643108888bc-0-439877bba9ede02867f7283bfdbd9cf89d732b67"
"PRODUCT SUPPORT/FIELDING","","","","","","","","","","","","1.732","5.414","5.442","9.312","9.312","","","","","","","","","","","","","","","","","","","","","","","","","","","","","","","","","","","","","","","","","","","","","","","","","","","","","","","","42d190620d15d0c0b4dcd22eb9710643108888bc-1-50e48743de4ae481e28d8c5c89dea07829cdc047","42d190620d15d0c0b4dcd22eb9710643108888bc","root.record.ItemExhibitList.P5Item","42d190620d15d0c0b4dcd22eb9710643108888bc-0-439877bba9ede02867f7283bfdbd9cf89d732b67"
"Fielding/NET/Log Spt","","","","","","","","","","","","","6.966","4.529","7.308","7.308","","","","","","","","","","","","","","","","","","","","","","","","","","","","","","","","","","","","","","","","","","","","","","","","","","","","","","","","42d190620d15d0c0b4dcd22eb9710643108888bc-0-0ed594b194a8289893015e4e7e85200995232ab6","42d190620d15d0c0b4dcd22eb9710643108888bc","root.record.ItemExhibitList.P5Item","42d190620d15d0c0b4dcd22eb9710643108888bc-1-69bbe641a75b51d04f25b48cbb2575f0f2881f6e"
"Total Package Fielding (TPF)","","","","","","","","","","","","3.199","0.31","0.315","0.3","0.3","","","","","","","","","","","","","","","","","","","","","","","","","","","","","","","","","","","","","","","","","","","","","","","","","","","","","","","","438890286c4c2ffc1bfb138a2ef793df1396bab0-0-5ee173abf3e84cf3bf9b31234c1b8b22b1f910d3","438890286c4c2ffc1bfb138a2ef793df1396bab0","root.record.ItemExhibitList.P5Item","438890286c4c2ffc1bfb138a2ef793df1396bab0-0-2f7951489bb401b328d7cc27a7324050a8edf6b5"
"7. Total Package Fielding (TPF)","","","","","","","","","","","","0.403","0.29","0.596","0.605","0.605","","","","","","","","","","","","","","","","","","","","","","","","","","","","","","","","","","","","","","","","","","","","","","","","","","","","","","","","502637844224dcfc674ba80b04ec1885d4e6e267-0-59bd3030c9da308cbfd87603841141e9dfe917b6","502637844224dcfc674ba80b04ec1885d4e6e267","root.record.ItemExhibitList.P5Item","502637844224dcfc674ba80b04ec1885d4e6e267-0-2e52ee0c8cefe21d2324caf7b7e7b3c612616df9"
"Fielding","","","","","","","","","","","","","","","2.751","2.751","","","","","","","","","","","","","","","","","","","","","","","","","","","","","","","","","","","","","","","","","","","","","","","","","","","","","","","","5fdb6bd0fba5a55600d25047eb2263a24d46e8a7-0-178366cba0f6dd0ff42805216bf9fd411e2d4636","5fdb6bd0fba5a55600d25047eb2263a24d46e8a7","root.record.ItemExhibitList.P5Item","5fdb6bd0fba5a55600d25047eb2263a24d46e8a7-0-60b701bf924a10470524c72e5e98f2fb87fee84a"
"Fielding Support","","","","","","","","","","","","0.15","0.24","0.24","0.32","0.32","","","","","","","","","","","","","","","","","","","","","","","","","","","","","","","","","","","","","","","","","","","","","","","","","","","","","","","","65223a100d6b2741d10b457f41f3b28f4221a759-0-59ab5c958b4f62032c2c37606babca35197d9db7","65223a100d6b2741d10b457f41f3b28f4221a759","root.record.ItemExhibitList.P5Item","65223a100d6b2741d10b457f41f3b28f4221a759-0-0495b9e7fc225a8f6ec9837bee25bf7ed984c5ae"
"Transportation","","","","","","","","","","","","","0.2","","0.126","0.126","","","","","","","","","","","","","","","","","","","","","","","","","","","","","","","","","","","","","","","","","","","","","","","","","","","","","","","","65223a100d6b2741d10b457f41f3b28f4221a759-1-c3915852f26d5d81af90d6f5b0e8ae4b8c1d248b","65223a100d6b2741d10b457f41f3b28f4221a759","root.record.ItemExhibitList.P5Item","65223a100d6b2741d10b457f41f3b28f4221a759-0-0495b9e7fc225a8f6ec9837bee25bf7ed984c5ae"
"Tech Manuals","","","","","","","","","","","","","0.397","","","","","","","","","","","","","","","","","","","","","","","","","","","","","","","","","","","","","","","","","","","","","","","","","","","","","","","","","","","65223a100d6b2741d10b457f41f3b28f4221a759-2-74b54f6ef517b285d01280b1ad03da13cc0ac33b","65223a100d6b2741d10b457f41f3b28f4221a759","root.record.ItemExhibitList.P5Item","65223a100d6b2741d10b457f41f3b28f4221a759-0-0495b9e7fc225a8f6ec9837bee25bf7ed984c5ae"
"Fielding","","","","","","","","","","","","","0.25","0.378","0.24","0.24","","","","","","","","","","","","","","","","","","","","","","","","","","","","","","","","","","","","","","","","","","","","","","","","","","","","","","","","65223a100d6b2741d10b457f41f3b28f4221a759-0-d512ff8409a3a3d3b56c9b25d55e2eef23b99559","65223a100d6b2741d10b457f41f3b28f4221a759","root.record.ItemExhibitList.P5Item","65223a100d6b2741d10b457f41f3b28f4221a759-1-a5d2edb875237a724cf273713f96ea7a1166f0fa"
"Fielding Support","","","","","","","","","","","","0.12","0.2","0.05","0.14","0.14","","","","","","","","","","","","","","","","","","","","","","","","","","","","","","","","","","","","","","","","","","","","","","","","","","","","","","","","65223a100d6b2741d10b457f41f3b28f4221a759-0-b9eb534c1681c161d73692d79fc557a75b782edf","65223a100d6b2741d10b457f41f3b28f4221a759","root.record.ItemExhibitList.P5Item","65223a100d6b2741d10b457f41f3b28f4221a759-2-98cdf0165e3c2336602ac2b5fa216b71259a0bd3"
"Fielding Support","","","","","","","","","","","","2.509","","","0.048","0.147","","","","","","0.099","","","","","","","","","","","","","","","","","","","","","","","","","","","","","","","","","","","","","","","","","","","","","","","","","","65223a100d6b2741d10b457f41f3b28f4221a759-0-a3e9b1412cc31a07c929df004f4199ebc890ad27","65223a100d6b2741d10b457f41f3b28f4221a759","root.record.ItemExhibitList.P5Item","65223a100d6b2741d10b457f41f3b28f4221a759-3-5bcf20ec4170b94b3310af7c3936bb6ba2cf71ea"
"Fielding","","","","","","","","","","","","1.35","","","0.15","0.15","","","","","","","","","","","","","","","","","","","","","","","","","","","","","","","","","","","","","","","","","","","","","","","","","","","","","","","","65223a100d6b2741d10b457f41f3b28f4221a759-0-b02b6378b3831e37f855ca25b43afe7e0002b1eb","65223a100d6b2741d10b457f41f3b28f4221a759","root.record.ItemExhibitList.P5Item","65223a100d6b2741d10b457f41f3b28f4221a759-4-9db2bff8b890624d0bf8d1865559691f7f3062f3"
"Transportation","","","","","","","","","","","","","","","0.06","0.06","","","","","","","","","","","","","","","","","","","","","","","","","","","","","","","","","","","","","","","","","","","","","","","","","","","","","","","","65223a100d6b2741d10b457f41f3b28f4221a759-1-0279c70f8a7d7beac51014474227f720b9f125ec","65223a100d6b2741d10b457f41f3b28f4221a759","root.record.ItemExhibitList.P5Item","65223a100d6b2741d10b457f41f3b28f4221a759-4-9db2bff8b890624d0bf8d1865559691f7f3062f3"
"Training / Fielding / CLS","","","","","","","","","","","","0","0","0","1.03","1.03","","","","","","","","","","","","","","","","","","","","","","","","","","","","","","","","","","","","","","","","","","","","","","","","","","","","","","","","7decf4224a630959b1809fe5ae8cec39ef0c991f-0-befa1a37cb3bc018e323f85c1d1da0c761c27bc1","7decf4224a630959b1809fe5ae8cec39ef0c991f","root.record.ItemExhibitList.P5Item","7decf4224a630959b1809fe5ae8cec39ef0c991f-3-7afcb80dc4811ac30f600753bd0d35f53aa5c38c"
"Total Package Fielding (spares)","","","","","","","","","","","","0","0.1","0.19","0.882","0.882","","","","","","","","","","","","","","","","","","","","","","","","","","","","","","","","","","","","","","","","","","","","","","","","","","","","","","","","7decf4224a630959b1809fe5ae8cec39ef0c991f-0-e9776418112c1c50a172d2232c21e37285a1b0a4","7decf4224a630959b1809fe5ae8cec39ef0c991f","root.record.ItemExhibitList.P5Item","7decf4224a630959b1809fe5ae8cec39ef0c991f-4-5f148ae2b0abbac392904946167225cfb82b42aa"
"Prior/Future combined efforts","","","","","","","","","","","","","0","0","0","0","0.185","0.185","13.048","","","","0.185","true","","","","","","","","","","","","","","","","","","","","","","","","","","","","","","","","","","","","","","","","","","","","","","","","7decf4224a630959b1809fe5ae8cec39ef0c991f-0-cd59f62db6200517264f7bd15a54ffc9f4930358","7decf4224a630959b1809fe5ae8cec39ef0c991f","root.record.ItemExhibitList.P5Item","7decf4224a630959b1809fe5ae8cec39ef0c991f-9-ec62bd0ca21239448caf9221cdfa094ef14f6efe"
"Vaccinia Immune Globulin-Support Costs","","","","","","","","","","","","0","0.185","0.185","0.185","0.185","","","","","","","","","","","","","","","","","","","","","","","","","","","","","","","","","","","","","","","","","","","","","","","","","","","","","","","","7decf4224a630959b1809fe5ae8cec39ef0c991f-1-c19f45429075c5c0dc0942cbda0bb0763df9691d","7decf4224a630959b1809fe5ae8cec39ef0c991f","root.record.ItemExhibitList.P5Item","7decf4224a630959b1809fe5ae8cec39ef0c991f-9-ec62bd0ca21239448caf9221cdfa094ef14f6efe"
"New Equipment Training/Fielding Support","","","","","","","","","","","","2.246","0.1","0.1","0.1","0.1","","","","","","","","","","","","","","","","","","","","","","","","","","","","","","","","","","","","","","","","","","","","","","","","","","","","","","","","83d015706c30c0fd0fb46f441460f7bb6012acc9-0-e9448c761a101bf61eabf0c50e450a481e7af9d6","83d015706c30c0fd0fb46f441460f7bb6012acc9","root.record.ItemExhibitList.P5Item","83d015706c30c0fd0fb46f441460f7bb6012acc9-0-1e60606c19faf084a7aaccb8c53b2d5d7f1068a8"
"Initial New Equipment Training (NET)","","","1","1","","","","","","","","","","","4.214","4.214","","","","","","","","","","4214","4214","","","","","","","","","","","","","","","","","","","","","","","","","","","","","","","","","","","","","","","","","","root.record.ItemExhibitList.P5Item.CostElementCategoryList.PackageFielding.Recurring.CostElementList.CostElement.ManufacturerList-a0168a46a172c79087f20b50c38a571e5621523e-0-12e7bea6b0d627113ed8273a51364947475e74a3","","","a0168a46a172c79087f20b50c38a571e5621523e-0-5078cd313dd8e7edf99f518502852bcce373edf7","a0168a46a172c79087f20b50c38a571e5621523e","root.record.ItemExhibitList.P5Item","a0168a46a172c79087f20b50c38a571e5621523e-0-12032611ff0e516aa2167454110388036db87d23"
"JWARN INCREMENT 1 - System Fielding Support (TPF, FDT, NET)","","","","","","","","","","","","0","0.306","0","0","0","","","","","","","","","","","","","","","","","","","","","","","","","","","","","","","","","","","","","","","","","","","","","","","","","","","","","","","","afd67fa2da5daa969d8e3153e88a6cb75725035b-0-e320549b5eac3eca56d62d4d5cb61873b7575c47","afd67fa2da5daa969d8e3153e88a6cb75725035b","root.record.ItemExhibitList.P5Item","afd67fa2da5daa969d8e3153e88a6cb75725035b-2-c2eb3f6293a58f93b4468b4536342a6a1bfdef20"
"JWARN INCREMENT 2 - System Fielding Support (TPF, FDT, NET)","","","","","","","","","","","","0","0","0","1.553","1.553","","","","","","","","","","","","","","","","","","","","","","","","","","","","","","","","","","","","","","","","","","","","","","","","","","","","","","","","afd67fa2da5daa969d8e3153e88a6cb75725035b-1-a7fafa8b0cfeafc0a83a32265f4f54129b659a7d","afd67fa2da5daa969d8e3153e88a6cb75725035b","root.record.ItemExhibitList.P5Item","afd67fa2da5daa969d8e3153e88a6cb75725035b-2-c2eb3f6293a58f93b4468b4536342a6a1bfdef20"
"JEM INCREMENT 2 - System Fielding Support (TPF, FDT, NET)","","","","","","","","","","","","0","0.766","1.327","1.876","1.876","","","","","","","","","","","","","","","","","","","","","","","","","","","","","","","","","","","","","","","","","","","","","","","","","","","","","","","","afd67fa2da5daa969d8e3153e88a6cb75725035b-0-9ff8b05e79557df98117674cdcf52dbd718ec1cf","afd67fa2da5daa969d8e3153e88a6cb75725035b","root.record.ItemExhibitList.P5Item","afd67fa2da5daa969d8e3153e88a6cb75725035b-4-2e1f08ef9ce5876f4dc6f6d5051d4088951494b8"
"System Fielding Support (TPF, FDT, NET)","","","","","","","","","","","","0","0","0.813","0.613","0.613","","","","","","","","","","","","","","","","","","","","","","","","","","","","","","","","","","","","","","","","","","","","","","","","","","","","","","","","afd67fa2da5daa969d8e3153e88a6cb75725035b-0-520c876403415f3c7a2c5c7b2b5e6d19ba6268d8","afd67fa2da5daa969d8e3153e88a6cb75725035b","root.record.ItemExhibitList.P5Item","afd67fa2da5daa969d8e3153e88a6cb75725035b-11-f5366ace381d40e128fe91a5842a836ebb1c8029"
"Total Package Fielding (TPF)","","","","","","","","","","","","","","","0.325","0.325","","","","","","","","","","","","","","","","","","","","","","","","","","","","","","","","","","","","","","","","","","","","","","","","","","","","","","","","cfad5cf898e41bf86fe8f7b4917baa7621c63223-0-0a9165c777225ef42a2ee68c0a178f54cdf25ed5","cfad5cf898e41bf86fe8f7b4917baa7621c63223","root.record.ItemExhibitList.P5Item","cfad5cf898e41bf86fe8f7b4917baa7621c63223-0-8a18ca1415810e9eff147e9d0e5fc17c337aef71"
"New Equipment Training (NET)","","","","","","","","","","","","","","","0.325","0.325","","","","","","","","","","","","","","","","","","","","","","","","","","","","","","","","","","","","","","","","","","","","","","","","","","","","","","","","cfad5cf898e41bf86fe8f7b4917baa7621c63223-1-1b8b521271e940922ec7292b19f2f81be1617338","cfad5cf898e41bf86fe8f7b4917baa7621c63223","root.record.ItemExhibitList.P5Item","cfad5cf898e41bf86fe8f7b4917baa7621c63223-0-8a18ca1415810e9eff147e9d0e5fc17c337aef71"
"New Equipment Training/Fielding Support","","","","","","","","","","","","3.194","0.728","0.532","0.525","0.525","","","","","","","","","","","","","","","","","","","","","","","","","","","","","","","","","","","","","","","","","","","","","","","","","","","","","","","","dde209a78f42481659604936289c457735c5e670-0-3e61eaf1702ca8cfd60acc7551344ae42c54dc33","dde209a78f42481659604936289c457735c5e670","root.record.ItemExhibitList.P5Item","dde209a78f42481659604936289c457735c5e670-0-f3b02d83d2d61e1ca2a738773c03e2d60611717e"
"Shipping Equipment to the Field","","","","","","","","","","","","0.348","0.146","0.11","0.06","0.06","","","","","","","","","","","","","","","","","","","","","","","","","","","","","","","","","","","","","","","","","","","","","","","","","","","","","","","","dde209a78f42481659604936289c457735c5e670-1-ccd8e2404092edd4d904cd2306253e3754df8eef","dde209a78f42481659604936289c457735c5e670","root.record.ItemExhibitList.P5Item","dde209a78f42481659604936289c457735c5e670-0-f3b02d83d2d61e1ca2a738773c03e2d60611717e"
"New Equipment Training/Fielding Support","","","","","","","","","","","","0.929","0.03","0.03","0.01","0.01","","","","","","","","","","","","","","","","","","","","","","","","","","","","","","","","","","","","","","","","","","","","","","","","","","","","","","","","e5a371d656815b4f1b36fb95831be3066a730b3e-0-0a7a1db75c2d573e8b62edf9b3c12824cbe50552","e5a371d656815b4f1b36fb95831be3066a730b3e","root.record.ItemExhibitList.P5Item","e5a371d656815b4f1b36fb95831be3066a730b3e-0-d9c54d27d8f759a80fa34c2304d4b0817f4a5b10"
"System Fielding Support","","","","","","","","","","","","","","","","","","","","","","","","","","","","","","","","","","","0.721","","","0.000","","","0.000","","","0.000","","","0.000","","","","","","","","","","","","","","","","","","","","","","","","","2deb9f30a4b2fb2f707f9a97e4545af4d42a0f74-0-fa0dc75c1042acc9492df5df742202a02b4d9058","2deb9f30a4b2fb2f707f9a97e4545af4d42a0f74","root.record.ItemExhibitList.P5Item","2deb9f30a4b2fb2f707f9a97e4545af4d42a0f74-0-bd5a396e7bdf309fa1727faf1546dd6f98a70335"
"Transportation/Fielding","","","","","","","","","","","","","","","","","","","","","","","","","","","","","","","","","","","","","","0.000","","","0.000","","","0.246","","","0.246","","","","","","","","","","","","","","","","","","","","","","","","","2deb9f30a4b2fb2f707f9a97e4545af4d42a0f74-0-8a4c150596004593cbd99530bf336afb7a644365","2deb9f30a4b2fb2f707f9a97e4545af4d42a0f74","root.record.ItemExhibitList.P5Item","2deb9f30a4b2fb2f707f9a97e4545af4d42a0f74-2-379f43a2b576fb8a7c14350ca496c3f4a1ed1865"
"System Fielding Support","","","","","","","","","","","","","","","","","","","","","","","","","","","","","","","","","","","","","","1.759","","","0.16","","","0.000","","","0.000","","","","","","","","","","","","","","","","","","","","","","","","","2deb9f30a4b2fb2f707f9a97e4545af4d42a0f74-0-1a7f70e9c458a573baf0e2ae432bcf58df871a9c","2deb9f30a4b2fb2f707f9a97e4545af4d42a0f74","root.record.ItemExhibitList.P5Item","2deb9f30a4b2fb2f707f9a97e4545af4d42a0f74-3-f8c07f1fe673c6df44eb372cbbb03dca8ad6da55"
"Fielding","","","","","","","","","","","","","","","","","","","","","","","","","","","","","","","","","","","8.975","","","0.325","","","0.000","","","0.000","","","0.000","","","","","","","","","","","","","","","","","","","","","","","","","2deb9f30a4b2fb2f707f9a97e4545af4d42a0f74-0-3545133435eab595c649e74ad6543d5237a07c47","2deb9f30a4b2fb2f707f9a97e4545af4d42a0f74","root.record.ItemExhibitList.P5Item","2deb9f30a4b2fb2f707f9a97e4545af4d42a0f74-4-210fe525cc979503590c67abef3a670cfb1a81cb"
"System Fielding Support","","","","","","","","","","","","","","","","","","","","","","","","","","","","","","","","","","","","","","0.000","","","0.000","","","0.000","","","0.000","","","","","","","","","","","","","","","","","","","","","","","","","2deb9f30a4b2fb2f707f9a97e4545af4d42a0f74-0-dfd54284b8afa8767a86b0ca7111d549a5ae916e","2deb9f30a4b2fb2f707f9a97e4545af4d42a0f74","root.record.ItemExhibitList.P5Item","2deb9f30a4b2fb2f707f9a97e4545af4d42a0f74-5-8d85f45bc8a9247c780d0d3e88efac1070097ba8"
"New Equipment Training/Fielding Support","","","","","","","","","","","","","","","","","","","","","","","","","","","","","","","","","","","0.129","","","0.613","","","0.187","","","0.16","","","0.16","","","","","","","","","","","","","","","","","","","","","","","","","38cc8193cb6ed1f57d201b47fc690c0e389ba3e4-0-d9953175af40776b9a1ba115dfc706d35571f0df","38cc8193cb6ed1f57d201b47fc690c0e389ba3e4","root.record.ItemExhibitList.P5Item","38cc8193cb6ed1f57d201b47fc690c0e389ba3e4-0-f912448e3bde7f458503d792dbe2121ea84bf096"
"Vaccinia Immune Globulin-Support Costs","","","","","","","","","","","","","","","","","","","","","","","","","","","","","","","","","","","0.36","","","0.18","","","0.185","","","0.185","","","0.185","","","","","","","","","","","","","","","","","","","","","","","","","4ee58e4052cee5e824c7eeb6c77915475e1877b8-0-13aa383f1f89d87a954948e4e427a2b93629a612","4ee58e4052cee5e824c7eeb6c77915475e1877b8","root.record.ItemExhibitList.P5Item","4ee58e4052cee5e824c7eeb6c77915475e1877b8-2-6e9d15d5f7148d38d9986cebafaf87bef71bc72d"
"Interim Contractor Support - ANG Base Activation","","","","","","","","","","","","","","","","","","","","","","","","","","","","","","","","","","","11.599","","","","","","","","","","","","","","","0.000","","","11.599","","","","","","","","","","","","","","","","","B","","63a09f2d24509e3e49dc113e41bc696fedd4b156-0-96b4a2213cb1eb45a47b58beac187a3019c4cb53","63a09f2d24509e3e49dc113e41bc696fedd4b156","root.record.ItemExhibitList.P5Item","63a09f2d24509e3e49dc113e41bc696fedd4b156-0-a20f9292c4bbb773612735685c1c45dd048ac711"
"New Equipment Training/Fielding Support","","","","","","","","","","","","","","","","","","","","","","","","","","","","","","","","","","","1.036","","","0.473","","","0.5","","","0.275","","","0.275","","","","","","","","","","","","","","","","","","","","","","","","","8ccc2438aadb7e3d290b3ce1462af1428e5d3e13-0-3f67627fc00061dde77021be1036dec000048ec2","8ccc2438aadb7e3d290b3ce1462af1428e5d3e13","root.record.ItemExhibitList.P5Item","8ccc2438aadb7e3d290b3ce1462af1428e5d3e13-0-b769300530239699df3dde740d3981ed78a51021"
"Other Government Agencies","","","","","","","","","","","","","","","","","","","","","","","","","","","","","","","","","","","0.485","","","0.000","","","0.075","","","0.000","","","0.000","","","","","","","","","","","","","","","","","","","","","","","","","8ccc2438aadb7e3d290b3ce1462af1428e5d3e13-1-e469375f1730e7a694e6d71c85222407ed2f1030","8ccc2438aadb7e3d290b3ce1462af1428e5d3e13","root.record.ItemExhibitList.P5Item","8ccc2438aadb7e3d290b3ce1462af1428e5d3e13-0-b769300530239699df3dde740d3981ed78a51021"
"Site Survey/Site Setup/Training","","","","","","","","","","","","","","","","","","","","","","","","","","","","","","","","","","","0.000","0.000","0","","","","1.974","","","","","","","","","","","","","","","","","","","","","","","","","","","","","A","","921b2f4e03a40978b22d99594171f0829070899e-0-d0c1b4f360dbcec95940465bb715fca41bab1f98","921b2f4e03a40978b22d99594171f0829070899e","root.record.ItemExhibitList.P5Item","921b2f4e03a40978b22d99594171f0829070899e-3-6c97a0349ceea9ee31107d42eccfb02ed35a757b"
"Mission Support","","","","","","","","","","","","","","","","","","","","","","","","","","","","","","","","","","","","","","0.055","","","0.069","","","0.054","","","0.054","","","","","","","","","","","","","","","","","","","","","","","A","","921b2f4e03a40978b22d99594171f0829070899e-1-f8997c10e68354167622540fba8816027cbf3fe7","921b2f4e03a40978b22d99594171f0829070899e","root.record.ItemExhibitList.P5Item","921b2f4e03a40978b22d99594171f0829070899e-3-6c97a0349ceea9ee31107d42eccfb02ed35a757b"
"AFNet SIPR Modernization - Prime Contract","","","","","","","","","","","","","","","","","","","","","","","","","","","","","","","","","","","25.329","0.563","45","","","","3.18","0.795","4","4.614","0.271","17","4.614","0.271","17","0.000","0.000","0","37.737","0.455","83","0.271","17","4.614","","","","","","","","","","","root.record.ItemExhibitList.P5Item.CostElementCategoryList.PackageFielding.Recurring.CostElementList.CostElement.ManufacturerList-c0658daa8a1dee7b2e39bd879ada6f6ecc8bcb45-0-acdf6110214b9567185cf5d25e365d40ee7354de","A","45","c0658daa8a1dee7b2e39bd879ada6f6ecc8bcb45-0-e33264ce93f7c3075c3d5fc2e4ec0a8868b3337c","c0658daa8a1dee7b2e39bd879ada6f6ecc8bcb45","root.record.ItemExhibitList.P5Item","c0658daa8a1dee7b2e39bd879ada6f6ecc8bcb45-0-3aa9483b67d82576f2ac6bc73239c8a580fe3ac1"
"AFNet Enclave Control Nodes - Prime Contract","","","","","","","","","","","","","","","","","","","","","","","","","","","","","","","","","","","11.215","1.122","10","14.417","0.481","30","32.32","0.213","152","","","","","","","0.000","0.000","0","72.847","0.281","259","","","","0.222","67","14.895","","","","","","","","root.record.ItemExhibitList.P5Item.CostElementCategoryList.PackageFielding.Recurring.CostElementList.CostElement.ManufacturerList-c0658daa8a1dee7b2e39bd879ada6f6ecc8bcb45-0-a781459a32f29d36741382fac1f8ff627f3a75a9","A","10","c0658daa8a1dee7b2e39bd879ada6f6ecc8bcb45-0-90b54bbbb2051c2bab7f7cd2b41be47ba428dcaf","c0658daa8a1dee7b2e39bd879ada6f6ecc8bcb45","root.record.ItemExhibitList.P5Item","c0658daa8a1dee7b2e39bd879ada6f6ecc8bcb45-1-ae5b55ef752f301ce18549fa1fed6f8987741d54"
"AFNet Host Based Security System - Prime Contract","","","","","","","","","","","","","","","","","","","","","","","","","","","","","","","","","","","","","","","","","16.913","0.16","106","9.702","0.092","106","9.702","0.092","106","0.000","0.000","0","67.726","0.106","636","0.094","106","9.928","0.1","106","10.648","0.096","106","10.158","0.098","106","10.377","","root.record.ItemExhibitList.P5Item.CostElementCategoryList.PackageFielding.Recurring.CostElementList.CostElement.ManufacturerList-c0658daa8a1dee7b2e39bd879ada6f6ecc8bcb45-0-029b7dbeb391b0028d6c569cd1c9c1c1e9a58172","A","","c0658daa8a1dee7b2e39bd879ada6f6ecc8bcb45-0-6d62679ccedb8e013bd719afa9fa22d2ac780d62","c0658daa8a1dee7b2e39bd879ada6f6ecc8bcb45","root.record.ItemExhibitList.P5Item","c0658daa8a1dee7b2e39bd879ada6f6ecc8bcb45-3-68df71236820b6169707e5ba34f646a281d67fc4"
"AFNet Vulnerability Management - Prime Contract","","","","","","","","","","","","","","","","","","","","","","","","","","","","","","","","","","","","","","","","","2.872","0.013","226","","","","","","","0.000","0.000","0","2.872","0.013","226","","","","","","","","","","","","","","root.record.ItemExhibitList.P5Item.CostElementCategoryList.PackageFielding.Recurring.CostElementList.CostElement.ManufacturerList-c0658daa8a1dee7b2e39bd879ada6f6ecc8bcb45-0-dcd35e44483116d5f3d3473c4263e37e4b826631","A","","c0658daa8a1dee7b2e39bd879ada6f6ecc8bcb45-0-5e544557f48e1906d6f06ab56fc254b44ed228bd","c0658daa8a1dee7b2e39bd879ada6f6ecc8bcb45","root.record.ItemExhibitList.P5Item","c0658daa8a1dee7b2e39bd879ada6f6ecc8bcb45-4-15f57fa7357b9444c8e1d03bcfcc76f80c226d4c"
"AFNet Infrastructure Modernization - Prime Contract","","","","","","","","","","","","","","","","","","","","","","","","","","","","","","","","","","","","","","26.294","0.246","107","10.722","0.1","107","18.313","0.171","107","18.313","0.171","107","0.000","0.000","0","198.259","0.265","749","0.441","107","47.176","0.174","107","18.635","0.349","107","37.341","0.372","107","39.778","","root.record.ItemExhibitList.P5Item.CostElementCategoryList.PackageFielding.Recurring.CostElementList.CostElement.ManufacturerList-c0658daa8a1dee7b2e39bd879ada6f6ecc8bcb45-0-0ca9bbf7741198649b2485f4be21daee833564c6","A","","c0658daa8a1dee7b2e39bd879ada6f6ecc8bcb45-0-3b4a7dc012f545f079e202b9b3959c44a0b4a494","c0658daa8a1dee7b2e39bd879ada6f6ecc8bcb45","root.record.ItemExhibitList.P5Item","c0658daa8a1dee7b2e39bd879ada6f6ecc8bcb45-5-2dad2a58d78433c0028097bfc179c97eb02113d3"
"AFNet NIPRNet Gateway","","","","","","","","","","","","","","","","","","","","","","","","","","","","","","","","","","","23.824","1.324","18","28.546","1.586","18","20.824","1.157","18","23.246","1.291","18","23.246","1.291","18","0.000","0.000","0","207.766","1.443","144","1.5","18","26.994","1.593","18","28.68","1.53","18","27.545","1.562","18","28.107","","","A","","c0658daa8a1dee7b2e39bd879ada6f6ecc8bcb45-1-8b3bc181265a44bf52e1fd1c7a1e786598254915","c0658daa8a1dee7b2e39bd879ada6f6ecc8bcb45","root.record.ItemExhibitList.P5Item","c0658daa8a1dee7b2e39bd879ada6f6ecc8bcb45-5-2dad2a58d78433c0028097bfc179c97eb02113d3"
"New Equipment Training/Fielding Support","","","","","","","","","","","","","","","","","","","","","","","","","","","","","","","","","","","0.48","","","1.145","","","0.8","","","1.662","","","1.662","","","","","","","","","","","","","","","","","","","","","","","","","d2ef04d57525905ba4f842aa8935745c9d27ccf5-0-9fbaea41104e7374b7037f345deea5b813752635","d2ef04d57525905ba4f842aa8935745c9d27ccf5","root.record.ItemExhibitList.P5Item","d2ef04d57525905ba4f842aa8935745c9d27ccf5-0-3ffca12379ec5acf930d2f22419ebd35a6e7687f"
"Fielding","","","","","","","","","","","","","","","","","","","","","","","","","","","","","","","","","","","4.59","","","0.000","","","0.283","","","0.000","","","0.000","","","","","","","","","","","","","","","","","","","","","","","","","d2ef04d57525905ba4f842aa8935745c9d27ccf5-1-5d7d33509990127f8bc9b2258a34f399eee05f29","d2ef04d57525905ba4f842aa8935745c9d27ccf5","root.record.ItemExhibitList.P5Item","d2ef04d57525905ba4f842aa8935745c9d27ccf5-0-3ffca12379ec5acf930d2f22419ebd35a6e7687f"
"Shipping Equipment to the Field","","","","","","","","","","","","","","","","","","","","","","","","","","","","","","","","","","","","","","0.000","","","0.134","","","0.000","","","0.000","","","","","","","","","","","","","","","","","","","","","","","","","d2ef04d57525905ba4f842aa8935745c9d27ccf5-2-95fca86a8ce3ad82d4559be195243a01cbdc6e53","d2ef04d57525905ba4f842aa8935745c9d27ccf5","root.record.ItemExhibitList.P5Item","d2ef04d57525905ba4f842aa8935745c9d27ccf5-0-3ffca12379ec5acf930d2f22419ebd35a6e7687f"
"Prior/Future combined efforts","","","","","","","","","","","","14.098","0","0","0","0","0.000","0.000","0.000","0","14.098","","0.000","","","","","","","","","","","","","","","","","","","","","","","","","","","","","","","","","","","","","","","","","","","","","","","","","01dd082524974a202336a468bc68b49c9b0edfe1-0-aafc93a3d6272957a7fab3cc2d5afd19ef20876c","01dd082524974a202336a468bc68b49c9b0edfe1","root.record.ItemExhibitList.P5Item","01dd082524974a202336a468bc68b49c9b0edfe1-3-f6bc6d6cdf96d26008d338e9647b101ccef779bf"
"JEM INCR. 2 - System Fielding Support (TPF, FDT, NET)","","","","","","","","","","","","6.711","0.000","0.000","0.000","0.000","","","","","6.711","","","","","","","","","","","","","","","","","","","","","","","","","","","","","","","","","","","","","","","","","","","","","","","","","","","01dd082524974a202336a468bc68b49c9b0edfe1-1-d691fcabc21fb98ecc51143e7383f79d8b01d54a","01dd082524974a202336a468bc68b49c9b0edfe1","root.record.ItemExhibitList.P5Item","01dd082524974a202336a468bc68b49c9b0edfe1-3-f6bc6d6cdf96d26008d338e9647b101ccef779bf"
"JWARN INCR. 1 - System Fielding Support (TPF, FDT, NET)","","","","","","","","","","","","0.000","1.405","0.556","0.000","0.000","","","","","1.961","","","","","","","","","","","","","","","","","","","","","","","","","","","","","","","","","","","","","","","","","","","","","","","","","","","01dd082524974a202336a468bc68b49c9b0edfe1-0-082e2c518f6412f35bff7774156e5560159482ee","01dd082524974a202336a468bc68b49c9b0edfe1","root.record.ItemExhibitList.P5Item","01dd082524974a202336a468bc68b49c9b0edfe1-5-b60e358b947f3c990d6de54be213c2e20c14899d"
"Prior/Future combined efforts","","","","","","","","","","","","","0","0","0","0","3.316","5.069","3.086","0","14.502","","3.031","","","","","","","","","","","","","","","","","","","","","","","","","","","","","","","","","","","","","","","","","","","","","","","","","1b15a7c9b29f030113ff0f7df90c64638e966d27-0-318a3538ed712fabc249fb108d088c0e808d773b","1b15a7c9b29f030113ff0f7df90c64638e966d27","root.record.ItemExhibitList.P5Item","1b15a7c9b29f030113ff0f7df90c64638e966d27-3-2bed250aebe5cc172619d015af6c98e94a2de2d8"
"JEM INCR. 2 - System Fielding Support (TPF, FDT, NET)","","","","","","","","","","","","0.000","0.000","0.000","1.141","1.141","","","","","1.141","","","","","","","","","","","","","","","","","","","","","","","","","","","","","","","","","","","","","","","","","","","","","","","","","","","1b15a7c9b29f030113ff0f7df90c64638e966d27-1-c1f120b20ccfebd23f9450bfd3764ab05d9d3619","1b15a7c9b29f030113ff0f7df90c64638e966d27","root.record.ItemExhibitList.P5Item","1b15a7c9b29f030113ff0f7df90c64638e966d27-3-2bed250aebe5cc172619d015af6c98e94a2de2d8"
"JWARN INCR. 1 - System Fielding Support (TPF, FDT, NET)","","","","","","","","","","","","0.000","0.000","0.000","0.306","0.306","","","","","0.306","","","","","","","","","","","","","","","","","","","","","","","","","","","","","","","","","","","","","","","","","","","","","","","","","","","1b15a7c9b29f030113ff0f7df90c64638e966d27-0-62d5323679c2b7c539f151e54a7d1d72db058888","1b15a7c9b29f030113ff0f7df90c64638e966d27","root.record.ItemExhibitList.P5Item","1b15a7c9b29f030113ff0f7df90c64638e966d27-5-033eb39444cc9262b19019445ef6130dd1037913"
"Site Survey/Site Setup/Training","","","","","","","","","","","","","0.000","","0.203","0.203","","","","","","","","","","","","","","","","","","","","","","","","","","","","","","","","","","","","","","","","","","","","","","","","","","","","","","A","","1f9a2bdf1bc584f0cf9bea6cfdf1792553ea62b6-0-fdd279fa6aad906e0d6eb161ea17a494380c1b7b","1f9a2bdf1bc584f0cf9bea6cfdf1792553ea62b6","root.record.ItemExhibitList.P5Item","1f9a2bdf1bc584f0cf9bea6cfdf1792553ea62b6-3-4216fc1ee508b9b9dbfd3ca2ef4ccdc2565de2c8"
"Mission Support","","","","","","","","","","","","","0.166","0.054","0.075","0.075","","","","","","","","","","","","","","","","","","","","","","","","","","","","","","","","","","","","","","","","","","","","","","","","","","","","","","A","","1f9a2bdf1bc584f0cf9bea6cfdf1792553ea62b6-1-ccb361763355dc849be926642ee6d18a47c50eb2","1f9a2bdf1bc584f0cf9bea6cfdf1792553ea62b6","root.record.ItemExhibitList.P5Item","1f9a2bdf1bc584f0cf9bea6cfdf1792553ea62b6-3-4216fc1ee508b9b9dbfd3ca2ef4ccdc2565de2c8"
"Initial New Equipment Training (NET)","","","1","1","","","","","","","","","","","13.23","13.23","","","","","","","","","","13230","13230","","","","","","","","","","","","","","","","","","","","","","","","","","","","","","","","","","","","","","","","","","root.record.ItemExhibitList.P5Item.CostElementCategoryList.PackageFielding.Recurring.CostElementList.CostElement.ManufacturerList-27efb633d44db50d353aed406380ba540150a17b-0-a44946faf4dd5cfb253c7255e82c93917ae55588","","","27efb633d44db50d353aed406380ba540150a17b-0-14ccf95eafb75f158d5ab568f8405688e95b92dc","27efb633d44db50d353aed406380ba540150a17b","root.record.ItemExhibitList.P5Item","27efb633d44db50d353aed406380ba540150a17b-0-344857fc915201776119d0572135fe8058df1c8f"
"New Equipment Training/Fielding Support","","","","","","","","","","","","0.129","0.187","0.327","0.1","0.1","","","","","","","","","","","","","","","","","","","","","","","","","","","","","","","","","","","","","","","","","","","","","","","","","","","","","","","","67c874bacf7b9dca0b9d2602f0e7391636811051-0-ffc167997898b88fec90ae13054f8fd6dc08aee1","67c874bacf7b9dca0b9d2602f0e7391636811051","root.record.ItemExhibitList.P5Item","67c874bacf7b9dca0b9d2602f0e7391636811051-0-177f03453126bb93c77caff71d7705107d9f6cad"
"Vaccinia Immune Globulin-Support Costs","","","","","","","","","","","","0.000","0.000","0.000","0.185","0.185","","","","","0.185","","","","","","","","","","","","","","","","","","","","","","","","","","","","","","","","","","","","","","","","","","","","","","","","","","","7cea011273f84975c4b992945b20dece193ccab4-0-34e818cbb3d3fd230930d46fcd7dde805379d94b","7cea011273f84975c4b992945b20dece193ccab4","root.record.ItemExhibitList.P5Item","7cea011273f84975c4b992945b20dece193ccab4-5-e5a07e2205803f0fdf8d3f196af356a9cb540ecc"
"New Equipment Training/Fielding Support","","","","","","","","","","","","1.273","0.5","0.5","0.5","0.5","","","","","","","","","","","","","","","","","","","","","","","","","","","","","","","","","","","","","","","","","","","","","","","","","","","","","","","","aaa64d1eb8c6a4788a3c0c692c450cc7d603444d-0-88f14a5ee4817e0ca5f31c62f4411e9486044c8e","aaa64d1eb8c6a4788a3c0c692c450cc7d603444d","root.record.ItemExhibitList.P5Item","aaa64d1eb8c6a4788a3c0c692c450cc7d603444d-0-fdca992b31dd34b99c6bc532684f0968982b7900"
"Other Government Agencies","","","","","","","","","","","","0.56","0.443","0.55","","","","","","","","","","","","","","","","","","","","","","","","","","","","","","","","","","","","","","","","","","","","","","","","","","","","","","","","","","aaa64d1eb8c6a4788a3c0c692c450cc7d603444d-1-a3c129c8f2ebe136cab70ba0f6903284b2afa348","aaa64d1eb8c6a4788a3c0c692c450cc7d603444d","root.record.ItemExhibitList.P5Item","aaa64d1eb8c6a4788a3c0c692c450cc7d603444d-0-fdca992b31dd34b99c6bc532684f0968982b7900"
"New Equipment Training/Fielding Support","","","","","","","","","","","","1.249","0.8","0.714","0.728","0.728","","","","","","","","","","","","","","","","","","","","","","","","","","","","","","","","","","","","","","","","","","","","","","","","","","","","","","","","d0091030ff83504e3be8dd77ea4500daacc243a1-0-b998c36dc777a95bda880dfcab8f4e4f2d2cc0b3","d0091030ff83504e3be8dd77ea4500daacc243a1","root.record.ItemExhibitList.P5Item","d0091030ff83504e3be8dd77ea4500daacc243a1-0-eec8c726d14829297a6426b51fd2d1b843ac6281"
"Fielding","","","","","","","","","","","","4.862","0.283","","","","","","","","","","","","","","","","","","","","","","","","","","","","","","","","","","","","","","","","","","","","","","","","","","","","","","","","","","","d0091030ff83504e3be8dd77ea4500daacc243a1-1-7594cd248f372c9d50ff49c961cd300b8822c5f1","d0091030ff83504e3be8dd77ea4500daacc243a1","root.record.ItemExhibitList.P5Item","d0091030ff83504e3be8dd77ea4500daacc243a1-0-eec8c726d14829297a6426b51fd2d1b843ac6281"
"Shipping Equipment to the Field","","","","","","","","","","","","0.214","0.134","0.138","0.143","0.143","","","","","","","","","","","","","","","","","","","","","","","","","","","","","","","","","","","","","","","","","","","","","","","","","","","","","","","","d0091030ff83504e3be8dd77ea4500daacc243a1-2-00733e586697cec2ada0a173757db84296119cbe","d0091030ff83504e3be8dd77ea4500daacc243a1","root.record.ItemExhibitList.P5Item","d0091030ff83504e3be8dd77ea4500daacc243a1-0-eec8c726d14829297a6426b51fd2d1b843ac6281"
"Initial Spares","","","","","","","","","","","","","","","0.82","0.82","","","","","","","","","","","","","","","","","","","","","","","","","","","","","","","","","","","","","","","","","","","","","","","","","","","","","","","","d0091030ff83504e3be8dd77ea4500daacc243a1-3-1ec897f5184b07a1c7b68a60b11dab7098fc8b03","d0091030ff83504e3be8dd77ea4500daacc243a1","root.record.ItemExhibitList.P5Item","d0091030ff83504e3be8dd77ea4500daacc243a1-0-eec8c726d14829297a6426b51fd2d1b843ac6281"
"Transportation/Fielding","","","","","","","","","","","","","","","0.106","0.106","","","","","","","","","","","","","","","","","","","","","","","","","","","","","","","","","","","","","","","","","","","","","","","","","","","","","","","","d5b7917858c3fcafbce18d34a6e0d998f774b7cb-0-4c9af5b549a888bf627c46a0fd1bb119197a7f88","d5b7917858c3fcafbce18d34a6e0d998f774b7cb","root.record.ItemExhibitList.P5Item","d5b7917858c3fcafbce18d34a6e0d998f774b7cb-1-63f8c32512d241550c61f64970249c431fcff48a"
"Transportation/Fielding","","","","","","","","","","","","","","0.128","0.1","0.1","","","","","","","","","","","","","","","","","","","","","","","","","","","","","","","","","","","","","","","","","","","","","","","","","","","","","","","","d5b7917858c3fcafbce18d34a6e0d998f774b7cb-0-cc73b9905fefd12016acacb272bd2e8457748275","d5b7917858c3fcafbce18d34a6e0d998f774b7cb","root.record.ItemExhibitList.P5Item","d5b7917858c3fcafbce18d34a6e0d998f774b7cb-2-0781d22dda14407ed6acd28b4348d2f011e8e674"
"System Fielding Support","","","","","","","","","","","","0.5","0.25","","","","","","","","","","","","","","","","","","","","","","","","","","","","","","","","","","","","","","","","","","","","","","","","","","","","","","","","","","","d5b7917858c3fcafbce18d34a6e0d998f774b7cb-0-2adb6f6a3bad38ab19c5eb86ce73b2ab801cd965","d5b7917858c3fcafbce18d34a6e0d998f774b7cb","root.record.ItemExhibitList.P5Item","d5b7917858c3fcafbce18d34a6e0d998f774b7cb-3-bd2fa2b7f1a6165be7f66a755a129ae03fd15453"
"1.b. TBMCS-FL Training & Fielding","TBMCS-FL Training and Fielding is being accomplished under a series of Work Orders with Ogden Air Logistics Center who provides system support, fielding and training.; Ongoing requirement driven by installation schedule and fielding of spiral software releases.","","","","","","","","","","","","2.466","0.649","2.483","2.483","","","","","","","","","","","","","","","","","","","","","","","","","","","","","","","","","","","","","","","","","","","","","","","","","","","","","","A","","ee9cc406eb83f35279367a6c2cc77ef6cd495085-0-99f52fde528f5e13834b90082b0bc8bf1406fdd2","ee9cc406eb83f35279367a6c2cc77ef6cd495085","root.record.ItemExhibitList.P5Item","ee9cc406eb83f35279367a6c2cc77ef6cd495085-0-772d4e66614d0e035ce89b173aa2c4e1792fb0dd"
"2.a. UL/UC2 Hardware & COTS Software","Varying quantities and unit costs due to number/types of equipment being procured for specific sites.; UL/UC2 systems are procured using multiple contracts for COTS equipment and software.  Companies include FedStore Corporation, Intelligent Decision Inc., World Wide Technology Inc., Micro Tech, Red River Computer Company, CDW Government LLC, Integration Technologies Group, Ace Technology Partners LLC, Counter Trade Products Inc., General Dynamics IT, Federal Network Systems LLC, Dell Federal Systems L.P., Harries IT Services,  Iron Bow Technologies LLC, Immix Technology Inc., M2Technology Inc., Sterling Computers, Force 3 Inc., PCMail Gov, Blue Tech Inc., Unicom Government Inc. Formerly GTSI Corp, Global Technology Resources Inc., Insight Public Sector Inc., Presidio Networked Solutions, FCN Inc., ActioNet Inc., DSD Laboratories Inc., Array Information Technology Inc., Excellus Solutions LLC., Datum Software Inc., Digital Management Inc., Exeter Government Services LLC,  IndraSoft,  Diligent Consulting Inc., Diversified Technical Services Inc., Segue Technologies, SI Systems Technologies.  Award/delivery dates reflect date of first award and delivery. Ongoing requirement driven by installation schedule and fielding of spiral software releases. ; Specs Avail Date: Program purchases latest versions of COTS hardware available for delivery.; Ongoing requirement driven by installation schedule and fielding of spiral software releases.; Quantities calculated by combining the number of Ops servers (NIPR, SIPR, or Training Kits), COTS licenses (new hardware only), and Intel base kits (~5 computers).","","","","","","","","","","","","3.043","2.26","2.84","2.84","","","","","","","","","","","","","","","","","","","","","","","","","","","","","","","","","","","","","","","","","","","","","","","","","","","","","","A","","ee9cc406eb83f35279367a6c2cc77ef6cd495085-0-65088922978db378a24ca9246278ec210e2e86e9","ee9cc406eb83f35279367a6c2cc77ef6cd495085","root.record.ItemExhibitList.P5Item","ee9cc406eb83f35279367a6c2cc77ef6cd495085-1-4a0ae4281d0144295fc92de042cc8de86ba33ab5"
"3.a. PRC2 Hardware & COTS Software","Varying quantities and unit costs due to number/types of equipment being procured for specific sites.; Specs Avail Date: Program purchases latest versions of COTS hardware available for delivery.; PRC2 systems are procured for Active Duty, Air National Guard, and Air Force Reserve locations using multiple contracts for COTS equipment and software.  Companies include FedStore Corporation, Intelligent Decision Inc., World Wide Technology Inc., Micro Tech, Red River Computer Company, CDW Government LLC, Integration Technologies Group, Ace Technology Partners LLC, Counter Trade Products Inc., General Dynamics IT, Federal Network Systems LLC, Dell Federal Systems L.P., Harries IT Services,  Iron Bow Technologies LLC, Immix Technology Inc., M2Technology Inc., Sterling Computers, Force 3 Inc., PCMail Gov, Blue Tech Inc., Unicom Government Inc. Formerly GTSI Corp, Global Technology Resources Inc., Insight Public Sector Inc., Presidio Networked Solutions, FCN Inc., ActioNet Inc., DSD Laboratories Inc., Array Information Technology Inc., Excellus Solutions LLC., Datum Software Inc., Digital Management Inc., Exeter Government Services LLC,  IndraSoft,  Diligent Consulting Inc., Diversified Technical Services Inc., Segue Technologies, SI Systems Technologies.  Award/delivery dates reflect date of first award and delivery.; Ongoing requirement driven by installation schedule and fielding of spiral software releases.","","","","","","","","","","","","1.205","0.352","0.562","0.562","","","","","","","","","","","","","","","","","","","","","","","","","","","","","","","","","","","","","","","","","","","","","","","","","","","","","","A","","ee9cc406eb83f35279367a6c2cc77ef6cd495085-0-5516ca6dd81ea600b01a6ec3600201e7de4fdf72","ee9cc406eb83f35279367a6c2cc77ef6cd495085","root.record.ItemExhibitList.P5Item","ee9cc406eb83f35279367a6c2cc77ef6cd495085-2-8068327177dea72c2a84e005f8dcf81961be73d7"
"Prior/Future combined efforts","","","","","","","","","","","","609.731","0","0","0","0","0.000","0.000","0.000","0","609.731","","0.000","","","","","","","","","","","","","","","","","","","","","","","","","","","","","","","","","","","","","","","","","","","","","","","","","f307ac6557032860c36e8d4fcc4505857c57d763-0-78de52077976eec5710dfe7e0d3482357053f8a4","f307ac6557032860c36e8d4fcc4505857c57d763","root.record.ItemExhibitList.P5Item","f307ac6557032860c36e8d4fcc4505857c57d763-3-fd8283408dba454cc49e4388c774abec7580cdaa"
"Vaccinia Immune Globulin-Support Costs","","","","","","","","","","","","0.54","0.185","0.185","0.000","0.000","","","","","0.91","","","","","","","","","","","","","","","","","","","","","","","","","","","","","","","","","","","","","","","","","","","","","","","","","","","f307ac6557032860c36e8d4fcc4505857c57d763-1-ec46a76caac7e7e63c9a6df206b86531a1d3f8ba","f307ac6557032860c36e8d4fcc4505857c57d763","root.record.ItemExhibitList.P5Item","f307ac6557032860c36e8d4fcc4505857c57d763-3-fd8283408dba454cc49e4388c774abec7580cdaa"
"AFNet SIPR Modernization - Prime Contract","","","","","","","","","","","","","","","","","","","","0.000","0.000","","","","","","","","","","","","","","","","","","","","","","","","","","","","","","","","","","","","","","","","","","","","","","","","","A","","f4f476f9dc6a2c691ea23797c7f42eb5594cfbca-0-57d6d90942b6e825f934f748d462509f2f18cad2","f4f476f9dc6a2c691ea23797c7f42eb5594cfbca","root.record.ItemExhibitList.P5Item","f4f476f9dc6a2c691ea23797c7f42eb5594cfbca-0-7181c0f7cc6c54a3afd178bc9971c388eb933de6"
"AFNet Enclave Control Nodes - Prime Contract","","","","","","4","1","1","1","1","","0.000","26.619","0.000","","","","","14.42","0.000","65.87","","24.831","","","","","","16.468","0.000","26.619","14.42","24.831","","","","","","","","","","","","","","","","","","","","","","","","","","","","","","","","","","","","","A","","f4f476f9dc6a2c691ea23797c7f42eb5594cfbca-0-ae4737f88391f39898a6072bd0497fb915d2fbcf","f4f476f9dc6a2c691ea23797c7f42eb5594cfbca","root.record.ItemExhibitList.P5Item","f4f476f9dc6a2c691ea23797c7f42eb5594cfbca-1-01b2082799fc80b3e123ef13bdc7e755648f9f7a"
"AFNet Host Based Security System - Prime Contract","","1","1","1","1","7","","1","1","1","1","0.000","8.453","8.579","8.859","8.859","9.183","9.446","9.573","0.000","63.893","","9.8","","8.579","8.859","8.859","9.183","9.128","","8.453","9.573","9.8","9.446","","","","","","","","","","","","","","","","","","","","","","","","","","","","","","","","","","","","A","","f4f476f9dc6a2c691ea23797c7f42eb5594cfbca-0-f1f8fc2e6e485a219f2f695e281606c45ba1d3e9","f4f476f9dc6a2c691ea23797c7f42eb5594cfbca","root.record.ItemExhibitList.P5Item","f4f476f9dc6a2c691ea23797c7f42eb5594cfbca-2-1fc0722766a4fc6563e9ec2b5ebb2930a5fd0247"
"AFNet Vulnerability Management - Prime Contract","","1","","","","2","","1","","","","","4.106","1.186","","","","","","0.000","5.292","","","","1.186","","","","2.646","","4.106","","","","","","","","","","","","","","","","","","","","","","","","","","","","","","","","","","","","","","","A","","f4f476f9dc6a2c691ea23797c7f42eb5594cfbca-0-3d9f97dd279a7f57379bb3c4226d62c275b4c979","f4f476f9dc6a2c691ea23797c7f42eb5594cfbca","root.record.ItemExhibitList.P5Item","f4f476f9dc6a2c691ea23797c7f42eb5594cfbca-3-e55d2e286c4827b00844eee08bd1be68c8816bd9"
"AFNet NIPRNet Gateway - Prime Contract","","1","1","1","1","6","","","1","1","1","","26.199","18.382","26.994","26.994","27.545","28.107","28.68","0.000","184.587","","28.68","","18.382","26.994","26.994","27.545","30.765","","","28.68","28.68","28.107","","","","","","","","","","","","","","","","","","","","","","","","","","","","","","","","","","","","A","","f4f476f9dc6a2c691ea23797c7f42eb5594cfbca-0-b9388d5eb003942fe88a38b28ab5fec02d889d15","f4f476f9dc6a2c691ea23797c7f42eb5594cfbca","root.record.ItemExhibitList.P5Item","f4f476f9dc6a2c691ea23797c7f42eb5594cfbca-4-022b4cd3021ae8decc22e696c4107c4158719658"
"AFNet Infrastructure - Prime Contract","","1","1","1","1","7","","1","1","1","1","","21.398","30.009","28.855","28.855","75.386","112.837","93.942","0.000","431.499","","69.072","","30.009","28.855","28.855","75.386","61.643","","21.398","93.942","69.072","112.837","","","","","","","","","","","","","","","","","","","","","","","","","","","","","","","","","","","","A","","f4f476f9dc6a2c691ea23797c7f42eb5594cfbca-1-af450f117dc4e194effd9c9c73150a74ba0cac26","f4f476f9dc6a2c691ea23797c7f42eb5594cfbca","root.record.ItemExhibitList.P5Item","f4f476f9dc6a2c691ea23797c7f42eb5594cfbca-4-022b4cd3021ae8decc22e696c4107c4158719658"
"AFNet NIPRNet Gateway - Prime Contract","","","1","1","1","2","","","","","","0","0","0","11.6","11.6","2.456","","","0","14.056","0","","","","11.6","11.6","2.456","7.028","","","","","","","","","","","","","","","","","","","","","","","","","","","","","","","","","","","","","","","","root.record.ItemExhibitList.P5Item.CostElementCategoryList.PackageFielding.Recurring.CostElementList.CostElement.ManufacturerList-0cfa9e80d60981f3bddf6ffe7cfb8279d6635151-0-945ebae7c26975d3326bb331e442b9414ecaf6c4","","","0cfa9e80d60981f3bddf6ffe7cfb8279d6635151-0-d70d8341c15697fea88cb149565b516dbd356be1","0cfa9e80d60981f3bddf6ffe7cfb8279d6635151","root.record.ItemExhibitList.P5Item","0cfa9e80d60981f3bddf6ffe7cfb8279d6635151-0-25c10b682845d7a8503a538af83746b76aab3319"
"AFNet Infrastructure - Prime Contract","","","1","1","1","5","","","1","1","1","0","","","16.329","16.329","0.943","59.394","67.13","0","219.876","","76.08","","","16.329","16.329","0.943","43.975","","","67.13","76.08","59.394","","","","","","","","","","","","","","","","","","","","","","","","","","","","","","","","","","","root.record.ItemExhibitList.P5Item.CostElementCategoryList.PackageFielding.Recurring.CostElementList.CostElement.ManufacturerList-0cfa9e80d60981f3bddf6ffe7cfb8279d6635151-1-0b274907f0e19e0d8706ca3235427ed6e37a990f","","","0cfa9e80d60981f3bddf6ffe7cfb8279d6635151-1-93af275a343b493188be4aa415e6ab26a1af2972","0cfa9e80d60981f3bddf6ffe7cfb8279d6635151","root.record.ItemExhibitList.P5Item","0cfa9e80d60981f3bddf6ffe7cfb8279d6635151-0-25c10b682845d7a8503a538af83746b76aab3319"
"AFNet Enclave Control Nodes - Prime Contract","","","1","1","1","5","","","1","1","1","0","","","14.161","14.161","36.414","46.284","47.933","0","156.812","0","12.02","","","14.161","14.161","36.414","31.362","","","47.933","12.02","46.284","","","","","","","","","","","","","","","","","","","","","","","","","","","","","","","","","","","root.record.ItemExhibitList.P5Item.CostElementCategoryList.PackageFielding.Recurring.CostElementList.CostElement.ManufacturerList-0cfa9e80d60981f3bddf6ffe7cfb8279d6635151-0-59858527784ca7b804825f8018a0cd60f105fa64","","","0cfa9e80d60981f3bddf6ffe7cfb8279d6635151-0-5b5c8ce3aebbd8e43424979b06ad2eaa7dd6a675","0cfa9e80d60981f3bddf6ffe7cfb8279d6635151","root.record.ItemExhibitList.P5Item","0cfa9e80d60981f3bddf6ffe7cfb8279d6635151-1-0f907a8a2600dffa799f47651f41b2042afad810"
"AFNet Host Based Security System - Prime Contract","","1","1","1","1","7","","1","1","1","1","0","8.27","8.86","9.18","9.18","9.446","10.143","13.8","0","71.475","","11.776","","8.86","9.18","9.18","9.446","10.211","","8.27","13.8","11.776","10.143","","","","","","","","","","","","","","","","","","","","","","","","","","","","","","","","","","","root.record.ItemExhibitList.P5Item.CostElementCategoryList.PackageFielding.Recurring.CostElementList.CostElement.ManufacturerList-0cfa9e80d60981f3bddf6ffe7cfb8279d6635151-1-d5c430d47b50b6f8a9f9de7e9d75b942ef08f341","","","0cfa9e80d60981f3bddf6ffe7cfb8279d6635151-1-f5b08b52ced4f64e366d682a7848cf1bd63e69c5","0cfa9e80d60981f3bddf6ffe7cfb8279d6635151","root.record.ItemExhibitList.P5Item","0cfa9e80d60981f3bddf6ffe7cfb8279d6635151-1-0f907a8a2600dffa799f47651f41b2042afad810"
"AFNet NIPRNet Gateway - Prime Contract","","1","","","","2","","1","","","","0","41.05","8.8","","","","","","0","49.85","","","","8.8","","","","24.925","","41.05","","","","","","","","","","","","","","","","","","","","","","","","","","","","","","","","","","","","","","root.record.ItemExhibitList.P5Item.CostElementCategoryList.PackageFielding.Recurring.CostElementList.CostElement.ManufacturerList-0cfa9e80d60981f3bddf6ffe7cfb8279d6635151-2-3ec86f366e1f942455b1004fdb6a764be2f15f90","","","0cfa9e80d60981f3bddf6ffe7cfb8279d6635151-2-1eaff2e4f9fd91f54b09ad8611e3175001cf6e92","0cfa9e80d60981f3bddf6ffe7cfb8279d6635151","root.record.ItemExhibitList.P5Item","0cfa9e80d60981f3bddf6ffe7cfb8279d6635151-1-0f907a8a2600dffa799f47651f41b2042afad810"
"AFNet Infrastructure - Prime Contract","","1","","","","2","","1","","","","0","1.59","50.4","","","","","","0","51.99","","","","50.4","","","","25.995","","1.59","","","","","","","","","","","","","","","","","","","","","","","","","","","","","","","","","","","","","","root.record.ItemExhibitList.P5Item.CostElementCategoryList.PackageFielding.Recurring.CostElementList.CostElement.ManufacturerList-0cfa9e80d60981f3bddf6ffe7cfb8279d6635151-3-a08524648b662906dab385bf84b8015d820b57aa","","","0cfa9e80d60981f3bddf6ffe7cfb8279d6635151-3-8ed272e8d4a5a6e3cde21c5b676325ab4e0df1ea","0cfa9e80d60981f3bddf6ffe7cfb8279d6635151","root.record.ItemExhibitList.P5Item","0cfa9e80d60981f3bddf6ffe7cfb8279d6635151-1-0f907a8a2600dffa799f47651f41b2042afad810"
"Transportation","","","","","","","","","","","","","","0.106","0.132","0.132","","","","","","","","","","","","","","","","","","","","","","","","","","","","","","","","","","","","","","","","","","","","","","","","","","","","","","","","3a3642448abb8265765d938464b84f4c09dbd7d6-0-9ad73dfae8771be9d35235bfaf1da8f4ad4487eb","3a3642448abb8265765d938464b84f4c09dbd7d6","root.record.ItemExhibitList.P5Item","3a3642448abb8265765d938464b84f4c09dbd7d6-1-c6028f2826b297a07a832cd1a3ba0ac173ac0d94"
"Fielding","","","","","","","","","","","","","","","0.378","0.378","","","","","","","","","","","","","","","","","","","","","","","","","","","","","","","","","","","","","","","","","","","","","","","","","","","","","","","","3a3642448abb8265765d938464b84f4c09dbd7d6-1-999f455e8f2dfa78db4e634163346e3aa6398664","3a3642448abb8265765d938464b84f4c09dbd7d6","root.record.ItemExhibitList.P5Item","3a3642448abb8265765d938464b84f4c09dbd7d6-1-c6028f2826b297a07a832cd1a3ba0ac173ac0d94"
"Fielding Support","","","","","","","","","","","","","0.05","0.05","0.05","0.05","","","","","","","","","","","","","","","","","","","","","","","","","","","","","","","","","","","","","","","","","","","","","","","","","","","","","","","","3a3642448abb8265765d938464b84f4c09dbd7d6-0-eb57a7cccfbeed8a64cbecf82c96e7de70e84fd4","3a3642448abb8265765d938464b84f4c09dbd7d6","root.record.ItemExhibitList.P5Item","3a3642448abb8265765d938464b84f4c09dbd7d6-2-33af8df1078f8d13e075071c4f272605caae7762"
"Vaccinia Immune Globulin-Support Costs","","","","","","","","","","","","","0.185","0","0","0","","","","","","","","","","","","","","","","","","","","","","","","","","","","","","","","","","","","","","","","","","","","","","","","","","","","","","","","590374c7e5487d9378ff2a609811346faa6a2f08-0-eb820c78f8fbd940f89dd966e7a2cf9e0cdff62d","590374c7e5487d9378ff2a609811346faa6a2f08","root.record.ItemExhibitList.P5Item","590374c7e5487d9378ff2a609811346faa6a2f08-1-90603725fc8cd33ee2a03c5e184260226a24d6c6"
"New Equipment Training/Fielding Support","","","","","","","","","","","","2.394","0.714","0.728","0.532","0.532","","","","","","","","","","","","","","","","","","","","","","","","","","","","","","","","","","","","","","","","","","","","","","","","","","","","","","","","629aa8769c5f957116cf817f62f49fe0e3c2fd51-0-a54bb26b8095358fbe9e58401054594f8ca59850","629aa8769c5f957116cf817f62f49fe0e3c2fd51","root.record.ItemExhibitList.P5Item","629aa8769c5f957116cf817f62f49fe0e3c2fd51-0-0b48752ca5e54b0ac3e80519d2836422e71e7e63"
"Shipping Equipment to the Field","","","","","","","","","","","","0.214","0.138","0.146","0.11","0.11","","","","","","","","","","","","","","","","","","","","","","","","","","","","","","","","","","","","","","","","","","","","","","","","","","","","","","","","629aa8769c5f957116cf817f62f49fe0e3c2fd51-1-e012a4a9aba45a0b7439032605d826fad25f4832","629aa8769c5f957116cf817f62f49fe0e3c2fd51","root.record.ItemExhibitList.P5Item","629aa8769c5f957116cf817f62f49fe0e3c2fd51-0-0b48752ca5e54b0ac3e80519d2836422e71e7e63"
"Initial Spares","","","","","","","","","","","","","","0.82","0.296","0.296","","","","","","","","","","","","","","","","","","","","","","","","","","","","","","","","","","","","","","","","","","","","","","","","","","","","","","","","629aa8769c5f957116cf817f62f49fe0e3c2fd51-2-8a5b9a579f2cf6a6e47a880303ba2cb1eadeb77b","629aa8769c5f957116cf817f62f49fe0e3c2fd51","root.record.ItemExhibitList.P5Item","629aa8769c5f957116cf817f62f49fe0e3c2fd51-0-0b48752ca5e54b0ac3e80519d2836422e71e7e63"
"System Fielding Support (TPF, FDT, NET)","","","","","","","","","","","","0","0","0","0.813","0.813","","","","","0.813","","","","","","","","","","","","","","","","","","","","","","","","","","","","","","","","","","","","","","","","","","","","","","","","","","","6415a3c17a14b92407bb2724ffdc21bf53f5882d-0-5207f403138f0f7de335acc9af4eba52591a123b","6415a3c17a14b92407bb2724ffdc21bf53f5882d","root.record.ItemExhibitList.P5Item","6415a3c17a14b92407bb2724ffdc21bf53f5882d-0-ce7eabff4e18e03430b3f2796f75ff1a70f206be"
"JEM INCR. 2 - System Fielding Support (TPF, FDT, NET)","","","","","","","","","","","","0","0","0.766","1.327","1.327","","","","","","","","","","","","","","","","","","","","","","","","","","","","","","","","","","","","","","","","","","","","","","","","","","","","","","","","6415a3c17a14b92407bb2724ffdc21bf53f5882d-0-ae164c9bf0953eccf468ab93a6fa558415cb204c","6415a3c17a14b92407bb2724ffdc21bf53f5882d","root.record.ItemExhibitList.P5Item","6415a3c17a14b92407bb2724ffdc21bf53f5882d-5-985152d70b43042e3dc6b17c750040183a210297"
"JWARN INCR. 1 - System Fielding Support (TPF, FDT, NET)","","","","","","","","","","","","0","0","0.306","0","0","","","","","0.306","","","","","","","","","","","","","","","","","","","","","","","","","","","","","","","","","","","","","","","","","","","","","","","","","","","6415a3c17a14b92407bb2724ffdc21bf53f5882d-0-11789f6a63a6da2b68a1b0ff7d61ec0539ce9738","6415a3c17a14b92407bb2724ffdc21bf53f5882d","root.record.ItemExhibitList.P5Item","6415a3c17a14b92407bb2724ffdc21bf53f5882d-7-1e3a6f34e46cac42c214f2cd6ca48dad11e6d21c"
"1.a. Initial Fielding","","","1","1","4","6","","","","","1","","0","0","19.576","19.576","43.427","9.3","0","0","72.303","0","0","","","19.576","19.576","10.857","12.051","","","","","9.3","","","","","","","","","","","","","","","","","","","","","","","","","","","","","","","","","","","root.record.ItemExhibitList.P5Item.CostElementCategoryList.PackageFielding.Recurring.CostElementList.CostElement.ManufacturerList-697198f9858f66983f1eec71b2af1a32771de908-0-a074f1642b60d56390ceab681144e76e29bf7ae7","","","697198f9858f66983f1eec71b2af1a32771de908-0-769323265ced24c1535e8bb7d060ad3e29d9b9e3","697198f9858f66983f1eec71b2af1a32771de908","root.record.ItemExhibitList.P5Item","697198f9858f66983f1eec71b2af1a32771de908-0-521cd934c27f53b5151b9a5e898eab66eb2e2315"
"1.b. Capital Equipment Replacement","","","","","","","","","","","","","0","0","0","0","0","26.239","24.128","191.951","266.784","0","24.466","","","","","","","","","","","","","","","","","","","","","","","","","","","","","","","","","","","","","","","","","","","","","","","","","697198f9858f66983f1eec71b2af1a32771de908-1-3aa9a411e5f198a277d1191c72fce14185999b09","697198f9858f66983f1eec71b2af1a32771de908","root.record.ItemExhibitList.P5Item","697198f9858f66983f1eec71b2af1a32771de908-0-521cd934c27f53b5151b9a5e898eab66eb2e2315"
"1.c. Test Support (46TS)","","","","","","","","","","","","","0","0","0.54","0.54","0.55","0.56","0.57","4.55","7.35","0","0.58","","","","","","","","","","","","","","","","","","","","","","","","","","","","","","","","","","","","","","","","","","","","","","","","","697198f9858f66983f1eec71b2af1a32771de908-2-ec806b4691de7375263a8a5318dbe0a5389bf9a9","697198f9858f66983f1eec71b2af1a32771de908","root.record.ItemExhibitList.P5Item","697198f9858f66983f1eec71b2af1a32771de908-0-521cd934c27f53b5151b9a5e898eab66eb2e2315"
"1.d. Fielding Support","","","","","","","","","","","","","0","0","0.34","0.34","4","4.1","4.2","33.736","50.676","0","4.3","","","","","","","","","","","","","","","","","","","","","","","","","","","","","","","","","","","","","","","","","","","","","","","","","697198f9858f66983f1eec71b2af1a32771de908-3-1ec7038d4cc205bf7e1b79410f23b2b39777d137","697198f9858f66983f1eec71b2af1a32771de908","root.record.ItemExhibitList.P5Item","697198f9858f66983f1eec71b2af1a32771de908-0-521cd934c27f53b5151b9a5e898eab66eb2e2315"
"1.e. Training","","","","","","","","","","","","","0","0","1.51","1.51","0.6","0.7","0.8","7.061","11.571","0","0.9","","","","","","","","","","","","","","","","","","","","","","","","","","","","","","","","","","","","","","","","","","","","","","","","","697198f9858f66983f1eec71b2af1a32771de908-4-1dc4b1cc13eca351aa8f251c32b8e7674a97a68e","697198f9858f66983f1eec71b2af1a32771de908","root.record.ItemExhibitList.P5Item","697198f9858f66983f1eec71b2af1a32771de908-0-521cd934c27f53b5151b9a5e898eab66eb2e2315"
"1.b. TBMCS-FL Training & Fielding","","","","","","","","","","","","","1.641","2.247","2.21","2.21","","","","","","0","","","","","","","","","","","","","","","","","","","","","","","","","","","","","","","","","","","","","","","","","","","","","","","","","","8ae4b2f8aa8f3f6dd9afa8815e46296867f3b343-0-a0f089d1194e14a336e08a33247887a9fa2ac038","8ae4b2f8aa8f3f6dd9afa8815e46296867f3b343","root.record.ItemExhibitList.P5Item","8ae4b2f8aa8f3f6dd9afa8815e46296867f3b343-0-da4b61a652b5e4f3440ca23c2e54ff5a6a693f42"
"2.a. UC2 Hardware & COTS Software","","","","","","","","","","","","","2.255","3.088","2.378","2.378","","","","","","0","","","","","","","","","","","","","","","","","","","","","","","","","","","","","","","","","","","","","","","","","","","","","","","","","","8ae4b2f8aa8f3f6dd9afa8815e46296867f3b343-1-a593bba833aa7a699f3fdf6eb7b2aa55f3359874","8ae4b2f8aa8f3f6dd9afa8815e46296867f3b343","root.record.ItemExhibitList.P5Item","8ae4b2f8aa8f3f6dd9afa8815e46296867f3b343-0-da4b61a652b5e4f3440ca23c2e54ff5a6a693f42"
"3.a. PRC2 Hardware & COTS Software","","","","","","","","","","","","","0.426","0.73","0.765","0.765","","","","","","0","","","","","","","","","","","","","","","","","","","","","","","","","","","","","","","","","","","","","","","","","","","","","","","","","","8ae4b2f8aa8f3f6dd9afa8815e46296867f3b343-2-dd9bed0183e58f6ad07bed2ccd9c2672b317e6fe","8ae4b2f8aa8f3f6dd9afa8815e46296867f3b343","root.record.ItemExhibitList.P5Item","8ae4b2f8aa8f3f6dd9afa8815e46296867f3b343-0-da4b61a652b5e4f3440ca23c2e54ff5a6a693f42"
"JWARN INCR. 1 - System Fielding Support (TPF, FDT, NET)","","","","","","","","","","","","1.405","0.556","0","0","0","","","","","1.961","","","","","","","","","","","","","","","","","","","","","","","","","","","","","","","","","","","","","","","","","","","","","","","","","","","98c7da545428524b71226af02e81502aa9314c8d-0-39a0d2cf5901d2fafc29d780f9c88e2bce30a391","98c7da545428524b71226af02e81502aa9314c8d","root.record.ItemExhibitList.P5Item","98c7da545428524b71226af02e81502aa9314c8d-4-a043d85c3d2afeb4d634e12bb45581c31e3fe72d"
"Site Survey/Site Setup/Training","","","","","","","","","","","","0","","","","","","","","","","","","","","","","","","","","","","","","","","","","","","","","","","","","","","","","","","","","","","","","","","","","","","","","","","","","a5da9f672ab515531807b44ff4f470c8aafa2712-0-7f10f54486037d5553d7a0ae4dcfa4f977ca6413","a5da9f672ab515531807b44ff4f470c8aafa2712","root.record.ItemExhibitList.P5Item","a5da9f672ab515531807b44ff4f470c8aafa2712-1-c089b370dba39e1329cb0316e38153aa019c629d"
"Mission Support","","","","","","","","","","","","0","","","","","","","","","","","","","","","","","","","","","","","","","","","","","","","","","","","","","","","","","","","","","","","","","","","","","","","","","","","","a5da9f672ab515531807b44ff4f470c8aafa2712-1-119e316cb8e0684df65d7a046b19ec573b5adc63","a5da9f672ab515531807b44ff4f470c8aafa2712","root.record.ItemExhibitList.P5Item","a5da9f672ab515531807b44ff4f470c8aafa2712-1-c089b370dba39e1329cb0316e38153aa019c629d"
"New Equipment Training/Fielding Support","","","","","","","","","","","","1.746","0.5","0.5","0.5","0.5","","","","","","","","","","","","","","","","","","","","","","","","","","","","","","","","","","","","","","","","","","","","","","","","","","","","","","","","b820afdaf6c73025a052fe3805bfec4aec4d304f-0-f3cd12af92d870bd5cf551af840b6304824fe147","b820afdaf6c73025a052fe3805bfec4aec4d304f","root.record.ItemExhibitList.P5Item","b820afdaf6c73025a052fe3805bfec4aec4d304f-0-df659320f58eca5773ca3deb891717c857ec0ee5"
"Other Government Agencies","","","","","","","","","","","","0.56","0.55","","0.1","0.1","","","","","","","","","","","","","","","","","","","","","","","","","","","","","","","","","","","","","","","","","","","","","","","","","","","","","","","","b820afdaf6c73025a052fe3805bfec4aec4d304f-1-4e3f09cd806669caefd630da8bfabe3b0879e3ee","b820afdaf6c73025a052fe3805bfec4aec4d304f","root.record.ItemExhibitList.P5Item","b820afdaf6c73025a052fe3805bfec4aec4d304f-0-df659320f58eca5773ca3deb891717c857ec0ee5"
"New Equipment Training/Fielding Support","","","","","","","","","","","","0.742","0.04","0.03","0.03","0.03","","","","","","","","","","","","","","","","","","","","","","","","","","","","","","","","","","","","","","","","","","","","","","","","","","","","","","","","ed8ed275a6fce510464c14d223576fe0e52107cf-0-ce55848a86f8a2addb9fcc48dbf4d1b9da8def8a","ed8ed275a6fce510464c14d223576fe0e52107cf","root.record.ItemExhibitList.P5Item","ed8ed275a6fce510464c14d223576fe0e52107cf-0-e43f054d3fa2854021f7e70ddf3d67f0c4d456e7"
"Vaccinia Immune Globulin-Support Costs","","","","","","","","","","","","0","0","0.185","0.185","0.185","","","","","","","","","","","","","","","","","","","","","","","","","","","","","","","","","","","","","","","","","","","","","","","","","","","","","","","","eee116c7c43c5d47ca9932f538f97734878e24a7-0-63feb80b1dba09b14e9bc6b1ec7401d760c6c4d9","eee116c7c43c5d47ca9932f538f97734878e24a7","root.record.ItemExhibitList.P5Item","eee116c7c43c5d47ca9932f538f97734878e24a7-5-f01810ca77ce45042f65d41cc5adbeb63626dfba"
"System Fielding Support","","","","","","","","","","","","","","","","","","","","","","","","","","","","","","","","","","","","","","0.801","","","0.05","","","0.000","","","0.000","","","","","","","","","","","","","","","","","","","","","","","","","1298a1f2c6659556f54e1207e5839a95db38b564-0-2dfcc7fba4902bb301a0a116b92707546edb921a","1298a1f2c6659556f54e1207e5839a95db38b564","root.record.ItemExhibitList.P5Item","1298a1f2c6659556f54e1207e5839a95db38b564-0-23b5fd272b8bb6e56837058cf49caf87e046e409"
"System Fielding Support","","","","","","","","","","","","","","","","","","","","","","","","","","","","","","","","","","","","","","0.5","","","0.075","","","0.16","","","0.16","","","","","","","","","","","","","","","","","","","","","0.000","","","","1298a1f2c6659556f54e1207e5839a95db38b564-0-5927b1a64d1d32fc7393bdd0d9dd454934ffff62","1298a1f2c6659556f54e1207e5839a95db38b564","root.record.ItemExhibitList.P5Item","1298a1f2c6659556f54e1207e5839a95db38b564-1-19febd4299b22e0d83dd3e2a84114e23303ef7ab"
"Fielding","","","","","","","","","","","","","","","","","","","","","","","","","","","","","","","","","","","","","","1.599","","","0.699","","","0.000","","","0.000","","","","","","","","","","","","","","","","","","","","","","","","","1298a1f2c6659556f54e1207e5839a95db38b564-0-031802ab232171c548574e2aa63c21a2086f5268","1298a1f2c6659556f54e1207e5839a95db38b564","root.record.ItemExhibitList.P5Item","1298a1f2c6659556f54e1207e5839a95db38b564-2-2e6034da929cd05295832c2cad253a2089622f00"
"System Fielding Support","","","","","","","","","","","","","","","","","","","","","","","","","","","","","","","","","","","","","","0.35","","","0.225","","","0.000","","","0.000","","","","","","","","","","","","","","","","","","","","","","","","","1298a1f2c6659556f54e1207e5839a95db38b564-0-7a6a88855324c4f9bc28db441a0f829e56c6db5d","1298a1f2c6659556f54e1207e5839a95db38b564","root.record.ItemExhibitList.P5Item","1298a1f2c6659556f54e1207e5839a95db38b564-3-779ccd3e997c6588b63be9578274e042caceffbb"
"Fielding Support","","","","","","","","","","","","","","","","","","","","","","","","","","","","","","","","","","","","","","0.000","","","0.187","","","0.187","","","0.187","","","","","","","","","","","","","","","","","","","","","0.000","","","","38de6458aec95045b90843d2833c437c0ee84d77-0-799dfb0b5171e2fee263ab8f029b3fc99fb9e7c3","38de6458aec95045b90843d2833c437c0ee84d77","root.record.ItemExhibitList.P5Item","38de6458aec95045b90843d2833c437c0ee84d77-0-c2ef1b0d00c7df1db369faf44c9b194f58b82119"
"New Equipment Training","","","","","","","","","","","","","","","","","","","","","","","","","","","","","","","","","","","","","","0.000","","","0.426","","","0.000","","","0.000","","","","","","","","","","","","","","","","","","","","","","","","","38de6458aec95045b90843d2833c437c0ee84d77-1-8d159a10ccda5d1ac004d3f8fae03000bd492270","38de6458aec95045b90843d2833c437c0ee84d77","root.record.ItemExhibitList.P5Item","38de6458aec95045b90843d2833c437c0ee84d77-0-c2ef1b0d00c7df1db369faf44c9b194f58b82119"
"Vaccinia Immune Globulin-Shipping Costs","","","","","","","","","","","","","","","","","","","","","","","","","","","","","","","","","","","0.18","","","0.18","","","0.18","","","0.185","","","0.185","","","","","","","","","","","","","","","","","","","","","","","","","6b867c6023dbdc182f4e0c5812c748017bce22a3-0-5e0ef2d40c76582107c6231de00c52d6b49a5947","6b867c6023dbdc182f4e0c5812c748017bce22a3","root.record.ItemExhibitList.P5Item","6b867c6023dbdc182f4e0c5812c748017bce22a3-3-884833ef9617f270d0f02b675e601eb2867bf090"
"Training (Combat Training Center)","","","","","","","","","","","","","","","","","","","","","","","","","","","","","","","","","","","","","","0.68","","","0.000","","","0.000","","","0.000","","","","","","","","","","","","","","","","","","","","","","","","","77047ac251257b7c7ddf1ac8e1e88b1aa12717a8-0-f59181bd26389434c30e95d1c8d797e4edb75fca","77047ac251257b7c7ddf1ac8e1e88b1aa12717a8","root.record.ItemExhibitList.P5Item","77047ac251257b7c7ddf1ac8e1e88b1aa12717a8-0-4373470575d952999272a05db27b22304b8bb2ee"
"Fielding","","","","","","","","","","","","","","","","","","","","","","","","","","","","","","","","","","","","","","31.124","","","0.000","","","0.000","","","0.000","","","","","","","","","","","","","","","","","","","","","","","","","77047ac251257b7c7ddf1ac8e1e88b1aa12717a8-1-dd21842d970729669cb43df7d2c9fb4805eaa443","77047ac251257b7c7ddf1ac8e1e88b1aa12717a8","root.record.ItemExhibitList.P5Item","77047ac251257b7c7ddf1ac8e1e88b1aa12717a8-0-4373470575d952999272a05db27b22304b8bb2ee"
"Op Site Activation","","","","","","","","","","","","","","","","","","","","","","","","","","","","","","","","","","","","","","0.345","","","0.000","","","0.000","","","0.000","","","","","","","","","","","","","","","","","","","","","","","","","77047ac251257b7c7ddf1ac8e1e88b1aa12717a8-2-2fa48059ba08364d6ea0ec7488285ee76990c0a1","77047ac251257b7c7ddf1ac8e1e88b1aa12717a8","root.record.ItemExhibitList.P5Item","77047ac251257b7c7ddf1ac8e1e88b1aa12717a8-0-4373470575d952999272a05db27b22304b8bb2ee"
"New Equipment Training","","","","","","","","","","","","","","","","","","","","","","","","","","","","","","","","","","","","","","0.769","","","0.784","","","0.8","","","0.8","","","","","","","","","","","","","","","","","","","","","0.000","","","","d7285634d3096679a275948275993b8192b642b3-0-9b533f773d7d0252f41f30041bc7fed3242f83d4","d7285634d3096679a275948275993b8192b642b3","root.record.ItemExhibitList.P5Item","d7285634d3096679a275948275993b8192b642b3-0-83f5d591bc5e9c108251c16977f3808eb0402d8b"
"Fielding","","","","","","","","","","","","","","","","","","","","","","","","","","","","","","","","","","","","","","0.272","","","0.277","","","0.283","","","0.283","","","","","","","","","","","","","","","","","","","","","0.000","","","","d7285634d3096679a275948275993b8192b642b3-1-d9f0340cf1326e711de308825d79023d7252390e","d7285634d3096679a275948275993b8192b642b3","root.record.ItemExhibitList.P5Item","d7285634d3096679a275948275993b8192b642b3-0-83f5d591bc5e9c108251c16977f3808eb0402d8b"
"Shipping Equipment to the Field","","","","","","","","","","","","","","","","","","","","","","","","","","","","","","","","","","","","","","0.214","","","0.151","","","0.134","","","0.134","","","","","","","","","","","","","","","","","","","","","0.000","","","","d7285634d3096679a275948275993b8192b642b3-2-646cb024a97719de6209f8aa4e6391fa4f4fdd53","d7285634d3096679a275948275993b8192b642b3","root.record.ItemExhibitList.P5Item","d7285634d3096679a275948275993b8192b642b3-0-83f5d591bc5e9c108251c16977f3808eb0402d8b"
"New Equipment Training","","","","","","","","","","","","","","","","","","","","","","","","","","","","","","","","","","","","","","0.237","","","0.398","","","0.5","","","0.5","","","","","","","","","","","","","","","","","","","","","0.000","","","","fc0f84f89e87d72867ead598164f3c7eb5c99070-0-be668274f9abd286ffbcbcc90089e668449a6631","fc0f84f89e87d72867ead598164f3c7eb5c99070","root.record.ItemExhibitList.P5Item","fc0f84f89e87d72867ead598164f3c7eb5c99070-0-16250e7197ed042e41f7c8e290d905606e254a83"
"Other Government Agencies","","","","","","","","","","","","","","","","","","","","","","","","","","","","","","","","","","","","","","0.075","","","0.075","","","0.075","","","0.075","","","","","","","","","","","","","","","","","","","","","0.000","","","","fc0f84f89e87d72867ead598164f3c7eb5c99070-1-d8fb66440d94977a0b16e5749e3b465de883f992","fc0f84f89e87d72867ead598164f3c7eb5c99070","root.record.ItemExhibitList.P5Item","fc0f84f89e87d72867ead598164f3c7eb5c99070-0-16250e7197ed042e41f7c8e290d905606e254a83"
