"Name_val","Name_@footnote","Cost_Quantity_AllPriorYears_val","Cost_Quantity_Total_val","Cost_Quantity_PriorYear_val","Cost_Quantity_CurrentYear_val","Cost_Quantity_BudgetYearOneBase_val","Cost_Quantity_BudgetYearOne_val","Cost_Quantity_BudgetYearOneOCO_val","Cost_TotalCost_AllPriorYears_val","Cost_TotalCost_ToComplete_val","Cost_TotalCost_Total_val","Cost_TotalCost_PriorYear_val","Cost_TotalCost_CurrentYear_val","Cost_TotalCost_BudgetYearOneBase_val","Cost_TotalCost_BudgetYearOne_val","Cost_TotalCost_BudgetYearOneOCO_val","Cost_UnitCost_AllPriorYears_val","Cost_UnitCost_Total_val","Cost_UnitCost_PriorYear_val","Cost_UnitCost_CurrentYear_val","Cost_UnitCost_BudgetYearOneBase_val","Cost_UnitCost_BudgetYearOne_val","Cost_UnitCost_BudgetYearOneOCO_val","Cost_AllPriorYears_UnitCost_val","Cost_AllPriorYears_Quantity_val","Cost_AllPriorYears_TotalCost_val","Cost_PriorYear_UnitCost_val","Cost_PriorYear_Quantity_val","Cost_PriorYear_TotalCost_val","Cost_CurrentYear_UnitCost_val","Cost_CurrentYear_Quantity_val","Cost_CurrentYear_TotalCost_val","Cost_BudgetYearOneBase_UnitCost_val","Cost_BudgetYearOneBase_Quantity_val","Cost_BudgetYearOneBase_TotalCost_val","Cost_BudgetYearOne_UnitCost_val","Cost_BudgetYearOne_Quantity_val","Cost_BudgetYearOne_TotalCost_val","Cost_ToComplete_UnitCost_val","Cost_ToComplete_Quantity_val","Cost_ToComplete_TotalCost_val","Cost_Total_UnitCost_val","Cost_Total_Quantity_val","Cost_Total_TotalCost_val","Cost_BudgetYearOneOCO_TotalCost_val","AllPriorYearsDeliveries_val","ManufacturerList_Manufacturer","IdCode_val","@ROWID","@RECORDID","@PARENT","@PARENTROWID"
"2.1 S2E2 Software","","4","4","","","","","","27.351","0","27.351","","","","","","6.838","6.838","","","","","","","","","","","","","","","","","","","","","","","","","","","","","","","1c63816929dfc727b7833fbe3cf54c67b2a6a3ea-0-74888587d2a7ae3d5b3e6d86a38fec9b485be7df","1c63816929dfc727b7833fbe3cf54c67b2a6a3ea","root.record.ItemExhibitList.P5Item","1c63816929dfc727b7833fbe3cf54c67b2a6a3ea-1-8a269f8ed55a68cd1c4b01e98672173c8976d746"
"Logistics Technology Assessment (LTA) SW","","1","","1","1","1","1","","83.412","","","1.05","0.728","0.842","0.842","","83412","","1050","728","842","842","","","","","","","","","","","","","","","","","","","","","","","","1","root.record.ItemExhibitList.P5Item.CostElementCategoryList.Software.NonRecurring.CostElementList.CostElement.ManufacturerList-6f849759560e292ae5d1247b4513cdf075cd2cb5-0-a2229df27e84680aae58d704660172625628fb9b","","6f849759560e292ae5d1247b4513cdf075cd2cb5-0-b1c8ae37ed0fbf3a9aa1a7adff3585129fb873b9","6f849759560e292ae5d1247b4513cdf075cd2cb5","root.record.ItemExhibitList.P5Item","6f849759560e292ae5d1247b4513cdf075cd2cb5-3-8641988a096344d750235d21975ad1d1e20e30c6"
"(HQDA ADPE) Software","","1","","1","1","1","1","","1.838","","","1.7","0.66","0.479","0.479","","1838","","1700","660","479","479","","","","","","","","","","","","","","","","","","","","","","","","1","root.record.ItemExhibitList.P5Item.CostElementCategoryList.Software.NonRecurring.CostElementList.CostElement.ManufacturerList-6f849759560e292ae5d1247b4513cdf075cd2cb5-0-e45abb956a6a6cd3ba5449ac21bb998dd684c4bf","","6f849759560e292ae5d1247b4513cdf075cd2cb5-0-6f43e14a5da5287ba97537cfda7e30127ea0d4ad","6f849759560e292ae5d1247b4513cdf075cd2cb5","root.record.ItemExhibitList.P5Item","6f849759560e292ae5d1247b4513cdf075cd2cb5-4-98b95e2ce6a8f83caa910b18dcf104189211995c"
"(PITI) Software","","1","","1","1","","","","66.44","","","5.04","5","","","","66440","","5040","5000","","","","","","","","","","","","","","","","","","","","","","","","","","1","root.record.ItemExhibitList.P5Item.CostElementCategoryList.Software.NonRecurring.CostElementList.CostElement.ManufacturerList-6f849759560e292ae5d1247b4513cdf075cd2cb5-1-7cdd4def7bd70bf704367e4cfd2083b1b00a731d","","6f849759560e292ae5d1247b4513cdf075cd2cb5-1-2f4e7f9a39e855a5d2813a2a588c56a5f64367b3","6f849759560e292ae5d1247b4513cdf075cd2cb5","root.record.ItemExhibitList.P5Item","6f849759560e292ae5d1247b4513cdf075cd2cb5-4-98b95e2ce6a8f83caa910b18dcf104189211995c"
"(ACI) Army-wide Software","","1","","","","1","1","","42.374","","","","","6.605","6.605","","42374","","","","6605","6605","","","","","","","","","","","","","","","","","","","","","","","","1","root.record.ItemExhibitList.P5Item.CostElementCategoryList.Software.NonRecurring.CostElementList.CostElement.ManufacturerList-6f849759560e292ae5d1247b4513cdf075cd2cb5-0-6f2fba718eb4ae0f2c2f6da193574b762282d82a","","6f849759560e292ae5d1247b4513cdf075cd2cb5-0-e452fe3dc6f918fee7656e1df37e05cfb14e5590","6f849759560e292ae5d1247b4513cdf075cd2cb5","root.record.ItemExhibitList.P5Item","6f849759560e292ae5d1247b4513cdf075cd2cb5-5-edea88575083547119208fc3090883f705f5f7b7"
"(BLSCE) Software","","1","","","","","","","0.523","","","","","","","","523","","","","","","","","","","","","","","","","","","","","","","","","","","","","","","","","6f849759560e292ae5d1247b4513cdf075cd2cb5-1-d948b232ccbe8f8c039789c7461e2d2e039723f8","6f849759560e292ae5d1247b4513cdf075cd2cb5","root.record.ItemExhibitList.P5Item","6f849759560e292ae5d1247b4513cdf075cd2cb5-5-edea88575083547119208fc3090883f705f5f7b7"
"(TIABCSTB) Software","","","","1","","","","","","","","0.434","","","","","","","434","","","","","","","","","","","","","","","","","","","","","","","","","","","","root.record.ItemExhibitList.P5Item.CostElementCategoryList.Software.NonRecurring.CostElementList.CostElement.ManufacturerList-6f849759560e292ae5d1247b4513cdf075cd2cb5-2-5adc2dba07f933614bb83693a84c2a6ea78b033b","","6f849759560e292ae5d1247b4513cdf075cd2cb5-2-5c7ddbd7c7aeb7fa9ad80babe87e65b8f6cb0866","6f849759560e292ae5d1247b4513cdf075cd2cb5","root.record.ItemExhibitList.P5Item","6f849759560e292ae5d1247b4513cdf075cd2cb5-5-edea88575083547119208fc3090883f705f5f7b7"
"(ATIA) Software","","1","","1","1","1","1","","0.119","","","0.049","0.151","0.147","0.147","","119","","49","151","147","147","","","","","","","","","","","","","","","","","","","","","","","","1","root.record.ItemExhibitList.P5Item.CostElementCategoryList.Software.NonRecurring.CostElementList.CostElement.ManufacturerList-6f849759560e292ae5d1247b4513cdf075cd2cb5-3-b1381431864ef0de432a6b96b3bcf90ddfb45e82","","6f849759560e292ae5d1247b4513cdf075cd2cb5-3-eb4febf70fc89c8fdbe02b216566463fdd0767b7","6f849759560e292ae5d1247b4513cdf075cd2cb5","root.record.ItemExhibitList.P5Item","6f849759560e292ae5d1247b4513cdf075cd2cb5-5-edea88575083547119208fc3090883f705f5f7b7"
"(SPS) Software","","1","","","","","","","0.804","","","","","","","","804","","","","","","","","","","","","","","","","","","","","","","","","","","","","","","","","6f849759560e292ae5d1247b4513cdf075cd2cb5-4-7b7e4aedc4d8a61b011a025eabb56a052ce437f8","6f849759560e292ae5d1247b4513cdf075cd2cb5","root.record.ItemExhibitList.P5Item","6f849759560e292ae5d1247b4513cdf075cd2cb5-5-edea88575083547119208fc3090883f705f5f7b7"
"(AcqBiz) Software","","1","","","","","","","0.71","","","","","","","","710","","","","","","","","","","","","","","","","","","","","","","","","","","","","","","","","6f849759560e292ae5d1247b4513cdf075cd2cb5-5-cbff00f7e37fb11ce886f4b5016729aecd0f7cc6","6f849759560e292ae5d1247b4513cdf075cd2cb5","root.record.ItemExhibitList.P5Item","6f849759560e292ae5d1247b4513cdf075cd2cb5-5-edea88575083547119208fc3090883f705f5f7b7"
"(ISM) Software","","1","","","","","","","0.835","","","","","","","","835","","","","","","","","","","","","","","","","","","","","","","","","","","","","","","","","6f849759560e292ae5d1247b4513cdf075cd2cb5-6-83d18245c92698620f461711efe68535867af4e0","6f849759560e292ae5d1247b4513cdf075cd2cb5","root.record.ItemExhibitList.P5Item","6f849759560e292ae5d1247b4513cdf075cd2cb5-5-edea88575083547119208fc3090883f705f5f7b7"
"(KT) Software","","1","","","","","","","17.049","","","","","","","","17049","","","","","","","","","","","","","","","","","","","","","","","","","","","","","","","","6f849759560e292ae5d1247b4513cdf075cd2cb5-7-72e58d45b4332515be2c7040f9bc03cbe3e110ed","6f849759560e292ae5d1247b4513cdf075cd2cb5","root.record.ItemExhibitList.P5Item","6f849759560e292ae5d1247b4513cdf075cd2cb5-5-edea88575083547119208fc3090883f705f5f7b7"
"(TJAGLCS Infrastructure) Software","","","","","1","1","1","","","","","","0.35","0.498","0.498","","","","","350","498","498","","","","","","","","","","","","","","","","","","","","","","","","","root.record.ItemExhibitList.P5Item.CostElementCategoryList.Software.NonRecurring.CostElementList.CostElement.ManufacturerList-6f849759560e292ae5d1247b4513cdf075cd2cb5-8-8822731ad6f066de010873f168eb076998bcf5c8","","6f849759560e292ae5d1247b4513cdf075cd2cb5-8-73da86def39323fd7922ec9bfb1eab687d7afce7","6f849759560e292ae5d1247b4513cdf075cd2cb5","root.record.ItemExhibitList.P5Item","6f849759560e292ae5d1247b4513cdf075cd2cb5-5-edea88575083547119208fc3090883f705f5f7b7"
"(ACCHR) Software","","1","","","","","","","2.011","","","","","","","","2011","","","","","","","","","","","","","","","","","","","","","","","","","","","","","","","","6f849759560e292ae5d1247b4513cdf075cd2cb5-0-d32cd5cd27fbb7523eeed5c85c1fd8ee21fc1bd5","6f849759560e292ae5d1247b4513cdf075cd2cb5","root.record.ItemExhibitList.P5Item","6f849759560e292ae5d1247b4513cdf075cd2cb5-6-6ae14c356dae15045e42df89113994ba95ae4ccc"
"Mission Data Set (MDS)","","","","","","","","","","","","0.234","1.805","6.506","6.506","","","","","","","","","","","","","","","","","","","","","","","","","","","","","","","","","","87689c319860cb39ae8048202a86c5df39e4d7b9-0-2b6abd5e19387d030bc85e9755852840856080e2","87689c319860cb39ae8048202a86c5df39e4d7b9","root.record.ItemExhibitList.P5Item","87689c319860cb39ae8048202a86c5df39e4d7b9-1-a4402341df2fc13e30a0a2bad9a4fa1fffa49b93"
"Other","","","","","","","","","","","","8.359","0.75","3.348","3.348","","","","","","","","","","","","","","","","","","","","","","","","","","","","","","","","","","87689c319860cb39ae8048202a86c5df39e4d7b9-1-eb811f41efbebf0ce78c971d2a7a2415f199ef7d","87689c319860cb39ae8048202a86c5df39e4d7b9","root.record.ItemExhibitList.P5Item","87689c319860cb39ae8048202a86c5df39e4d7b9-1-a4402341df2fc13e30a0a2bad9a4fa1fffa49b93"
"2.1 S2E2 Software","","","1","","1","","","","","0","6.7","","6.7","","","","","6.7","","6.7","","","","","","","","","","","","","","","","","","","","","","","","","","","","","8a412dc81e50142f8f284f41b328f96d84a887bf-0-9ad167648575f0a665cf28e878b7c9988bb6e29c","8a412dc81e50142f8f284f41b328f96d84a887bf","root.record.ItemExhibitList.P5Item","8a412dc81e50142f8f284f41b328f96d84a887bf-3-e2bc36962452a36b5d0509e753d7c5764cfecb3e"
"1.1.1) Training Aids, Devices, Simulators and Simulations","","","","","","","","","","","","0.77","0.829","","","","","","","","","","","","","","","","","","","","","","","","","","","","","","","","","","","","92b67a7c958a27460b88bd5d36cb13ca03dc4716-0-0898edd837f841b7a8e183ef6fd8b11bab0eb87a","92b67a7c958a27460b88bd5d36cb13ca03dc4716","root.record.ItemExhibitList.P5Item","92b67a7c958a27460b88bd5d36cb13ca03dc4716-0-ab4e357979ed3aac78001f64371d59f88618ed55"
"Software / Firmware","","","","","","","","","","","","","","0.378","0.378","","","","","","","","","","","","","","","","","","","","","","","","","","","","","","","","","","cbbf9b7977245b6974a4e764b864dc46d92969b6-0-3a537f0a693b1ebdc8b6b5a6cb5fecf0c649d32c","cbbf9b7977245b6974a4e764b864dc46d92969b6","root.record.ItemExhibitList.P5Item","cbbf9b7977245b6974a4e764b864dc46d92969b6-1-655ae8aa1abe25547529fd638629326379767e0d"
"Software Support","","","","","","","","","9.461","","","2.024","0.985","","","","","","","","","","","","","","","","","","","","","","","","","","","","","","","","","","","","dbd521487960fa364c42449f9713ef021ee004dd-0-cac5139d3224a166eb136938622a32d589364408","dbd521487960fa364c42449f9713ef021ee004dd","root.record.ItemExhibitList.P5Item","dbd521487960fa364c42449f9713ef021ee004dd-0-8ab80ca3edbd4c9745ff004b7cff6e6d73fed026"
"Calibration Software Environment","","","","","431","","","","","","","","1.55","","","","","","","3.596","","","","","","","","","","","","","","","","","","","","","","","","","","","","","e5a371d656815b4f1b36fb95831be3066a730b3e-0-4b165f18590db7b0d71bcc2c1a1035768b35f9e9","e5a371d656815b4f1b36fb95831be3066a730b3e","root.record.ItemExhibitList.P5Item","e5a371d656815b4f1b36fb95831be3066a730b3e-0-d9c54d27d8f759a80fa34c2304d4b0817f4a5b10"
"Purchase software; interface development; integration Host Based Security System","Reference footnote (5)","","","","","","","","","","","","","","","","","","","","","","","0.00","0","0.000","377353","1","0.377","","","","","","","","","","","","","","","","","","","A","2716d37d44e85f0f34dc04267a41a58174f205ff-0-e974fb1d135610cef052ae4f26314fb95fba3580","2716d37d44e85f0f34dc04267a41a58174f205ff","root.record.ItemExhibitList.P5Item","2716d37d44e85f0f34dc04267a41a58174f205ff-0-6394b1cb9d90e325accc5a02d146fb2ac7262f44"
"Installation, testing and sysadmin documentation Host based Security System","Reference footnote (5)","","","","","","","","","","","","","","","","","","","","","","","","","","201647","1","0.202","","","","","","","","","","","","","","","","","","","A","2716d37d44e85f0f34dc04267a41a58174f205ff-1-1e7c1420614dfa4b1a3a56320cc3601bbe93d62f","2716d37d44e85f0f34dc04267a41a58174f205ff","root.record.ItemExhibitList.P5Item","2716d37d44e85f0f34dc04267a41a58174f205ff-0-6394b1cb9d90e325accc5a02d146fb2ac7262f44"
"Development, Testing, Integration Email Architecture Upgrade","Reference footnote (5)","","","","","","","","","","","","","","","","","","","","","","","0.00","0","0.000","1028702","1","1.029","","","","","","","","","","","","","","","","","","","A","2716d37d44e85f0f34dc04267a41a58174f205ff-2-e22c1fa1cf2724983a067b66913fe65cd8b2932a","2716d37d44e85f0f34dc04267a41a58174f205ff","root.record.ItemExhibitList.P5Item","2716d37d44e85f0f34dc04267a41a58174f205ff-0-6394b1cb9d90e325accc5a02d146fb2ac7262f44"
"Computer, Modem, and Crypto Purchase Email Architecture Upgrade","Reference footnote (5)","","","","","","","","","","","","","","","","","","","","","","","","","","184763","1","0.185","","","","","","","","","","","","","","","","","","","A","2716d37d44e85f0f34dc04267a41a58174f205ff-3-b84a7959f794cb7543b9b072193dc7d7f76f4c42","2716d37d44e85f0f34dc04267a41a58174f205ff","root.record.ItemExhibitList.P5Item","2716d37d44e85f0f34dc04267a41a58174f205ff-0-6394b1cb9d90e325accc5a02d146fb2ac7262f44"
"NCS-Grand Forks Upgrades Email Architecture Upgrades","Reference footnote (5)","","","","","","","","","","","","","","","","","","","","","","","0.00","0","0.000","287000","1","0.287","","","","","","","","","","","","","","","","","","","A","2716d37d44e85f0f34dc04267a41a58174f205ff-4-f6747a21ad25986a1bce77c803e87d3c13d6730f","2716d37d44e85f0f34dc04267a41a58174f205ff","root.record.ItemExhibitList.P5Item","2716d37d44e85f0f34dc04267a41a58174f205ff-0-6394b1cb9d90e325accc5a02d146fb2ac7262f44"
"Installation and Program Management Activities Email Architecture Upgrades","Reference footnote (5)","","","","","","","","","","","","","","","","","","","","","","","0.00","0","0.000","","","","1225672","1","1.226","","","","","","","","","","","","","","0","root.record.ItemExhibitList.P5Item.CostElementCategoryList.Software.NonRecurring.CostElementList.CostElement.ManufacturerList-2716d37d44e85f0f34dc04267a41a58174f205ff-5-43d0ad73fbfbffc8f7f3aed3e637a9fc8ec7393a","A","2716d37d44e85f0f34dc04267a41a58174f205ff-5-393c17d8dbf51a79c43d89e41ff228d709aeb467","2716d37d44e85f0f34dc04267a41a58174f205ff","root.record.ItemExhibitList.P5Item","2716d37d44e85f0f34dc04267a41a58174f205ff-0-6394b1cb9d90e325accc5a02d146fb2ac7262f44"
"ELT Software","","","","","","","","","","","","","","","","","","","","","","","","","","75.884","2181","1","2.181","1125","1","1.125","282","1","0.282","282","1","0.282","","","","","","","","","root.record.ItemExhibitList.P5Item.CostElementCategoryList.Software.NonRecurring.CostElementList.CostElement.ManufacturerList-571239ea242e1e673bae4fee7eb23020af5fa084-0-303fba44a9283a2dbfbe889c245290d60d20984a","","571239ea242e1e673bae4fee7eb23020af5fa084-0-9937f4af93102a34896ccb9722cc19eef420208b","571239ea242e1e673bae4fee7eb23020af5fa084","root.record.ItemExhibitList.P5Item","571239ea242e1e673bae4fee7eb23020af5fa084-2-5f26e9e30d02a25b9912f8a71f4e8bd0334641aa"
"(HQDA ADPE) Software","","","","","","","","","","","","","","","","","","","","","","","","","","","990","1","0.99","616","1","0.616","1523","1","1.523","1523","1","1.523","","","","","","","","","root.record.ItemExhibitList.P5Item.CostElementCategoryList.Software.NonRecurring.CostElementList.CostElement.ManufacturerList-571239ea242e1e673bae4fee7eb23020af5fa084-0-24885a285e8c4a5ed1dc36b487628ab0cb30a8d9","","571239ea242e1e673bae4fee7eb23020af5fa084-0-1fd0cb8f5be1b729438761f0d0a3dc26839e5a2b","571239ea242e1e673bae4fee7eb23020af5fa084","root.record.ItemExhibitList.P5Item","571239ea242e1e673bae4fee7eb23020af5fa084-4-c1297cdc2ecf28b21fb4d365404d9601db0060f2"
"(PITI) Software","","","","","","","","","","","","","","","","","","","","","","","","","","","1584","1","1.584","3066","1","3.066","5040","1","5.04","5040","1","5.04","","","","","","","","","root.record.ItemExhibitList.P5Item.CostElementCategoryList.Software.NonRecurring.CostElementList.CostElement.ManufacturerList-571239ea242e1e673bae4fee7eb23020af5fa084-1-ca7d050b1ba86465c0a5e375373a82f88d1de932","","571239ea242e1e673bae4fee7eb23020af5fa084-1-9f89bc6787671942c2eb7ddb45c09f32f6d4797b","571239ea242e1e673bae4fee7eb23020af5fa084","root.record.ItemExhibitList.P5Item","571239ea242e1e673bae4fee7eb23020af5fa084-4-c1297cdc2ecf28b21fb4d365404d9601db0060f2"
"(LAAWS) Software","","","","","","","","","","","","","","","","","","","","","","","","","","","","","0.000","609","1","0.609","1620","1","1.62","1620","1","1.62","","","","","","","","","root.record.ItemExhibitList.P5Item.CostElementCategoryList.Software.NonRecurring.CostElementList.CostElement.ManufacturerList-571239ea242e1e673bae4fee7eb23020af5fa084-2-2f198ce1590a336314ecd2f0c0d41b6c077fe210","","571239ea242e1e673bae4fee7eb23020af5fa084-2-24b627582a922b5768969617c04dd610d0c8b015","571239ea242e1e673bae4fee7eb23020af5fa084","root.record.ItemExhibitList.P5Item","571239ea242e1e673bae4fee7eb23020af5fa084-4-c1297cdc2ecf28b21fb4d365404d9601db0060f2"
"(ACI) Army-wide Software","","","","","","","","","","","","","","","","","","","","","","","","","","","18056","1","18.056","300","1","0.3","","","0.000","","","0.000","","","","","","","","","root.record.ItemExhibitList.P5Item.CostElementCategoryList.Software.NonRecurring.CostElementList.CostElement.ManufacturerList-571239ea242e1e673bae4fee7eb23020af5fa084-0-995f36ea446661c8f03e7a40f4e2c650cc64c583","","571239ea242e1e673bae4fee7eb23020af5fa084-0-03831724a8bde875cbcae4b844b93c78bb53a593","571239ea242e1e673bae4fee7eb23020af5fa084","root.record.ItemExhibitList.P5Item","571239ea242e1e673bae4fee7eb23020af5fa084-5-0e4f28b2aa3206e8a27bf20a33d1b96bf26f7d20"
"(ISM) Software","","","","","","","","","","","","","","","","","","","","","","","","","","","281","1","0.281","","","0.000","","","0.000","","","0.000","","","","","","","","","root.record.ItemExhibitList.P5Item.CostElementCategoryList.Software.NonRecurring.CostElementList.CostElement.ManufacturerList-571239ea242e1e673bae4fee7eb23020af5fa084-1-a3e2677160a907907af93b6dcff1a84c34b9954f","","571239ea242e1e673bae4fee7eb23020af5fa084-1-f19fa32a2ee2fe1c666757f0690e5a6da847f30d","571239ea242e1e673bae4fee7eb23020af5fa084","root.record.ItemExhibitList.P5Item","571239ea242e1e673bae4fee7eb23020af5fa084-5-0e4f28b2aa3206e8a27bf20a33d1b96bf26f7d20"
"(BLSCE) Software","","","","","","","","","","","","","","","","","","","","","","","","","","","214","1","0.214","","","0.000","","","0.000","","","0.000","","","","","","","","","root.record.ItemExhibitList.P5Item.CostElementCategoryList.Software.NonRecurring.CostElementList.CostElement.ManufacturerList-571239ea242e1e673bae4fee7eb23020af5fa084-2-9914ece6936eba51805223086ad12736ae2de974","","571239ea242e1e673bae4fee7eb23020af5fa084-2-7f1574208c560edf8b41ad9b3737d29464501be2","571239ea242e1e673bae4fee7eb23020af5fa084","root.record.ItemExhibitList.P5Item","571239ea242e1e673bae4fee7eb23020af5fa084-5-0e4f28b2aa3206e8a27bf20a33d1b96bf26f7d20"
"(ATIS) Software","","","","","","","","","","","","","","","","","","","","","","","","","","","29","1","0.029","81","1","0.081","","","0.000","","","0.000","","","","","","","","","root.record.ItemExhibitList.P5Item.CostElementCategoryList.Software.NonRecurring.CostElementList.CostElement.ManufacturerList-571239ea242e1e673bae4fee7eb23020af5fa084-3-1931a6da13599fb4648b3969599715de3939d075","","571239ea242e1e673bae4fee7eb23020af5fa084-3-72888f9a66bb0f32c18bc97c46944e247d4b671f","571239ea242e1e673bae4fee7eb23020af5fa084","root.record.ItemExhibitList.P5Item","571239ea242e1e673bae4fee7eb23020af5fa084-5-0e4f28b2aa3206e8a27bf20a33d1b96bf26f7d20"
"(SPS) Software","","","","","","","","","","","","","","","","","","","","","","","","","","","","","0.000","259","1","0.259","","","0.000","","","0.000","","","","","","","","","root.record.ItemExhibitList.P5Item.CostElementCategoryList.Software.NonRecurring.CostElementList.CostElement.ManufacturerList-571239ea242e1e673bae4fee7eb23020af5fa084-4-d51488583cfd7e40e4282eaac119dc7b46147564","","571239ea242e1e673bae4fee7eb23020af5fa084-4-3a41d320c21a11499f60e1e5a088c5897a622da5","571239ea242e1e673bae4fee7eb23020af5fa084","root.record.ItemExhibitList.P5Item","571239ea242e1e673bae4fee7eb23020af5fa084-5-0e4f28b2aa3206e8a27bf20a33d1b96bf26f7d20"
"(AcqBiz) Software","","","","","","","","","","","","","","","","","","","","","","","","","","","130","1","0.13","95","1","0.095","","","0.000","","","0.000","","","","","","","","","root.record.ItemExhibitList.P5Item.CostElementCategoryList.Software.NonRecurring.CostElementList.CostElement.ManufacturerList-571239ea242e1e673bae4fee7eb23020af5fa084-5-17e77c08872db75bc521c627f78eae5b3130d246","","571239ea242e1e673bae4fee7eb23020af5fa084-5-2f62e062f44d6862e83f2ad2b2bed65c32377ace","571239ea242e1e673bae4fee7eb23020af5fa084","root.record.ItemExhibitList.P5Item","571239ea242e1e673bae4fee7eb23020af5fa084-5-0e4f28b2aa3206e8a27bf20a33d1b96bf26f7d20"
"(KT) Software","","","","","","","","","","","","","","","","","","","","","","","","","","","2348","1","2.348","","","0.000","","","0.000","","","0.000","","","","","","","","","root.record.ItemExhibitList.P5Item.CostElementCategoryList.Software.NonRecurring.CostElementList.CostElement.ManufacturerList-571239ea242e1e673bae4fee7eb23020af5fa084-6-edd5f77e0838fe2c925d1d7958954b347c175a97","","571239ea242e1e673bae4fee7eb23020af5fa084-6-4ae826aea7e092ad2802f6b698b30999d39c78b6","571239ea242e1e673bae4fee7eb23020af5fa084","root.record.ItemExhibitList.P5Item","571239ea242e1e673bae4fee7eb23020af5fa084-5-0e4f28b2aa3206e8a27bf20a33d1b96bf26f7d20"
"(WIPC)  Software","","","","","","","","","","","","","","","","","","","","","","","","","","","","","0.000","1794","1","1.794","","","0.000","","","0.000","","","","","","","","","root.record.ItemExhibitList.P5Item.CostElementCategoryList.Software.NonRecurring.CostElementList.CostElement.ManufacturerList-571239ea242e1e673bae4fee7eb23020af5fa084-7-3854611b59d7fb46e460a21a8b2a28a3bbe58674","","571239ea242e1e673bae4fee7eb23020af5fa084-7-ce058b9a4f1dccfeea00132631438b0412866387","571239ea242e1e673bae4fee7eb23020af5fa084","root.record.ItemExhibitList.P5Item","571239ea242e1e673bae4fee7eb23020af5fa084-5-0e4f28b2aa3206e8a27bf20a33d1b96bf26f7d20"
"(ACCHR) Software NonRecurring","","","","","","","","","","","","","","","","","","","","","","","","","","","","","0.000","","","0.000","1672","1","1.672","1672","1","1.672","","","","","","","","","root.record.ItemExhibitList.P5Item.CostElementCategoryList.Software.NonRecurring.CostElementList.CostElement.ManufacturerList-571239ea242e1e673bae4fee7eb23020af5fa084-0-7c997f5fc405345779b32ebdd541719d73b47ce5","","571239ea242e1e673bae4fee7eb23020af5fa084-0-f3b5b5edef3afbb15b309c982ee0f4911b5ca9c2","571239ea242e1e673bae4fee7eb23020af5fa084","root.record.ItemExhibitList.P5Item","571239ea242e1e673bae4fee7eb23020af5fa084-6-7ba95566da8c2fe0ed380d1a9b7dca2c7b8e6296"
"(IPPS-A) Software NonRecurring","","","","","","","","","","","","","","","","","","","","","","","","","","","","","0.000","1056","1","1.056","22589","1","22.589","22589","1","22.589","","","","","","","","","root.record.ItemExhibitList.P5Item.CostElementCategoryList.Software.NonRecurring.CostElementList.CostElement.ManufacturerList-571239ea242e1e673bae4fee7eb23020af5fa084-1-cc0bbf2e27a3ee75f6abc607f283454bdd3553dd","","571239ea242e1e673bae4fee7eb23020af5fa084-1-bfee04dce653f2eae27d6642ed7bd96f7430c9d8","571239ea242e1e673bae4fee7eb23020af5fa084","root.record.ItemExhibitList.P5Item","571239ea242e1e673bae4fee7eb23020af5fa084-6-7ba95566da8c2fe0ed380d1a9b7dca2c7b8e6296"
"2.1 S2E2 Software Non-Recurring","","","","","","","","","","","","","","","","","","","","","","","","6.3","1","6.3","14.35","1","14.35","9.4","1","9.4","1.2","1","1.2","1.2","1","1.2","0.000","0","0.000","7.813","4","31.25","","","","A","7f8d22ba4c1b17c064e47f19f0e52c9d3c13551f-0-84502f5a9f69d0c624ae858aa7dfdff7c661be86","7f8d22ba4c1b17c064e47f19f0e52c9d3c13551f","root.record.ItemExhibitList.P5Item","7f8d22ba4c1b17c064e47f19f0e52c9d3c13551f-2-8d7868b3b709ab4ac2b38520a1e4f9b4b6c68646"
"3.1 SBIRS UHF Radio Upgrade Software Maint Facility Upgrade","","","","","","","","","","","","","","","","","","","","","","","","4.685","1","4.685","","","0.000","","","0.000","","","0.000","","","0.000","0.000","0","0.000","4.685","1","4.685","","","","A","7f8d22ba4c1b17c064e47f19f0e52c9d3c13551f-0-da8af1ead0f32dcc95f145cd32da15d2bcc89afb","7f8d22ba4c1b17c064e47f19f0e52c9d3c13551f","root.record.ItemExhibitList.P5Item","7f8d22ba4c1b17c064e47f19f0e52c9d3c13551f-3-9f97813c8f9874f152900e45d4c141b255d4cd26"
"2.2.1) 64 Bit ECP","","","","","","","","","","","","1.215","","","","","","","","","","","","","","","","","","","","","","","","","","","","","","","","","","","","","146148c520477c894d8b11d61f35959d13c05fb7-0-7201b36b2edff73a825588cf35e603d51a9fda33","146148c520477c894d8b11d61f35959d13c05fb7","root.record.ItemExhibitList.P5Item","146148c520477c894d8b11d61f35959d13c05fb7-0-f28179aadc0c85e635afe825c63d2a1f988c9f2d"
"2.2.2) GEOINT S/W","","","","","","212","212","","","","","","","2.915","2.915","","","","","","13750","13750","","","","","","","","","","","","","","","","","","","","","","","","","","","146148c520477c894d8b11d61f35959d13c05fb7-1-591daae1eef55ccc755c522bbe65a59960be7fe7","146148c520477c894d8b11d61f35959d13c05fb7","root.record.ItemExhibitList.P5Item","146148c520477c894d8b11d61f35959d13c05fb7-0-f28179aadc0c85e635afe825c63d2a1f988c9f2d"
"2.2.3) GEOINT S/W - Reserves","","","","","","8","8","","","","","","","0.11","0.11","","","","","","13750","13750","","","","","","","","","","","","","","","","","","","","","","","","","","","146148c520477c894d8b11d61f35959d13c05fb7-2-79711267d3803ed7eafc192fc125f72f2d25eab8","146148c520477c894d8b11d61f35959d13c05fb7","root.record.ItemExhibitList.P5Item","146148c520477c894d8b11d61f35959d13c05fb7-0-f28179aadc0c85e635afe825c63d2a1f988c9f2d"
"2.2.4) VIP-MC S/W","","","","","","","","","","","","","","0.04","0.04","","","","","","","","","","","","","","","","","","","","","","","","","","","","","","","","","","146148c520477c894d8b11d61f35959d13c05fb7-3-548f9bf6732e054a9cce95b81e17dca51787375c","146148c520477c894d8b11d61f35959d13c05fb7","root.record.ItemExhibitList.P5Item","146148c520477c894d8b11d61f35959d13c05fb7-0-f28179aadc0c85e635afe825c63d2a1f988c9f2d"
"3.1.1) Training Aids, Devices, Simulators and Simulations","","","","","","","","","","","","","","0.77","0.77","","","","","","","","","","","","","","","","","","","","","","","","","","","","","","","","","","175667988b08e024136cd06c22ae39aabab20536-0-39e5bcbfb0a85a3e93bed03cab8c9bc0cfad78bc","175667988b08e024136cd06c22ae39aabab20536","root.record.ItemExhibitList.P5Item","175667988b08e024136cd06c22ae39aabab20536-0-bdb337c730b15cc73b2022b3977daca36a9f2c56"
"2.1 S2E2 Software Non-Recurring","","2","4","1","1","","","","20.65","0.000","27.35","5.5","1.2","","","","10.325","6.838","5.5","1.2","","","","","","","","","","","","","","","","","","","","","","","","","","","","A","19b2906e6a3b9bbc1b28c4632864bf387c585b02-0-a371802074830a71532421c2453aa6c4bfee1621","19b2906e6a3b9bbc1b28c4632864bf387c585b02","root.record.ItemExhibitList.P5Item","19b2906e6a3b9bbc1b28c4632864bf387c585b02-1-0f28de54cf7a47908d999b09456713f45e46eaa9"
"3.1.1) Software","","","","","","","","","0.001","","","","","","","","","","","","","","","","","","","","","","","","","","","","","","","","","","","","","","","","229f4796f1e91030a9083c1d92269874b81d1626-0-66d204e0344699e24a1d915dd31875ef3dcb1fc8","229f4796f1e91030a9083c1d92269874b81d1626","root.record.ItemExhibitList.P5Item","229f4796f1e91030a9083c1d92269874b81d1626-0-22bf769bc8dbcbad09f2d91a2b150aa5f82fa019"
"HFGCS Email Architecture Upgrades/Redundancy","Effort consists of a single project with multiple low-quantity subsets that have an individual cost of less than $5 million","","","1","","","","","","","","1.883","","","","","","","1.883","","","","","","","","","","","","","","","","","","","","","","","","","","","","","A","6971613bea829a3c0e42304e66ee4faac38ba79c-0-c5fcb1740d2edfeaf5bcf64a313d64c4346266ce","6971613bea829a3c0e42304e66ee4faac38ba79c","root.record.ItemExhibitList.P5Item","6971613bea829a3c0e42304e66ee4faac38ba79c-0-cacee6841919e09da000d7d3625b1866e071ec0f"
"Emerging Logistics Technologies (ELT) SW","","1","","","1","1","1","","80.068","","","","1.175","1.065","1.065","","80068","","","1175","1065","1065","","","","","","","","","","","","","","","","","","","","","","","","1","root.record.ItemExhibitList.P5Item.CostElementCategoryList.Software.NonRecurring.CostElementList.CostElement.ManufacturerList-a4b82838d22cfbf1da667ad790027d833a60a900-0-5c3d1d6682beec5917dad7ef7808e4a6a30e762b","","a4b82838d22cfbf1da667ad790027d833a60a900-0-b64c29771a004e5ca9520559c0a2bcef8c80a5e1","a4b82838d22cfbf1da667ad790027d833a60a900","root.record.ItemExhibitList.P5Item","a4b82838d22cfbf1da667ad790027d833a60a900-2-eb13bdaa0bd14b86c57c325f4cce7793a7f6ea3d"
"(HQDA ADPE) Software","","1","","","1","1","1","","0.99","","","","0.496","1.7","1.7","","990","","","496","1700","1700","","","","","","","","","","","","","","","","","","","","","","","","1","root.record.ItemExhibitList.P5Item.CostElementCategoryList.Software.NonRecurring.CostElementList.CostElement.ManufacturerList-a4b82838d22cfbf1da667ad790027d833a60a900-0-bf5504b35215572a387652720e1d374a30c9898d","","a4b82838d22cfbf1da667ad790027d833a60a900-0-46ebb5699597ee15f7b533c9b87590db5b6bfe7a","a4b82838d22cfbf1da667ad790027d833a60a900","root.record.ItemExhibitList.P5Item","a4b82838d22cfbf1da667ad790027d833a60a900-4-396c44502421c83536fbd503ea7b01489dec5234"
"(PITI) Software","","1","","1","1","1","1","","1.584","","","2.299","5.04","6.041","6.041","","1584","","2299","5040","6041","6041","","","","","","","","","","","","","","","","","","","","","","","","1","root.record.ItemExhibitList.P5Item.CostElementCategoryList.Software.NonRecurring.CostElementList.CostElement.ManufacturerList-a4b82838d22cfbf1da667ad790027d833a60a900-1-10d9f474c59cafcb719529ac605585a1ff56dfbd","","a4b82838d22cfbf1da667ad790027d833a60a900-1-8d1c5f27424d48f54cea6e38e53dd9f1fae8e6c2","a4b82838d22cfbf1da667ad790027d833a60a900","root.record.ItemExhibitList.P5Item","a4b82838d22cfbf1da667ad790027d833a60a900-4-396c44502421c83536fbd503ea7b01489dec5234"
"(LAAWS) Software","","","","","","1","1","","","","","","","0.761","0.761","","","","","","761","761","","","","","","","","","","","","","","","","","","","","","","","","","root.record.ItemExhibitList.P5Item.CostElementCategoryList.Software.NonRecurring.CostElementList.CostElement.ManufacturerList-a4b82838d22cfbf1da667ad790027d833a60a900-2-ac3230973ff2430162d78969f10d94e97faa7ad9","","a4b82838d22cfbf1da667ad790027d833a60a900-2-b61001e97a9429a32534edb93d8123f9c38924bb","a4b82838d22cfbf1da667ad790027d833a60a900","root.record.ItemExhibitList.P5Item","a4b82838d22cfbf1da667ad790027d833a60a900-4-396c44502421c83536fbd503ea7b01489dec5234"
"(ACI) Army-wide Software","","1","","","","","","","24.318","","","","","","","","24318","","","","","","","","","","","","","","","","","","","","","","","","","","","","","1","root.record.ItemExhibitList.P5Item.CostElementCategoryList.Software.NonRecurring.CostElementList.CostElement.ManufacturerList-a4b82838d22cfbf1da667ad790027d833a60a900-0-4dfaa9a4669389558fbbe9d60afb22287a0475ed","","a4b82838d22cfbf1da667ad790027d833a60a900-0-d19e2dc2ed7a0123263c030f00294da507839646","a4b82838d22cfbf1da667ad790027d833a60a900","root.record.ItemExhibitList.P5Item","a4b82838d22cfbf1da667ad790027d833a60a900-5-368d31b168d937a29f87b2f55fa7c1269f4d7b84"
"(BLSCE) Software","","1","","","","","","","0.309","","","","","","","","309","","","","","","","","","","","","","","","","","","","","","","","","","","","","","","","","a4b82838d22cfbf1da667ad790027d833a60a900-1-e2e31f84b2e0f0dbb81d4f4d27478c4658cbc6cc","a4b82838d22cfbf1da667ad790027d833a60a900","root.record.ItemExhibitList.P5Item","a4b82838d22cfbf1da667ad790027d833a60a900-5-368d31b168d937a29f87b2f55fa7c1269f4d7b84"
"(ATIS) Software","","1","","","","1","1","","0.09","","","","","0.155","0.155","","90","","","","155","155","","","","","","","","","","","","","","","","","","","","","","","","1","root.record.ItemExhibitList.P5Item.CostElementCategoryList.Software.NonRecurring.CostElementList.CostElement.ManufacturerList-a4b82838d22cfbf1da667ad790027d833a60a900-2-964f8e68eb5c634421e7bf2eb8bd6c52d2143ed9","","a4b82838d22cfbf1da667ad790027d833a60a900-2-57e26280d655314b1b739e9efdacc2db9e249164","a4b82838d22cfbf1da667ad790027d833a60a900","root.record.ItemExhibitList.P5Item","a4b82838d22cfbf1da667ad790027d833a60a900-5-368d31b168d937a29f87b2f55fa7c1269f4d7b84"
"(SPS) Software","","1","","","","","","","0.804","","","","","","","","804","","","","","","","","","","","","","","","","","","","","","","","","","","","","","","","","a4b82838d22cfbf1da667ad790027d833a60a900-3-ae3bebf762211b408cdc21b6a7f858236e812f76","a4b82838d22cfbf1da667ad790027d833a60a900","root.record.ItemExhibitList.P5Item","a4b82838d22cfbf1da667ad790027d833a60a900-5-368d31b168d937a29f87b2f55fa7c1269f4d7b84"
"(AcqBiz) Software","","1","","","","","","","0.58","","","","","","","","580","","","","","","","","","","","","","","","","","","","","","","","","","","","","","","","","a4b82838d22cfbf1da667ad790027d833a60a900-4-e57241626cee7b7b464701371c2fc939799fd425","a4b82838d22cfbf1da667ad790027d833a60a900","root.record.ItemExhibitList.P5Item","a4b82838d22cfbf1da667ad790027d833a60a900-5-368d31b168d937a29f87b2f55fa7c1269f4d7b84"
"(TIABCSTB) Software","","","","","","1","1","","","","","","","0.451","0.451","","","","","","451","451","","","","","","","","","","","","","","","","","","","","","","","","","root.record.ItemExhibitList.P5Item.CostElementCategoryList.Software.NonRecurring.CostElementList.CostElement.ManufacturerList-a4b82838d22cfbf1da667ad790027d833a60a900-5-99a7be17366b31cde9a5b6b388060a1b46e47183","","a4b82838d22cfbf1da667ad790027d833a60a900-5-c19b762796173639f9f08b3fa4d2bacf6504d908","a4b82838d22cfbf1da667ad790027d833a60a900","root.record.ItemExhibitList.P5Item","a4b82838d22cfbf1da667ad790027d833a60a900-5-368d31b168d937a29f87b2f55fa7c1269f4d7b84"
"(ACWS) Software","","","","","","1","1","","","","","","","1.411","1.411","","","","","","1411","1411","","","","","","","","","","","","","","","","","","","","","","","","","root.record.ItemExhibitList.P5Item.CostElementCategoryList.Software.NonRecurring.CostElementList.CostElement.ManufacturerList-a4b82838d22cfbf1da667ad790027d833a60a900-6-53dad355eae16077e1b45e425fd6d41215a985af","","a4b82838d22cfbf1da667ad790027d833a60a900-6-c7b236b4acf3ce1aeb6bd97d101f23fd7b218bf1","a4b82838d22cfbf1da667ad790027d833a60a900","root.record.ItemExhibitList.P5Item","a4b82838d22cfbf1da667ad790027d833a60a900-5-368d31b168d937a29f87b2f55fa7c1269f4d7b84"
"(ISM) Software","","1","","","","","","","0.554","","","","","","","","554","","","","","","","","","","","","","","","","","","","","","","","","","","","","","","","","a4b82838d22cfbf1da667ad790027d833a60a900-7-4fcfe19172569eeca5dec1f93d14518319c8e9cc","a4b82838d22cfbf1da667ad790027d833a60a900","root.record.ItemExhibitList.P5Item","a4b82838d22cfbf1da667ad790027d833a60a900-5-368d31b168d937a29f87b2f55fa7c1269f4d7b84"
"(KT) Software","","1","","","","","","","14.701","","","","","","","","14701","","","","","","","","","","","","","","","","","","","","","","","","","","","","","","","","a4b82838d22cfbf1da667ad790027d833a60a900-8-c404ac00c487faddb3fc55e05e06d1ee7fedfba3","a4b82838d22cfbf1da667ad790027d833a60a900","root.record.ItemExhibitList.P5Item","a4b82838d22cfbf1da667ad790027d833a60a900-5-368d31b168d937a29f87b2f55fa7c1269f4d7b84"
"(ACCHR) Software","","1","","","1","1","1","","2.111","","","","1.672","1.138","1.138","","2111","","","1672","1138","1138","","","","","","","","","","","","","","","","","","","","","","","","1","root.record.ItemExhibitList.P5Item.CostElementCategoryList.Software.NonRecurring.CostElementList.CostElement.ManufacturerList-a4b82838d22cfbf1da667ad790027d833a60a900-0-6864539a3ce1314d842de694be278aea681951ab","","a4b82838d22cfbf1da667ad790027d833a60a900-0-0acc2bc3fe3a40b1051a098d34828c35ab8fbf7c","a4b82838d22cfbf1da667ad790027d833a60a900","root.record.ItemExhibitList.P5Item","a4b82838d22cfbf1da667ad790027d833a60a900-6-bce493683fa41d3af928f9baee9d11eb6d032bca"
"(IPPS-A) Software","","","","1","","","","","","","","0.46","","","","","","","460","","","","","","","","","","","","","","","","","","","","","","","","","","","","root.record.ItemExhibitList.P5Item.CostElementCategoryList.Software.NonRecurring.CostElementList.CostElement.ManufacturerList-a4b82838d22cfbf1da667ad790027d833a60a900-1-4884b817746333dd940f581d9c1ca02c8a338df7","","a4b82838d22cfbf1da667ad790027d833a60a900-1-ba44e30e85a992aef4f182a60ac0256945ca5ce9","a4b82838d22cfbf1da667ad790027d833a60a900","root.record.ItemExhibitList.P5Item","a4b82838d22cfbf1da667ad790027d833a60a900-6-bce493683fa41d3af928f9baee9d11eb6d032bca"
"COMSEC Racks and Shelves, Misc.","","87","112","25","","","","","6.625","","7.25","0.625","","","","","0.076","0.065","0.025","","","","","","","","","","","","","","","","","","","","","","","","","","","","root.record.ItemExhibitList.P5Item.CostElementCategoryList.Software.NonRecurring.CostElementList.CostElement.ManufacturerList-32b5db15db622ad4c5ac79f29e508fc93894e133-0-a23ac4bf2b4c364cf53f45d1c6ff1f59d79d7626","","32b5db15db622ad4c5ac79f29e508fc93894e133-0-64d614f555e520fd16b6e30fc221edf566f55497","32b5db15db622ad4c5ac79f29e508fc93894e133","root.record.ItemExhibitList.P5Item","32b5db15db622ad4c5ac79f29e508fc93894e133-0-3b6cb41b1cc7b20c543d030ae2420456700a3cda"
"Hardware (Multiplexers, Encryption)","","2","9","2","2","","3","3","1.307","","4.644","1.042","0.918","","1.377","1.377","0.654","0.516","0.521","0.459","","0.459","0.459","","","","","","","","","","","","","","","","","","","","","","","","root.record.ItemExhibitList.P5Item.CostElementCategoryList.Software.NonRecurring.CostElementList.CostElement.ManufacturerList-32b5db15db622ad4c5ac79f29e508fc93894e133-1-eed3bab4eb3634ac769717bfdffd3c1b235b21e8","","32b5db15db622ad4c5ac79f29e508fc93894e133-1-6172612204d165a0092f237607f21f4c70ad4a06","32b5db15db622ad4c5ac79f29e508fc93894e133","root.record.ItemExhibitList.P5Item","32b5db15db622ad4c5ac79f29e508fc93894e133-0-3b6cb41b1cc7b20c543d030ae2420456700a3cda"
"COMSEC Racks and Shelves, Misc.","","87","112","25","","","","","6.625","","7.25","0.625","","","","","0.076","0.065","0.025","","","","","","","","","","","","","","","","","","","","","","","","","","","","root.record.ItemExhibitList.P5Item.CostElementCategoryList.Software.NonRecurring.CostElementList.CostElement.ManufacturerList-6cb75a64ac78e9fa9e4ea55cd1e4d0dbed13a9b8-0-8e9df50c1e7c706939fe0bc90fc26439ec197e36","","6cb75a64ac78e9fa9e4ea55cd1e4d0dbed13a9b8-0-e1575c5ca2af635a4035e240a10f8bfec0d4cb08","6cb75a64ac78e9fa9e4ea55cd1e4d0dbed13a9b8","root.record.ItemExhibitList.P5Item","6cb75a64ac78e9fa9e4ea55cd1e4d0dbed13a9b8-0-875a88728279b158334a60bf9d934fb9cbad61f8"
"Hardware (Multiplexers, Encryption)","","2","9","2","2","","3","3","1.307","","4.644","1.042","0.918","","1.377","1.377","0.654","0.516","0.521","0.459","","0.459","0.459","","","","","","","","","","","","","","","","","","","","","","","","root.record.ItemExhibitList.P5Item.CostElementCategoryList.Software.NonRecurring.CostElementList.CostElement.ManufacturerList-6cb75a64ac78e9fa9e4ea55cd1e4d0dbed13a9b8-1-fc0bcc25cd70c9160121e7d249fa51725e5716c1","","6cb75a64ac78e9fa9e4ea55cd1e4d0dbed13a9b8-1-45ce95e3a58412b8382276c7461ec31d7529e133","6cb75a64ac78e9fa9e4ea55cd1e4d0dbed13a9b8","root.record.ItemExhibitList.P5Item","6cb75a64ac78e9fa9e4ea55cd1e4d0dbed13a9b8-0-875a88728279b158334a60bf9d934fb9cbad61f8"
"Logistics Technology Assessment (LTA) SW","","1","","1","1","1","1","","82.249","","","1.163","1.065","0.728","0.728","","82249","","1163","1065","728","728","","","","","","","","","","","","","","","","","","","","","","","","1","root.record.ItemExhibitList.P5Item.CostElementCategoryList.Software.NonRecurring.CostElementList.CostElement.ManufacturerList-0204da979f3fe83eede49dd470a5931a074cade4-0-8543d17246e3290641b2b739f67fc7c7fd50fe4a","","0204da979f3fe83eede49dd470a5931a074cade4-0-a568a783a7c98b65491293743d0844a3cce9ce36","0204da979f3fe83eede49dd470a5931a074cade4","root.record.ItemExhibitList.P5Item","0204da979f3fe83eede49dd470a5931a074cade4-2-a31f9844b8e8d0932f83b62ab23a7339a4cd5646"
"(HQDA ADPE) Software","","1","","1","1","","","","1.838","","","0.496","1.7","","","","1838","","496","1700","","","","","","","","","","","","","","","","","","","","","","","","","","1","root.record.ItemExhibitList.P5Item.CostElementCategoryList.Software.NonRecurring.CostElementList.CostElement.ManufacturerList-0204da979f3fe83eede49dd470a5931a074cade4-0-4775b0cb2f29578b27eb50efffef6453dc2b8307","","0204da979f3fe83eede49dd470a5931a074cade4-0-4f1cb2196c2fedada80440ad43f68019aa62201b","0204da979f3fe83eede49dd470a5931a074cade4","root.record.ItemExhibitList.P5Item","0204da979f3fe83eede49dd470a5931a074cade4-3-fbb76e08d8e6dc8929a452e68f036afa5cf68ec2"
"(PITI) Software","","1","","1","1","","","","2.941","","","5.36","6.041","","","","2941","","5360","6041","","","","","","","","","","","","","","","","","","","","","","","","","","1","root.record.ItemExhibitList.P5Item.CostElementCategoryList.Software.NonRecurring.CostElementList.CostElement.ManufacturerList-0204da979f3fe83eede49dd470a5931a074cade4-1-f85d3d0d7b04fc6c3b40ef42a7242c8138187da5","","0204da979f3fe83eede49dd470a5931a074cade4-1-accbb74c572b46bcc73eabe5c292cb5162e78143","0204da979f3fe83eede49dd470a5931a074cade4","root.record.ItemExhibitList.P5Item","0204da979f3fe83eede49dd470a5931a074cade4-3-fbb76e08d8e6dc8929a452e68f036afa5cf68ec2"
"(LAAWS) Software","","","","","1","","","","","","","","0.761","","","","","","","761","","","","","","","","","","","","","","","","","","","","","","","","","","","root.record.ItemExhibitList.P5Item.CostElementCategoryList.Software.NonRecurring.CostElementList.CostElement.ManufacturerList-0204da979f3fe83eede49dd470a5931a074cade4-2-edc1661612e2b940a08a5a6faad0dd364f3891bc","","0204da979f3fe83eede49dd470a5931a074cade4-2-7ec92349e17e815dd474464b8bfc3219a8f2d860","0204da979f3fe83eede49dd470a5931a074cade4","root.record.ItemExhibitList.P5Item","0204da979f3fe83eede49dd470a5931a074cade4-3-fbb76e08d8e6dc8929a452e68f036afa5cf68ec2"
"(ACI) Army-wide Software","","1","","","","","","","42.374","","","","","","","","42374","","","","","","","","","","","","","","","","","","","","","","","","","","","","","","","","0204da979f3fe83eede49dd470a5931a074cade4-0-17854990f84c156667a1c15eb8a147f38743058d","0204da979f3fe83eede49dd470a5931a074cade4","root.record.ItemExhibitList.P5Item","0204da979f3fe83eede49dd470a5931a074cade4-4-d8c43b3407dbba2f7c0e1aa7cd0b2dfb321aac42"
"(BLSCE) Software","","1","","","","","","","0.523","","","","","","","","523","","","","","","","","","","","","","","","","","","","","","","","","","","","","","","","","0204da979f3fe83eede49dd470a5931a074cade4-1-dd908f167524ae077ec6e09b0924d477d267e168","0204da979f3fe83eede49dd470a5931a074cade4","root.record.ItemExhibitList.P5Item","0204da979f3fe83eede49dd470a5931a074cade4-4-d8c43b3407dbba2f7c0e1aa7cd0b2dfb321aac42"
"(TIABCSTB) Software","","","","","1","","","","","","","","0.451","","","","","","","451","","","","","","","","","","","","","","","","","","","","","","","","","","","root.record.ItemExhibitList.P5Item.CostElementCategoryList.Software.NonRecurring.CostElementList.CostElement.ManufacturerList-0204da979f3fe83eede49dd470a5931a074cade4-2-949006db02332fb5df52597d751fac9c5dae5db1","","0204da979f3fe83eede49dd470a5931a074cade4-2-93083ff6addd16140999d3e2a8f0e0eefa924ed8","0204da979f3fe83eede49dd470a5931a074cade4","root.record.ItemExhibitList.P5Item","0204da979f3fe83eede49dd470a5931a074cade4-4-d8c43b3407dbba2f7c0e1aa7cd0b2dfb321aac42"
"(ATIA) Software","","1","","1","1","1","1","","0.119","","","0.048","0.155","0.151","0.151","","119","","48","155","151","151","","","","","","","","","","","","","","","","","","","","","","","","1","root.record.ItemExhibitList.P5Item.CostElementCategoryList.Software.NonRecurring.CostElementList.CostElement.ManufacturerList-0204da979f3fe83eede49dd470a5931a074cade4-3-c6a4ef72648a3d65987c8a0db5b56147bb8a5509","","0204da979f3fe83eede49dd470a5931a074cade4-3-bdd415e4dd9797bfe62712ca170538625c10d0d8","0204da979f3fe83eede49dd470a5931a074cade4","root.record.ItemExhibitList.P5Item","0204da979f3fe83eede49dd470a5931a074cade4-4-d8c43b3407dbba2f7c0e1aa7cd0b2dfb321aac42"
"(SPS) Software","","1","","","","","","","0.804","","","","","","","","804","","","","","","","","","","","","","","","","","","","","","","","","","","","","","","","","0204da979f3fe83eede49dd470a5931a074cade4-4-d72416c2393038b7700a1cc1164133675f020ff7","0204da979f3fe83eede49dd470a5931a074cade4","root.record.ItemExhibitList.P5Item","0204da979f3fe83eede49dd470a5931a074cade4-4-d8c43b3407dbba2f7c0e1aa7cd0b2dfb321aac42"
"(AcqBiz) Software","","1","","","","","","","0.71","","","","","","","","710","","","","","","","","","","","","","","","","","","","","","","","","","","","","","","","","0204da979f3fe83eede49dd470a5931a074cade4-5-c07d876008fe8b1c90124308a7f5d0e07a590089","0204da979f3fe83eede49dd470a5931a074cade4","root.record.ItemExhibitList.P5Item","0204da979f3fe83eede49dd470a5931a074cade4-4-d8c43b3407dbba2f7c0e1aa7cd0b2dfb321aac42"
"(ISM) Software","","1","","","","","","","0.835","","","","","","","","835","","","","","","","","","","","","","","","","","","","","","","","","","","","","","","","","0204da979f3fe83eede49dd470a5931a074cade4-6-98bf38e3edff28b7aec1f79d3b75d270ca9e7497","0204da979f3fe83eede49dd470a5931a074cade4","root.record.ItemExhibitList.P5Item","0204da979f3fe83eede49dd470a5931a074cade4-4-d8c43b3407dbba2f7c0e1aa7cd0b2dfb321aac42"
"(KT) Software","","1","","","","","","","17.049","","","","","","","","17049","","","","","","","","","","","","","","","","","","","","","","","","","","","","","","","","0204da979f3fe83eede49dd470a5931a074cade4-7-926b9ba563b0c63d2c54becbb854d8671c350bc0","0204da979f3fe83eede49dd470a5931a074cade4","root.record.ItemExhibitList.P5Item","0204da979f3fe83eede49dd470a5931a074cade4-4-d8c43b3407dbba2f7c0e1aa7cd0b2dfb321aac42"
"(TJAGLCS Infrastructure) Software","","","","","","1","1","","","","","","","0.35","0.35","","","","","","350","350","","","","","","","","","","","","","","","","","","","","","","","","","root.record.ItemExhibitList.P5Item.CostElementCategoryList.Software.NonRecurring.CostElementList.CostElement.ManufacturerList-0204da979f3fe83eede49dd470a5931a074cade4-8-ae19dd98488abf0b5d20d17d30a5771e9d75dcb9","","0204da979f3fe83eede49dd470a5931a074cade4-8-57bfb57b244af62df7adc9505584700004bff9dd","0204da979f3fe83eede49dd470a5931a074cade4","root.record.ItemExhibitList.P5Item","0204da979f3fe83eede49dd470a5931a074cade4-4-d8c43b3407dbba2f7c0e1aa7cd0b2dfb321aac42"
"(ACCHR) Software","","1","","1","1","","","","2.011","","","0.43","1.138","","","","2011","","430","1138","","","","","","","","","","","","","","","","","","","","","","","","","","1","root.record.ItemExhibitList.P5Item.CostElementCategoryList.Software.NonRecurring.CostElementList.CostElement.ManufacturerList-0204da979f3fe83eede49dd470a5931a074cade4-0-17e01caf5893b406326f0600709b9eb4dd186f69","","0204da979f3fe83eede49dd470a5931a074cade4-0-8ab02df76e2d382d690ead24260b9091c9410c0e","0204da979f3fe83eede49dd470a5931a074cade4","root.record.ItemExhibitList.P5Item","0204da979f3fe83eede49dd470a5931a074cade4-5-c0bd70c367ce700674a24c3d07ee50f91b848be3"
"1.1.1) Training Aids, Devices, Simulators and Simulations","","","","","","","","","","","","","0.77","0.829","0.829","","","","","","","","","","","","","","","","","","","","","","","","","","","","","","","","","","caeed17ea20f78445665507de632d7a5e5b0e3f8-0-3b116cd93bdddc2af5f3470b707d56fe8ed11fe9","caeed17ea20f78445665507de632d7a5e5b0e3f8","root.record.ItemExhibitList.P5Item","caeed17ea20f78445665507de632d7a5e5b0e3f8-0-e18e11315bc5b5c7d1ac97f861d8b76218a4b774"
"2.1 S2E2 Software","","3","4","1","","","","","26.151","0","27.351","1.2","","","","","8.717","6.838","1.2","","","","","","","","","","","","","","","","","","","","","","","","","","","","","","e3d53d97cec66addc4f897ee3511a15a96f890f4-0-c7ede33e184d3b8225d30b3212ca00a26a9a3787","e3d53d97cec66addc4f897ee3511a15a96f890f4","root.record.ItemExhibitList.P5Item","e3d53d97cec66addc4f897ee3511a15a96f890f4-1-a135021c9abf144be5f137b82a7f54d71261ad93"
"Computing Environment Instantiations","","","","","","","","","","","","","","","","","","","","","","","","","","","","","0.000","","","0.000","10319","1","10.319","10319","1","10.319","","","","","","","0.000","","root.record.ItemExhibitList.P5Item.CostElementCategoryList.Software.NonRecurring.CostElementList.CostElement.ManufacturerList-3db90f5a9d74a859d0737c60f14fdb161ea5f5cc-0-21d9c00878fe881a322c47592558fc205c418acf","","3db90f5a9d74a859d0737c60f14fdb161ea5f5cc-0-c00f60e0ddd1316bd1e10aa31e96807feb03a1c2","3db90f5a9d74a859d0737c60f14fdb161ea5f5cc","root.record.ItemExhibitList.P5Item","3db90f5a9d74a859d0737c60f14fdb161ea5f5cc-0-dad82008fd60aea491ba2755a9f47abeb6a12a73"
"Emerging Logistics Technologies","","","","","","","","","","","","","","","","","","","","","","","","","","","2003","1","2.003","2041","1","2.041","1125","1","1.125","1125","1","1.125","","","","","","","0.000","","root.record.ItemExhibitList.P5Item.CostElementCategoryList.Software.NonRecurring.CostElementList.CostElement.ManufacturerList-3db90f5a9d74a859d0737c60f14fdb161ea5f5cc-0-56b8004bed6eed3cb5bf14280234c837e25a6dab","","3db90f5a9d74a859d0737c60f14fdb161ea5f5cc-0-aac06bc8e6e5e785c090c22cf0bc1b2a85986216","3db90f5a9d74a859d0737c60f14fdb161ea5f5cc","root.record.ItemExhibitList.P5Item","3db90f5a9d74a859d0737c60f14fdb161ea5f5cc-2-2ddcd95d6ae6806ba1d7ee76432161ac7d38eb2d"
"(HQDA ADPE) Software","","","","","","","","","","","","","","","","","","","","","","","","","","","435","1","0.435","990","1","0.99","616","1","0.616","616","1","0.616","","","","","","","0.000","","root.record.ItemExhibitList.P5Item.CostElementCategoryList.Software.NonRecurring.CostElementList.CostElement.ManufacturerList-3db90f5a9d74a859d0737c60f14fdb161ea5f5cc-0-e7d9db672e1d363969c4038e3377528d2fdc7b55","","3db90f5a9d74a859d0737c60f14fdb161ea5f5cc-0-8a00218e5e86ebc534d367457cd09643f3346fad","3db90f5a9d74a859d0737c60f14fdb161ea5f5cc","root.record.ItemExhibitList.P5Item","3db90f5a9d74a859d0737c60f14fdb161ea5f5cc-5-7ae4dc16f770f87252108fae4928c45ad168ab1f"
"(PITI) Software","","","","","","","","","","","","","","","","","","","","","","","","","","","2661","1","2.661","1584","1","1.584","3066","1","3.066","3066","1","3.066","","","","","","","0.000","","root.record.ItemExhibitList.P5Item.CostElementCategoryList.Software.NonRecurring.CostElementList.CostElement.ManufacturerList-3db90f5a9d74a859d0737c60f14fdb161ea5f5cc-1-e339ac9db821726b09d2a760ff4bbc38e1c34c25","","3db90f5a9d74a859d0737c60f14fdb161ea5f5cc-1-2920fec85f2de1aee8518c1ff5f8e84234d78480","3db90f5a9d74a859d0737c60f14fdb161ea5f5cc","root.record.ItemExhibitList.P5Item","3db90f5a9d74a859d0737c60f14fdb161ea5f5cc-5-7ae4dc16f770f87252108fae4928c45ad168ab1f"
"(LAAWS) Software","","","","","","","","","","","","","","","","","","","","","","","","","","","1507","1","1.507","703","1","0.703","609","1","0.609","609","1","0.609","","","","","","","0.000","","root.record.ItemExhibitList.P5Item.CostElementCategoryList.Software.NonRecurring.CostElementList.CostElement.ManufacturerList-3db90f5a9d74a859d0737c60f14fdb161ea5f5cc-2-987a01b0abf96a4c9a02eef7185e1759fd440d2b","","3db90f5a9d74a859d0737c60f14fdb161ea5f5cc-2-3bef0286130d9e8c0f4baec9bded59af567f6838","3db90f5a9d74a859d0737c60f14fdb161ea5f5cc","root.record.ItemExhibitList.P5Item","3db90f5a9d74a859d0737c60f14fdb161ea5f5cc-5-7ae4dc16f770f87252108fae4928c45ad168ab1f"
"(ACI) Army-wide Software","","","","","","","","","","","","","","","","","","","","","","","","","","","24318","1","24.318","4200","1","4.2","300","1","0.3","300","1","0.3","","","","","","","0.000","","","","3db90f5a9d74a859d0737c60f14fdb161ea5f5cc-0-2aacd267cad24ea2fca2fc0c0ca614d1db12eaa5","3db90f5a9d74a859d0737c60f14fdb161ea5f5cc","root.record.ItemExhibitList.P5Item","3db90f5a9d74a859d0737c60f14fdb161ea5f5cc-6-dd3b031e6cb92ebd7ffe55bd2c82c56cb822a106"
"(ISM) Software","","","","","","","","","","","","","","","","","","","","","","","","","","","554","1","0.554","430","1","0.43","","","0.000","","","0.000","","","","","","","","","root.record.ItemExhibitList.P5Item.CostElementCategoryList.Software.NonRecurring.CostElementList.CostElement.ManufacturerList-3db90f5a9d74a859d0737c60f14fdb161ea5f5cc-1-9d857c402f8aa1942602741a5d90b160963eb430","","3db90f5a9d74a859d0737c60f14fdb161ea5f5cc-1-a1fd12df184784d873daed7e519a0e542ba2318d","3db90f5a9d74a859d0737c60f14fdb161ea5f5cc","root.record.ItemExhibitList.P5Item","3db90f5a9d74a859d0737c60f14fdb161ea5f5cc-6-dd3b031e6cb92ebd7ffe55bd2c82c56cb822a106"
"(ACDEP) Software","","","","","","","","","","","","","","","","","","","","","","","","","","","309","1","0.309","214","1","0.214","","","0.000","","","0.000","","","","","","","","","root.record.ItemExhibitList.P5Item.CostElementCategoryList.Software.NonRecurring.CostElementList.CostElement.ManufacturerList-3db90f5a9d74a859d0737c60f14fdb161ea5f5cc-2-be189b432cc7b6c16533a63579149b4c12f5c601","","3db90f5a9d74a859d0737c60f14fdb161ea5f5cc-2-3d5a9f275fac638a6d44f0689e8ddc24561d771d","3db90f5a9d74a859d0737c60f14fdb161ea5f5cc","root.record.ItemExhibitList.P5Item","3db90f5a9d74a859d0737c60f14fdb161ea5f5cc-6-dd3b031e6cb92ebd7ffe55bd2c82c56cb822a106"
"(TIABCSTB) Software","","","","","","","","","","","","","","","","","","","","","","","","","","","53","1","0.053","","","0.000","209","1","0.209","209","1","0.209","","","","","","","0.000","","root.record.ItemExhibitList.P5Item.CostElementCategoryList.Software.NonRecurring.CostElementList.CostElement.ManufacturerList-3db90f5a9d74a859d0737c60f14fdb161ea5f5cc-3-b613661229ba422e945c29f99a6e6797348d9c0e","","3db90f5a9d74a859d0737c60f14fdb161ea5f5cc-3-f91a2d7147bc8ca2ec025fc6c266201d4ab923f0","3db90f5a9d74a859d0737c60f14fdb161ea5f5cc","root.record.ItemExhibitList.P5Item","3db90f5a9d74a859d0737c60f14fdb161ea5f5cc-6-dd3b031e6cb92ebd7ffe55bd2c82c56cb822a106"
"(ATIA) Software","","","","","","","","","","","","","","","","","","","","","","","","","","","90","1","0.09","27","1","0.027","25","1","0.025","25","1","0.025","","","","","","","0.000","","root.record.ItemExhibitList.P5Item.CostElementCategoryList.Software.NonRecurring.CostElementList.CostElement.ManufacturerList-3db90f5a9d74a859d0737c60f14fdb161ea5f5cc-4-97840fc21b183aee4d2b64c141c0d53b307c3a74","","3db90f5a9d74a859d0737c60f14fdb161ea5f5cc-4-e7adb35ef693e085c82e9c0f7b33bdc69b982d34","3db90f5a9d74a859d0737c60f14fdb161ea5f5cc","root.record.ItemExhibitList.P5Item","3db90f5a9d74a859d0737c60f14fdb161ea5f5cc-6-dd3b031e6cb92ebd7ffe55bd2c82c56cb822a106"
"(AKO) Software","","","","","","","","","","","","","","","","","","","","","","","","","","","1857","1","1.857","2114","1","2.114","","","0.000","","","0.000","","","","","","","","","root.record.ItemExhibitList.P5Item.CostElementCategoryList.Software.NonRecurring.CostElementList.CostElement.ManufacturerList-3db90f5a9d74a859d0737c60f14fdb161ea5f5cc-5-f8bfdd8b71fe41e1271ba6e1c368d533bc3779f6","","3db90f5a9d74a859d0737c60f14fdb161ea5f5cc-5-9a9ffffb658fb653b6dc38101b62e3e92a55598b","3db90f5a9d74a859d0737c60f14fdb161ea5f5cc","root.record.ItemExhibitList.P5Item","3db90f5a9d74a859d0737c60f14fdb161ea5f5cc-6-dd3b031e6cb92ebd7ffe55bd2c82c56cb822a106"
"- OCO AKO Foward Software","","","","","","","","","","","","","","","","","","","","","","","","","","","300","1","0.3","","","0.000","","","0.000","","","0.000","","","","","","","","","root.record.ItemExhibitList.P5Item.CostElementCategoryList.Software.NonRecurring.CostElementList.CostElement.ManufacturerList-3db90f5a9d74a859d0737c60f14fdb161ea5f5cc-6-8242dea3a78fa08377d1faaf68ea3d5d800847ff","","3db90f5a9d74a859d0737c60f14fdb161ea5f5cc-6-79355d955fa1cdab9c70270df718dcca07763f69","3db90f5a9d74a859d0737c60f14fdb161ea5f5cc","root.record.ItemExhibitList.P5Item","3db90f5a9d74a859d0737c60f14fdb161ea5f5cc-6-dd3b031e6cb92ebd7ffe55bd2c82c56cb822a106"
"(SPS) Software","","","","","","","","","","","","","","","","","","","","","","","","","","","804","1","0.804","404","1","0.404","259","1","0.259","259","1","0.259","","","","","","","0.000","","root.record.ItemExhibitList.P5Item.CostElementCategoryList.Software.NonRecurring.CostElementList.CostElement.ManufacturerList-3db90f5a9d74a859d0737c60f14fdb161ea5f5cc-7-019ac6af0f4676d6f27c9fdd4f43b6797c97e681","","3db90f5a9d74a859d0737c60f14fdb161ea5f5cc-7-62eaa85c774bcca3d0de017fe9c365fc5e825f1d","3db90f5a9d74a859d0737c60f14fdb161ea5f5cc","root.record.ItemExhibitList.P5Item","3db90f5a9d74a859d0737c60f14fdb161ea5f5cc-6-dd3b031e6cb92ebd7ffe55bd2c82c56cb822a106"
"(AcqBiz) Software","","","","","","","","","","","","","","","","","","","","","","","","","","","580","1","0.58","134","1","0.134","95","1","0.095","95","1","0.095","","","","","","","0.000","","root.record.ItemExhibitList.P5Item.CostElementCategoryList.Software.NonRecurring.CostElementList.CostElement.ManufacturerList-3db90f5a9d74a859d0737c60f14fdb161ea5f5cc-8-531d67d3082d1b7d09346de61c058f948e08ccae","","3db90f5a9d74a859d0737c60f14fdb161ea5f5cc-8-64d17b8481c9848b0124c9a325e75b8ae2c171ad","3db90f5a9d74a859d0737c60f14fdb161ea5f5cc","root.record.ItemExhibitList.P5Item","3db90f5a9d74a859d0737c60f14fdb161ea5f5cc-6-dd3b031e6cb92ebd7ffe55bd2c82c56cb822a106"
"(KT) Software","","","","","","","","","","","","","","","","","","","","","","","","","","","14701","1","14.701","3065","1","3.065","","","0.000","","","0.000","","","","","","","","","root.record.ItemExhibitList.P5Item.CostElementCategoryList.Software.NonRecurring.CostElementList.CostElement.ManufacturerList-3db90f5a9d74a859d0737c60f14fdb161ea5f5cc-9-bf4728547e0005d6287e394c6b11a0476faa0536","","3db90f5a9d74a859d0737c60f14fdb161ea5f5cc-9-b2cd597e4e68e7a6d22c1d5b9e03a44f6fe40203","3db90f5a9d74a859d0737c60f14fdb161ea5f5cc","root.record.ItemExhibitList.P5Item","3db90f5a9d74a859d0737c60f14fdb161ea5f5cc-6-dd3b031e6cb92ebd7ffe55bd2c82c56cb822a106"
"(DRSN) Software","","","","","","","","","","","","","","","","","","","","","","","","","","","772","1","0.772","702","1","0.702","","","0.000","","","0.000","","","","","","","","","root.record.ItemExhibitList.P5Item.CostElementCategoryList.Software.NonRecurring.CostElementList.CostElement.ManufacturerList-3db90f5a9d74a859d0737c60f14fdb161ea5f5cc-10-114b927f52acb7fb735e8993846ee9c6a82b488b","","3db90f5a9d74a859d0737c60f14fdb161ea5f5cc-10-23f3a38714af82157dd8dc4862f76e873c94bbc1","3db90f5a9d74a859d0737c60f14fdb161ea5f5cc","root.record.ItemExhibitList.P5Item","3db90f5a9d74a859d0737c60f14fdb161ea5f5cc-6-dd3b031e6cb92ebd7ffe55bd2c82c56cb822a106"
"(IPC)  Software","","","","","","","","","","","","","","","","","","","","","","","","","","","","","0.000","","","0.000","1294","1","1.294","1294","1","1.294","","","","","","","0.000","","root.record.ItemExhibitList.P5Item.CostElementCategoryList.Software.NonRecurring.CostElementList.CostElement.ManufacturerList-3db90f5a9d74a859d0737c60f14fdb161ea5f5cc-11-baaf679a02374618a35e8e12ab28911d3f7ccfd0","","3db90f5a9d74a859d0737c60f14fdb161ea5f5cc-11-826dc66e6ee7810d77c1aeba8803a62954cb0152","3db90f5a9d74a859d0737c60f14fdb161ea5f5cc","root.record.ItemExhibitList.P5Item","3db90f5a9d74a859d0737c60f14fdb161ea5f5cc-6-dd3b031e6cb92ebd7ffe55bd2c82c56cb822a106"
"(VTC) Software","","","","","","","","","","","","","","","","","","","","","","","","","","","260","1","0.26","","","0.000","","","0.000","","","0.000","","","","","","","","","root.record.ItemExhibitList.P5Item.CostElementCategoryList.Software.NonRecurring.CostElementList.CostElement.ManufacturerList-3db90f5a9d74a859d0737c60f14fdb161ea5f5cc-12-1382e71e5d97f1db2081a3436fb7edcbc0ef6b0b","","3db90f5a9d74a859d0737c60f14fdb161ea5f5cc-12-761f8bc794b8c89abef2da5e79402cca7c116325","3db90f5a9d74a859d0737c60f14fdb161ea5f5cc","root.record.ItemExhibitList.P5Item","3db90f5a9d74a859d0737c60f14fdb161ea5f5cc-6-dd3b031e6cb92ebd7ffe55bd2c82c56cb822a106"
"(USMIRS)  Software","","","","","","","","","","","","","","","","","","","","","","","","","","","11190","1","11.19","2114","1","2.114","","","0.000","","","0.000","","","","","","","","","root.record.ItemExhibitList.P5Item.CostElementCategoryList.Software.NonRecurring.CostElementList.CostElement.ManufacturerList-3db90f5a9d74a859d0737c60f14fdb161ea5f5cc-0-e395dc7cd398cc72f13282e8932949e658e74ea8","","3db90f5a9d74a859d0737c60f14fdb161ea5f5cc-0-81c142ee5a792136aa9171ce6ad98b67019998fa","3db90f5a9d74a859d0737c60f14fdb161ea5f5cc","root.record.ItemExhibitList.P5Item","3db90f5a9d74a859d0737c60f14fdb161ea5f5cc-7-6df619a0b74bfee61cb91dcab23885e67dc46cd1"
"Resources (ACCHR) Software","","","","","","","","","","","","","","","","","","","","","","","","","","","1567","1","1.567","","","0.000","558","1","0.558","558","1","0.558","","","","","","","0.000","","root.record.ItemExhibitList.P5Item.CostElementCategoryList.Software.NonRecurring.CostElementList.CostElement.ManufacturerList-3db90f5a9d74a859d0737c60f14fdb161ea5f5cc-1-2dcf8d01a7e409ff45857c2f018452bc129a32ba","","3db90f5a9d74a859d0737c60f14fdb161ea5f5cc-1-55944303ab750e72c0a21ed29279aaf6d4179487","3db90f5a9d74a859d0737c60f14fdb161ea5f5cc","root.record.ItemExhibitList.P5Item","3db90f5a9d74a859d0737c60f14fdb161ea5f5cc-7-6df619a0b74bfee61cb91dcab23885e67dc46cd1"
"2.1 S2E2 Software Non-Recurring","","","","","","","","","","","","","","","","","","","","","","","","","","0.000","6.3","1","6.3","14.35","1","14.35","9.4","1","9.4","9.4","1","9.4","","","","","","","0.000","","root.record.ItemExhibitList.P5Item.CostElementCategoryList.Software.NonRecurring.CostElementList.CostElement.ManufacturerList-c7f44f432c7c0c9be3e9a45d47ce17c1fb47d584-0-e7f244598a8791e52fbf05de890cac31cb3d69f0","A","c7f44f432c7c0c9be3e9a45d47ce17c1fb47d584-0-89710e6a45f061b88941581ddc0a7ca3c6ba33be","c7f44f432c7c0c9be3e9a45d47ce17c1fb47d584","root.record.ItemExhibitList.P5Item","c7f44f432c7c0c9be3e9a45d47ce17c1fb47d584-2-2470e70cb659ce421d4fb85508304b96b3aac3e0"
"3.1 SBIRS UHF Radio Upgrade Software Maint Facility Upgrade","","","","","","","","","","","","","","","","","","","","","","","","","","0.000","4.685","1","4.685","","","0.000","","","0.000","","","0.000","","","","","","","0.000","","root.record.ItemExhibitList.P5Item.CostElementCategoryList.Software.NonRecurring.CostElementList.CostElement.ManufacturerList-c7f44f432c7c0c9be3e9a45d47ce17c1fb47d584-0-fe502b5027575a51d44383e1388d24c0dc40347e","A","c7f44f432c7c0c9be3e9a45d47ce17c1fb47d584-0-48bb8111b15f50db66abfaac9c17893868f92da3","c7f44f432c7c0c9be3e9a45d47ce17c1fb47d584","root.record.ItemExhibitList.P5Item","c7f44f432c7c0c9be3e9a45d47ce17c1fb47d584-3-df00f672955059840d0ebbbfad9b4eb1e1692ce2"
