"Name_val","Name_@footnote","Cost_TotalCost_AllPriorYears_val","Cost_TotalCost_PriorYear_val","Cost_TotalCost_BudgetYearOneBase_val","Cost_TotalCost_BudgetYearOne_val","Cost_TotalCost_CurrentYear_val","Cost_TotalCost_BudgetYearTwo_val","Cost_TotalCost_BudgetYearThree_val","Cost_TotalCost_BudgetYearFour_val","Cost_TotalCost_BudgetYearFive_val","Cost_TotalCost_Continuing_val","Cost_TotalCost_BudgetYearOneOCO_val","Cost_TotalCost_ToComplete_val","Cost_TotalCost_Total_val","Cost_Quantity_AllPriorYears_val","Cost_Quantity_PriorYear_val","Cost_Quantity_CurrentYear_val","Cost_Quantity_BudgetYearOneBase_val","Cost_Quantity_BudgetYearOne_val","Cost_Quantity_BudgetYearTwo_val","Cost_Quantity_BudgetYearThree_val","Cost_Quantity_BudgetYearFour_val","Cost_Quantity_BudgetYearFive_val","Cost_Quantity_Total_val","Cost_Quantity_BudgetYearOneOCO_val","Cost_UnitCost_AllPriorYears_val","Cost_UnitCost_PriorYear_val","Cost_UnitCost_CurrentYear_val","Cost_UnitCost_BudgetYearOneBase_val","Cost_UnitCost_BudgetYearOne_val","Cost_UnitCost_BudgetYearTwo_val","Cost_UnitCost_BudgetYearThree_val","Cost_UnitCost_BudgetYearFour_val","Cost_UnitCost_BudgetYearFive_val","Cost_UnitCost_Total_val","Cost_UnitCost_BudgetYearOneOCO_val","Cost_CurrentYear_UnitCost_val","Cost_CurrentYear_Quantity_val","Cost_CurrentYear_TotalCost_val","Cost_BudgetYearOneBase_UnitCost_val","Cost_BudgetYearOneBase_Quantity_val","Cost_BudgetYearOneBase_TotalCost_val","Cost_BudgetYearOne_UnitCost_val","Cost_BudgetYearOne_Quantity_val","Cost_BudgetYearOne_TotalCost_val","Cost_Continuing_val","Cost_AllPriorYears_UnitCost_val","Cost_AllPriorYears_Quantity_val","Cost_AllPriorYears_TotalCost_val","Cost_PriorYear_UnitCost_val","Cost_PriorYear_Quantity_val","Cost_PriorYear_TotalCost_val","Cost_BudgetYearOneOCO_UnitCost_val","Cost_BudgetYearOneOCO_Quantity_val","Cost_BudgetYearOneOCO_TotalCost_val","Cost_BudgetYearTwo_TotalCost_val","Cost_BudgetYearThree_TotalCost_val","Cost_BudgetYearFour_TotalCost_val","Cost_BudgetYearFive_TotalCost_val","Cost_ToComplete_UnitCost_val","Cost_ToComplete_Quantity_val","Cost_ToComplete_TotalCost_val","Cost_Total_Quantity_val","Cost_Total_TotalCost_val","ManufacturerList_Manufacturer","AllPriorYearsDeliveries_val","IdCode_val","Remarks_val","@ROWID","@RECORDID","@PARENT","@PARENTROWID"
"8.1.1) SC158 - TCTS Block Upgrade","","1.486","1.757","1.657","1.657","","","","","","","","","","","","","","","","","","","","","","","","","","","","","","","","","","","","","","","","","","","","","","","","","","","","","","","","","","","","","","","","161bcc6da211fe3a723c3cfa50a8f758a56734f9-0-8addcbbccf3db722737eb1b0671498158fd00641","161bcc6da211fe3a723c3cfa50a8f758a56734f9","root.record.ItemExhibitList.P5Item","161bcc6da211fe3a723c3cfa50a8f758a56734f9-0-cb20a162b32407d3474c0a43d9cff717deb1bbe8"
"Software Support","","","","1.008","1.008","","","","","","","","","","","","","","","","","","","","","","","","","","","","","","","","","","","","","","","","","","","","","","","","","","","","","","","","","","","","","","","","28db4ed18158a0173a157eb2aff413f08b7772f6-0-51ce7ddd33d90e6d9f0e09ca60e7ebc0c9a34cda","28db4ed18158a0173a157eb2aff413f08b7772f6","root.record.ItemExhibitList.P5Item","28db4ed18158a0173a157eb2aff413f08b7772f6-0-93ad397772bef57309ed77ad31dbac6f527ceb32"
"3.1.1) Tech Refresh","","","","0.45","0.45","","","","","","","","","","","","","","","","","","","","","","","","","","","","","","","","","","","","","","","","","","","","","","","","","","","","","","","","","","","","","","","","320457bc975225f15dfe564519aeb6c8c788e19d-0-821d903b99bd9dd5b191c2994d3b5e3bd5c70901","320457bc975225f15dfe564519aeb6c8c788e19d","root.record.ItemExhibitList.P5Item","320457bc975225f15dfe564519aeb6c8c788e19d-0-d346a25284eeea6498e63abb4e400b8d721775ce"
"Post Deplayment Software Support","","","6.515","10.724","10.724","10.391","","","","","","","","","","","","","","","","","","","","","","","","","","","","","","","","","","","","","","","","","","","","","","","","","","","","","","","","","","","","","","","42d190620d15d0c0b4dcd22eb9710643108888bc-0-4588e2399416c9a2a599dc8d796e18190b57be0a","42d190620d15d0c0b4dcd22eb9710643108888bc","root.record.ItemExhibitList.P5Item","42d190620d15d0c0b4dcd22eb9710643108888bc-1-69bbe641a75b51d04f25b48cbb2575f0f2881f6e"
"Software","","0.107","0.019","0.021","0.021","0.02","0.021","0.021","0.021","0.021","true","","","","5","1","1","1","1","1","1","1","1","","","0.021","0.019","0.02","0.021","0.021","0.021","0.021","0.021","0.021","","","","","","","","","","","","","","","","","","","","","","","","","","","","","","","","","","","43abd7d2317a7e30efa9430d48c07e79cc1780e8-0-23c786fb2e850ed1f85c655cf112ce544ffd7604","43abd7d2317a7e30efa9430d48c07e79cc1780e8","root.record.ItemExhibitList.P5Item","43abd7d2317a7e30efa9430d48c07e79cc1780e8-2-b8d6b7d88a37a3ff0a02830a09379efa86c14b3e"
"Software Licenses","","261.091","20.176","23.612","23.612","29.85","","","","","","","","","","","","","","","","","","","","","","","","","","","","","","","","","","","","","","","","","","","","","","","","","","","","","","","","","","","","","","","4f2357d78bb32e088a51b52d66f52cba84dfa327-0-5e6e5bb15cfc36b57386a3f76ad2df8555e7e22e","4f2357d78bb32e088a51b52d66f52cba84dfa327","root.record.ItemExhibitList.P5Item","4f2357d78bb32e088a51b52d66f52cba84dfa327-0-41994dc0fc50c919d6d2216db0a05b825c0c0d63"
"PDSS","","145","1.3","2.801","2.801","3.635","","","","","","","","","","","","","","","","","","","","","","","","","","","","","","","","","","","","","","","","","","","","","","","","","","","","","","","","","","","","","","","4f2357d78bb32e088a51b52d66f52cba84dfa327-1-1931d592f725335bbdd52b83ec203bad0346b568","4f2357d78bb32e088a51b52d66f52cba84dfa327","root.record.ItemExhibitList.P5Item","4f2357d78bb32e088a51b52d66f52cba84dfa327-0-41994dc0fc50c919d6d2216db0a05b825c0c0d63"
"Flagship License","","8.322","4","4.8","4.8","5","","","","","","","","","","","","","","","","","","","","","","","","","","","","","","","","","","","","","","","","","","","","","","","","","","","","","","","","","","","","","","","51b5b1dd670c47645739b2b59d76dbeee40f91b8-0-ae8a8a2ded16bccf58971d659e9bb825994ecb82","51b5b1dd670c47645739b2b59d76dbeee40f91b8","root.record.ItemExhibitList.P5Item","51b5b1dd670c47645739b2b59d76dbeee40f91b8-0-f04023cb26f4e3cdafbed2fb867894f80cb23514"
"4.1.1) SOFTWARE INTEGRATION","","10.21","3.589","2.58","2.58","1.873","","","","","","0","","","","","","","","","","","","","","","","","","","","","","","","","","","","","","","","","","","","","","","","","","","","","","","","","","","","","","","","","64b9b7f882781680365a3bd1e4101ef182eadba2-0-9ceed906b16a86a90025fc0ed844224b65159197","64b9b7f882781680365a3bd1e4101ef182eadba2","root.record.ItemExhibitList.P5Item","64b9b7f882781680365a3bd1e4101ef182eadba2-0-b8550ad0925958243917ec6e8ec2b7214b535ec1"
"EWPMT Interim Contractor Support","","","","2.364","2.364","1.763","","","","","","","","","","","","","","","","","","","","","","","","","","","","","","","","","","","","","","","","","","","","","","","","","","","","","","","","","","","","","","","6e1609a1b7258e5615ed880c291fb056ee4da39f-0-7bd9d6944b11e74a906063ec6937fd0851bbe21c","6e1609a1b7258e5615ed880c291fb056ee4da39f","root.record.ItemExhibitList.P5Item","6e1609a1b7258e5615ed880c291fb056ee4da39f-0-60742350ea2629e04943d6cd12d3f7db9b830f80"
"PITI Software","","","","5","5","","","","","","","","","","","","","1","1","","","","","","","","","","5000","5000","","","","","","","","","","","","","","","","","","","","","","","","","","","","","","","","","","","root.record.ItemExhibitList.P5Item.CostElementCategoryList.Software.Recurring.CostElementList.CostElement.ManufacturerList-6f849759560e292ae5d1247b4513cdf075cd2cb5-0-dab39d64303806265fccb28db9c03c27506a0d92","","","","6f849759560e292ae5d1247b4513cdf075cd2cb5-0-bed76d41e504281cb24a1a388169294048c610a5","6f849759560e292ae5d1247b4513cdf075cd2cb5","root.record.ItemExhibitList.P5Item","6f849759560e292ae5d1247b4513cdf075cd2cb5-0-2c53906a6608219a6261d1710154be35332bec84"
"Network Operations Tools SW","","4.173","7.4","","","","","","","","","","","","1","1","","","","","","","","","","4173","7400","","","","","","","","","","","","","","","","","","","","","","","","","","","","","","","","","","","","","","root.record.ItemExhibitList.P5Item.CostElementCategoryList.Software.Recurring.CostElementList.CostElement.ManufacturerList-6f849759560e292ae5d1247b4513cdf075cd2cb5-0-871e4367c6bdb1d41cac80421de305ec5f115410","1","","","6f849759560e292ae5d1247b4513cdf075cd2cb5-0-a820ca93613d8bb4038470347853cb1573f85ce3","6f849759560e292ae5d1247b4513cdf075cd2cb5","root.record.ItemExhibitList.P5Item","6f849759560e292ae5d1247b4513cdf075cd2cb5-1-8bfb24239baad86a9e176731fdca7f41dd4bf6f9"
"(ACI) Army-wide Software","","743.844","","","","","","","","","","","","","1","","","","","","","","","","","743844","","","","","","","","","","","","","","","","","","","","","","","","","","","","","","","","","","","","","","","","","","","6f849759560e292ae5d1247b4513cdf075cd2cb5-0-d23638a1d38907df90ba4b9a160851e84e5aaea4","6f849759560e292ae5d1247b4513cdf075cd2cb5","root.record.ItemExhibitList.P5Item","6f849759560e292ae5d1247b4513cdf075cd2cb5-5-edea88575083547119208fc3090883f705f5f7b7"
"2.1.2) EDS SW maintenance","","","","","","0.036","","","","","","","","","","","","","","","","","","","","","","","","","","","","","","","","","","","","","","","","","","","","","","","","","","","","","","","","","","","","","","","7840686cb07df5e186811daa609df25dd32b67f0-0-f3e7bf3840d76dfcc11d14bc34963b298af42d10","7840686cb07df5e186811daa609df25dd32b67f0","root.record.ItemExhibitList.P5Item","7840686cb07df5e186811daa609df25dd32b67f0-0-d43e09c998e85cde648f111f7fb45a6d95a7bd7d"
"2.1.3) 64 Bit ECP","","1.215","","","","","","","","","","","","","","","","","","","","","","","","","","","","","","","","","","","","","","","","","","","","","","","","","","","","","","","","","","","","","","","","","","","7840686cb07df5e186811daa609df25dd32b67f0-1-84c1ed7798fdac7cc50060d56cd28b5c9b3d2abf","7840686cb07df5e186811daa609df25dd32b67f0","root.record.ItemExhibitList.P5Item","7840686cb07df5e186811daa609df25dd32b67f0-0-d43e09c998e85cde648f111f7fb45a6d95a7bd7d"
"2.1.5) TEG RWS SOCET GXP","","","0.946","","","","","","","","","","","","","","","","","","","","","","","","","","","","","","","","","","","","","","","","","","","","","","","","","","","","","","","","","","","","","","","","","","7840686cb07df5e186811daa609df25dd32b67f0-2-1f9b37ba343bb3309a7b192c0fa4f4e438314b63","7840686cb07df5e186811daa609df25dd32b67f0","root.record.ItemExhibitList.P5Item","7840686cb07df5e186811daa609df25dd32b67f0-0-d43e09c998e85cde648f111f7fb45a6d95a7bd7d"
"2.1.6) GEOINT S/W","","","0.098","","","","","","","","","","","","","14","","","","","","","","","","","7000","","","","","","","","","","","","","","","","","","","","","","","","","","","","","","","","","","","","","","root.record.ItemExhibitList.P5Item.CostElementCategoryList.Software.Recurring.CostElementList.CostElement.ManufacturerList-7840686cb07df5e186811daa609df25dd32b67f0-3-9e9ba21ce22dc79ce62dc34b2ba1c5b443c52bec","","","","7840686cb07df5e186811daa609df25dd32b67f0-3-32ffa59b20818725e1b4951fc89aacbb7837e5d6","7840686cb07df5e186811daa609df25dd32b67f0","root.record.ItemExhibitList.P5Item","7840686cb07df5e186811daa609df25dd32b67f0-0-d43e09c998e85cde648f111f7fb45a6d95a7bd7d"
"2.1.7) EDS Software","","","","0.61","0.61","","","","","","","","","","","","","","","","","","","","","","","","","","","","","","","","","","","","","","","","","","","","","","","","","","","","","","","","","","","","","","","","7840686cb07df5e186811daa609df25dd32b67f0-4-562395e969e516bb62201b375fc438aea3fc53c1","7840686cb07df5e186811daa609df25dd32b67f0","root.record.ItemExhibitList.P5Item","7840686cb07df5e186811daa609df25dd32b67f0-0-d43e09c998e85cde648f111f7fb45a6d95a7bd7d"
"2.1.8) GEOINT S/W - Reserves","","","0.056","","","","","","","","","","","","","8","","","","","","","","","","","7000","","","","","","","","","","","","","","","","","","","","","","","","","","","","","","","","","","","","","","root.record.ItemExhibitList.P5Item.CostElementCategoryList.Software.Recurring.CostElementList.CostElement.ManufacturerList-7840686cb07df5e186811daa609df25dd32b67f0-5-0e6ff3486b732eae774c4879604bdb61cc64b99f","","","","7840686cb07df5e186811daa609df25dd32b67f0-5-ec8283145a7b842c082366b5606a35128750b1df","7840686cb07df5e186811daa609df25dd32b67f0","root.record.ItemExhibitList.P5Item","7840686cb07df5e186811daa609df25dd32b67f0-0-d43e09c998e85cde648f111f7fb45a6d95a7bd7d"
"2.1.9) EDS Software - Reserves","","","","0.515","0.515","","","","","","","","","","","","","","","","","","","","","","","","","","","","","","","","","","","","","","","","","","","","","","","","","","","","","","","","","","","","","","","","7840686cb07df5e186811daa609df25dd32b67f0-6-dd26e6aa9ff23ef53d357619eb359b4d25d1bafd","7840686cb07df5e186811daa609df25dd32b67f0","root.record.ItemExhibitList.P5Item","7840686cb07df5e186811daa609df25dd32b67f0-0-d43e09c998e85cde648f111f7fb45a6d95a7bd7d"
"4.1.1) Distance Support (NIAPS) - Licenses","FY17 funds the technology refresh for Distance Support Navy Information Application Product Suite (DS-NIAPS). This includes software licenses for the following:  SQLSvrStd ALNG LicSAPk MVL - 82 Licenses WinSvrStd ALNG LicSAPk MVL 2Proc - 82 Licenses","0","0.739","0.447","0.447","0.74","","","","","","0","","","","","","164","164","","","","","","","","","","2.726","2.726","","","","","","","","","","","","","","","","","","","","","","","","","","","","","","","","","","","root.record.ItemExhibitList.P5Item.CostElementCategoryList.Software.Recurring.CostElementList.CostElement.ManufacturerList-886f04e2ad4df52112b8d9283f21ce65f6edb2c0-0-c5ffcb958d822afe6265b73fe322eb01aa112427","","","","886f04e2ad4df52112b8d9283f21ce65f6edb2c0-0-3e3f9c4d1b6ef58c767ae62326a943b81ef29b06","886f04e2ad4df52112b8d9283f21ce65f6edb2c0","root.record.ItemExhibitList.P5Item","886f04e2ad4df52112b8d9283f21ce65f6edb2c0-0-02bed81bae4be6cb4be92db3eb6161de37402cae"
"4.1.2) Distance Support (CRM)","In FY17, Distance Support Customer Relationship Management (DS-CRM) funds the procurement of new Information Technology Service Management (ITSM) BMC Remedy Licenses (for SIPR Shared Data Environment establishment) and the associated labor for the implementation, optimization, configuration, and integration of that software and environment.","5.197","1.003","1.052","1.052","1.18","","","","","","0","","","1518","423","482","421","421","","","","","","","3.424","2.372","2.449","2.498","2.498","","","","","","","","","","","","","","","","","","","","","","","","","","","","","","","","","","","root.record.ItemExhibitList.P5Item.CostElementCategoryList.Software.Recurring.CostElementList.CostElement.ManufacturerList-886f04e2ad4df52112b8d9283f21ce65f6edb2c0-1-65766371577cc69ee859897de87677f7c2c4e945","1518","","","886f04e2ad4df52112b8d9283f21ce65f6edb2c0-1-fd20ad734d170fef1de8c824564414ee1a0321e3","886f04e2ad4df52112b8d9283f21ce65f6edb2c0","root.record.ItemExhibitList.P5Item","886f04e2ad4df52112b8d9283f21ce65f6edb2c0-0-02bed81bae4be6cb4be92db3eb6161de37402cae"
"Software Licenses","","","","0.986","0.986","","","","","","","","","","","","","","","","","","","","","","","","","","","","","","","","","","","","","","","","","","","","","","","","","","","","","","","","","","","","","","","","8b4219e4807defff9c54b665b2bcc81a7b269d35-0-c20a874172e35bbdaa877c6ff620f944b1a232ed","8b4219e4807defff9c54b665b2bcc81a7b269d35","root.record.ItemExhibitList.P5Item","8b4219e4807defff9c54b665b2bcc81a7b269d35-0-3aca7d52cf37122702a4d6a63bd3fda9f1c49a39"
"Software Recurring","","249.947","2.853","3.316","3.316","6.025","","","","","","","","","","1","1","1","1","","","","","","","","2853","6025","3316","3316","","","","","","","","","","","","","","","","","","","","","","","","","","","","","","","","","","","root.record.ItemExhibitList.P5Item.CostElementCategoryList.Software.Recurring.CostElementList.CostElement.ManufacturerList-8c06c11f0e303a99bc3038bb9ed0312740d39b11-0-6964fc32a17cd741267fd6beaa2ed63107e89d1d","","","","8c06c11f0e303a99bc3038bb9ed0312740d39b11-0-ea5d3ae8ffaadc144da8d007236aaa853d2da929","8c06c11f0e303a99bc3038bb9ed0312740d39b11","root.record.ItemExhibitList.P5Item","8c06c11f0e303a99bc3038bb9ed0312740d39b11-1-a87177a4bb4d741fcada716bb7f28640461dba6a"
"4.1.1) TMPC Product Improvements","Provides for software engineering efforts associated with the delivery of system modernization and improvements by the prime developers to continue the upgrade of unsupportable and obsolete TMPC software and to insure compliance with DoD cyber security mandates. Funding also addresses a National Technical Means (NTM) imagery format change. The NTM change requires TMPC upgrades to be fielded to all TLAM mission planning sites by 3QFY18. The Tomahawk Weapon System cannot execute a mission successfully without the NTM imagery as it is used by TMPC for precision targeting and mission planning.  In FY17, this line also continues the implementation of the TMPC Enterprise Network (TEN) which is necessary to rapidly and effectively manage the distribution of software patches to all operational sites without compromising TMPC's Authority to Operate (ATO).  Funding also provides software upgrades to the submarine community to specifically address system interfaces.","102.807","18.224","17.923","17.923","22.635","","","","","","","","","","","","","","","","","","","","","","","","","","","","","","","","","","","","","","","","","","","","","","","","","","","","","","","","","","","","","","","8d7997c611a83c5a944618e1935b02882d6bd719-0-c30beb0121ebd46c8107c8f1be996efac6036fc0","8d7997c611a83c5a944618e1935b02882d6bd719","root.record.ItemExhibitList.P5Item","8d7997c611a83c5a944618e1935b02882d6bd719-0-cf314d88e18d645197282dbaefd6d76b5d5fc534"
"2.1.1) Technology Refresh/Software Purchases","","","","0.5","0.5","0.3","","","","","","","","","","","","","","","","","","","","","","","","","","","","","","","","","","","","","","","","","","","","","","","","","","","","","","","","","","","","","","","9c17e3ec4bc8303075e66edb9c8199fc3d21e644-0-2875f47e8a5dd4bd1b58214c9090825f2da2715b","9c17e3ec4bc8303075e66edb9c8199fc3d21e644","root.record.ItemExhibitList.P5Item","9c17e3ec4bc8303075e66edb9c8199fc3d21e644-0-235577e7f56c48e1b77fc55fba23aa3ef31f88a4"
"MUOS","","","","8.75","8.75","","","","","","","","","","","","","350","350","","","","","","","","","","0.025","0.025","","","","","","","","","","","","","","","","","","","","","","","","","","","","","","","","","","","root.record.ItemExhibitList.P5Item.CostElementCategoryList.Software.Recurring.CostElementList.CostElement.ManufacturerList-a3deae4cb61de9545dddd9eca9022b9c3044b180-0-c25be25ecaead81d4dce28db8dd70744fe54dec5","","","","a3deae4cb61de9545dddd9eca9022b9c3044b180-0-c32d7078b25707ef08813c7f7d98b827ee88e11d","a3deae4cb61de9545dddd9eca9022b9c3044b180","root.record.ItemExhibitList.P5Item","a3deae4cb61de9545dddd9eca9022b9c3044b180-1-2ee8210d71cd23f885e80a1c90018b596b94da54"
"Prior/Future combined efforts","","","0","0","0","0","1.022","0.533","0.479","0.431","true","","","","","","","","","","","","","","","","","","","","","","","","","","","","","","","","","","","","","","","","","","","","","","","","","","","","","","","","","","afd67fa2da5daa969d8e3153e88a6cb75725035b-0-fab436355b1b03f95486f093ee2cf984d6923623","afd67fa2da5daa969d8e3153e88a6cb75725035b","root.record.ItemExhibitList.P5Item","afd67fa2da5daa969d8e3153e88a6cb75725035b-2-c2eb3f6293a58f93b4468b4536342a6a1bfdef20"
"JWARN INCREMENT 1 - Software & Installation (Contractor)","","0","0.257","0","0","0","","","","","","","","","","","","","","","","","","","","","","","","","","","","","","","","","","","","","","","","","","","","","","","","","","","","","","","","","","","","","","","afd67fa2da5daa969d8e3153e88a6cb75725035b-1-3753a2c2f67ad71f26ebb5c92a3113d948b60116","afd67fa2da5daa969d8e3153e88a6cb75725035b","root.record.ItemExhibitList.P5Item","afd67fa2da5daa969d8e3153e88a6cb75725035b-2-c2eb3f6293a58f93b4468b4536342a6a1bfdef20"
"JWARN INCREMENT 2 - Software & Installation (Contractor)","","0","0","0.913","0.913","0","","","","","","","","","","","","","","","","","","","","","","","","","","","","","","","","","","","","","","","","","","","","","","","","","","","","","","","","","","","","","","","afd67fa2da5daa969d8e3153e88a6cb75725035b-2-dd8009886c64e132a7736b85f6193df1c3911fbb","afd67fa2da5daa969d8e3153e88a6cb75725035b","root.record.ItemExhibitList.P5Item","afd67fa2da5daa969d8e3153e88a6cb75725035b-2-c2eb3f6293a58f93b4468b4536342a6a1bfdef20"
"Prior/Future combined efforts","","","0","0","0","0","3.086","3.031","2.728","2.455","true","","","","","","","","","","","","","","","","","","","","","","","","","","","","","","","","","","","","","","","","","","","","","","","","","","","","","","","","","","afd67fa2da5daa969d8e3153e88a6cb75725035b-0-7165b9fcc26e77cb7ec37028672a31cc34e0b870","afd67fa2da5daa969d8e3153e88a6cb75725035b","root.record.ItemExhibitList.P5Item","afd67fa2da5daa969d8e3153e88a6cb75725035b-4-2e1f08ef9ce5876f4dc6f6d5051d4088951494b8"
"JEM INCREMENT 2 - Software & Installation","","0","0.375","0.541","0.541","0.901","","","","","","","","","","","","","","","","","","","","","","","","","","","","","","","","","","","","","","","","","","","","","","","","","","","","","","","","","","","","","","","afd67fa2da5daa969d8e3153e88a6cb75725035b-1-c4e55ffd52a9cdef79e79cb6b180faac00efc624","afd67fa2da5daa969d8e3153e88a6cb75725035b","root.record.ItemExhibitList.P5Item","afd67fa2da5daa969d8e3153e88a6cb75725035b-4-2e1f08ef9ce5876f4dc6f6d5051d4088951494b8"
"Prior/Future combined efforts","","","0","0","0","0","0.5","0.8","0.3","0.3","true","","","","","","","","","","","","","","","","","","","","","","","","","","","","","","","","","","","","","","","","","","","","","","","","","","","","","","","","","","afd67fa2da5daa969d8e3153e88a6cb75725035b-0-9e95d624b0a45e3c980d1e1afeba4f1b6d4d9ac3","afd67fa2da5daa969d8e3153e88a6cb75725035b","root.record.ItemExhibitList.P5Item","afd67fa2da5daa969d8e3153e88a6cb75725035b-5-959dd87e0e6b498ebea8927cc3790117c0e2e0ec"
"Technical and Engineering Support","","0","0","0.5","0.5","0","","","","","","","","","","","","","","","","","","","","","","","","","","","","","","","","","","","","","","","","","","","","","","","","","","","","","","","","","","","","","","","afd67fa2da5daa969d8e3153e88a6cb75725035b-1-8244be07abbb2a1ea429bcd04fe68f7a3e5a1e7a","afd67fa2da5daa969d8e3153e88a6cb75725035b","root.record.ItemExhibitList.P5Item","afd67fa2da5daa969d8e3153e88a6cb75725035b-5-959dd87e0e6b498ebea8927cc3790117c0e2e0ec"
"Prior/Future combined efforts","","","0","0","0","0","1.22","1.22","1.22","1.098","true","","","","","","","","","","","","","","","","","","","","","","","","","","","","","","","","","","","","","","","","","","","","","","","","","","","","","","","","","","afd67fa2da5daa969d8e3153e88a6cb75725035b-0-3c63c21a15f32981611cfa6bdff548d7812c0177","afd67fa2da5daa969d8e3153e88a6cb75725035b","root.record.ItemExhibitList.P5Item","afd67fa2da5daa969d8e3153e88a6cb75725035b-11-f5366ace381d40e128fe91a5842a836ebb1c8029"
"Software and Installation","","0","0","0.299","0.299","0.398","","","","","","","","","","","","","","","","","","","","","","","","","","","","","","","","","","","","","","","","","","","","","","","","","","","","","","","","","","","","","","","afd67fa2da5daa969d8e3153e88a6cb75725035b-1-b253a7afd7cf538cc545e79b583994914966002a","afd67fa2da5daa969d8e3153e88a6cb75725035b","root.record.ItemExhibitList.P5Item","afd67fa2da5daa969d8e3153e88a6cb75725035b-11-f5366ace381d40e128fe91a5842a836ebb1c8029"
"Software Licenses","","","2.8","","","","","","","","","","","","","","","","","","","","","","","","","","","","","","","","","","","","","","","","","","","","","","","","","","","","","","","","","","","","","","","","","","b7848bb221be4b854e649ccb3a568eb6eba10205-0-ebfce8afac4f7cd19371cdeea159877fcc2e286d","b7848bb221be4b854e649ccb3a568eb6eba10205","root.record.ItemExhibitList.P5Item","b7848bb221be4b854e649ccb3a568eb6eba10205-0-fc162c4eb3f16474c282a517d509ef80ba2256c8"
"GMT - Technical Data Package","","2.3","","","","","","","","","","","0","2.3","","","","","","","","","","","","","","","","","","","","","","","","","","","","","","","","","","","","","","","","","","","","","","","","","","","","","","","cbc95d94829c5ac0df725344fc080b37b3f5d69d-0-2d77ff6026b202c400081f4deb6baae59274ae70","cbc95d94829c5ac0df725344fc080b37b3f5d69d","root.record.ItemExhibitList.P5Item","cbc95d94829c5ac0df725344fc080b37b3f5d69d-0-2f8091ea5d8f38263b62d4bd6949b08d334d5ab5"
"Software","","0","4.298","0","0","4.755","0","0","0","","","","0","9.053","","4940","5465","","","","","","","10405","","","870.04","870.08","","","","","","","870.06","","","","","","","","","","","","","","","","","","","","","","","","","","","","","","root.record.ItemExhibitList.P5Item.CostElementCategoryList.Software.Recurring.CostElementList.CostElement.ManufacturerList-d568c6ab62b961dc0e87e8e827b15f2dbe100754-0-192a73ebf3b3fb3657f2e6dd3c82615c375619c0","","","","d568c6ab62b961dc0e87e8e827b15f2dbe100754-0-1251c87cb2478a95687cb53f106faf9c084147dc","d568c6ab62b961dc0e87e8e827b15f2dbe100754","root.record.ItemExhibitList.P5Item","d568c6ab62b961dc0e87e8e827b15f2dbe100754-0-e33469ebd8e2afdeb70f4f99c5de621ac2b4eef9"
"Aegis BMD 4.0 to 4.x Software Installs","","","","","","3.2","","","","","","","","3.2","","","6","","","","","","","6","","","","0.533","","","","","","","0.533","","","","","","","","","","","","","","","","","","","","","","","","","","","","","","","","","","d83efe4802401e0718a415a420a1d5772cb29ba0-0-a5d9fdf9d4d4832153d91f4db4476d6ea76cc9e2","d83efe4802401e0718a415a420a1d5772cb29ba0","root.record.ItemExhibitList.P5Item","d83efe4802401e0718a415a420a1d5772cb29ba0-0-2d2aac995f431f6c091e041c883eb4827a61c823"
"Software Support","","7.501","","","","2.563","","","","","","","","","","","","","","","","","","","","","","","","","","","","","","","","","","","","","","","","","","","","","","","","","","","","","","","","","","","","","","","dbd521487960fa364c42449f9713ef021ee004dd-0-fc497c21b93ac3f4a779767070eec082e7783a16","dbd521487960fa364c42449f9713ef021ee004dd","root.record.ItemExhibitList.P5Item","dbd521487960fa364c42449f9713ef021ee004dd-1-d19305175f227453de943b0f142f2fbfc5939587"
"Test Program Set Support","","13.629","1.598","0.347","0.347","","","","","","","","","","","","","","","","","","","","","","","","","","","","","","","","","","","","","","","","","","","","","","","","","","","","","","","","","","","","","","","","dde209a78f42481659604936289c457735c5e670-0-e279478f1c5b9b5fc5a97b547fda0e07c84ba86d","dde209a78f42481659604936289c457735c5e670","root.record.ItemExhibitList.P5Item","dde209a78f42481659604936289c457735c5e670-1-824ee2e7959accf41205870e6be2335bc0c6285b"
"Calibration Software Update","","","","0.075","0.075","","","","","","","","","","","","","","","","","","","","","","","","","","","","","","","","","","","","","","","","","","","","","","","","","","","","","","","","","","","","","","","","e5a371d656815b4f1b36fb95831be3066a730b3e-0-4128ee52e6f0f879901bf2fc032316e37222a7fe","e5a371d656815b4f1b36fb95831be3066a730b3e","root.record.ItemExhibitList.P5Item","e5a371d656815b4f1b36fb95831be3066a730b3e-0-d9c54d27d8f759a80fa34c2304d4b0817f4a5b10"
"LVC-IA PDSS","","5.661","2.312","2.52","2.52","2.4","","","","","","","","","","4","2","2","2","","","","","","","","578","1200","1260","1260","","","","","","","","","","","","","","","","","","","","","","","","","","","","","","","","","","","root.record.ItemExhibitList.P5Item.CostElementCategoryList.Software.Recurring.CostElementList.CostElement.ManufacturerList-ebe18eae2c52042e93ac0fd63296fdca4b4e31bb-0-cc323a60806d8b2fc3d91822d354312590ef5d01","","","","ebe18eae2c52042e93ac0fd63296fdca4b4e31bb-0-ec4b66d8d82d055b9b1cb5d270ea2e61b2172d16","ebe18eae2c52042e93ac0fd63296fdca4b4e31bb","root.record.ItemExhibitList.P5Item","ebe18eae2c52042e93ac0fd63296fdca4b4e31bb-6-809965a7d61fb66c04b472d359ec7f6082fed3f7"
"LVC-IA Core System Integration","","2.1","0.7","0.7","0.7","0.7","","","","","","","","","","","","","","","","","","","","","","","","","","","","","","","","","","","","","","","","","","","","","","","","","","","","","","","","","","","","","","","ebe18eae2c52042e93ac0fd63296fdca4b4e31bb-1-7a997825bdaf5c4ff4b11bd30fd37697a3bdedd0","ebe18eae2c52042e93ac0fd63296fdca4b4e31bb","root.record.ItemExhibitList.P5Item","ebe18eae2c52042e93ac0fd63296fdca4b4e31bb-6-809965a7d61fb66c04b472d359ec7f6082fed3f7"
"Aegis BMD 3.6.1 Software and Installs","","22.5","","","","","","","","","","","","22.5","2","","","","","","","","","2","","11.25","","","","","","","","","11.25","","","","","","","","","","","","","","","","","","","","","","","","","","","","","","","","","","fdeeca627fb50af596a10ba83afac5e739eace7e-0-c3b97e5ea3a9282b12bebe72ea2fb55f54b8e179","fdeeca627fb50af596a10ba83afac5e739eace7e","root.record.ItemExhibitList.P5Item","fdeeca627fb50af596a10ba83afac5e739eace7e-1-dd52fa5c0c2eac0b1cb644669aeda590a2947fad"
"Aegis BMD 4.0 to 4.x Software Installs","","","4.736","","","","","","","","","","","4.736","","9","","","","","","","","9","","","0.526","","","","","","","","0.526","","","","","","","","","","","","","","","","","","","","","","","","","","","","","","","","","","fdeeca627fb50af596a10ba83afac5e739eace7e-1-8b41ea4a875c44930239efe0509ab87d0017f82c","fdeeca627fb50af596a10ba83afac5e739eace7e","root.record.ItemExhibitList.P5Item","fdeeca627fb50af596a10ba83afac5e739eace7e-1-dd52fa5c0c2eac0b1cb644669aeda590a2947fad"
"Teleport - Software (GMS)","","","","","","","","","","","","","","","","","","","","","","","","","","","","","","","","","","","","","0.258","1","0.258","0.258","1","0.258","0.258","1","0.258","true","","","","","","","","","","","","","","","","","","","root.record.ItemExhibitList.P5Item.CostElementCategoryList.Software.Recurring.CostElementList.CostElement.ManufacturerList-71b479e9d38421453be24984b4468bf79919df2b-0-e248bda6d1510e878fde3ba0e9e6808558f81659","","","","71b479e9d38421453be24984b4468bf79919df2b-0-ce966e509ae0f10ba1020d400ac7599354fcfcd9","71b479e9d38421453be24984b4468bf79919df2b","root.record.ItemExhibitList.P5Item","71b479e9d38421453be24984b4468bf79919df2b-0-b9baade5e4c59f452458e09bb5d60812f90bf4f8"
"Software","","","","","","","","","","","","","","","","","","","","","","","","","","","","","","","","","","","","","0.019","1","0.019","0.019","1","0.019","0.019","1","0.019","","0.028","2","0.057","0.012","1","0.012","0.000","0","0.000","","","","","","","","","","root.record.ItemExhibitList.P5Item.CostElementCategoryList.Software.Recurring.CostElementList.CostElement.ManufacturerList-24db7556a12306abac46ad9496675023d20beaee-0-780aeacbeed6c4cdb9929b291e850ae5e28133eb","","","","24db7556a12306abac46ad9496675023d20beaee-0-dd7887d6173d21d06cc3047675e12e506e3511a3","24db7556a12306abac46ad9496675023d20beaee","root.record.ItemExhibitList.P5Item","24db7556a12306abac46ad9496675023d20beaee-2-4f92e6238381903e0b003019b11ca32c6504fc16"
"Agile Transportation for the 21st Century (AT21) infrastructure","Agile Transportation for the 21st Century (AT21) infrastructure development, testing and accreditation activities.","","","","","","","","","","","","","","","","","","","","","","","","","","","","","","","","","","","","","","","","","","","","","","0.5","1","0.5","0.5","1","0.5","","","","","","","","","","","","","","","A","","24db7556a12306abac46ad9496675023d20beaee-0-e706b5dba75da91b39a0d480397c217c0aa91628","24db7556a12306abac46ad9496675023d20beaee","root.record.ItemExhibitList.P5Item","24db7556a12306abac46ad9496675023d20beaee-3-a3c15fb7a104e4e60e41fb50365d48deed9bf394"
"Prior/Future combined efforts","","","","","","","","","","","","","","","","","","","","","","","","","","","","","","","","","","","","","","","0","","","0","","","0","true","","","73.119","","","0","","","","0.766","0.456","4.589","6.589","","","","","","","","","","40d365317c2695995273930668a57d384a824c91-0-fba5f08ed4e8835dfcc67ab7c22c45d66d14e8a1","40d365317c2695995273930668a57d384a824c91","root.record.ItemExhibitList.P5Item","40d365317c2695995273930668a57d384a824c91-0-4880e8f9dae7908f020020b4db965e62f64c4a27"
"JWARN INCREMENT 1 - Software & Installation (Contractor)","","","","","","","","","","","","","","","","","","","","","","","","","","","","","","","","","","","","","0.131","5000","0.656","0.058","5000","0.289","0.058","5000","0.289","","0.395","4000","1.58","0.352","5000","1.761","","","","","","","","0.000","0","0","19000","4.286","root.record.ItemExhibitList.P5Item.CostElementCategoryList.Software.Recurring.CostElementList.CostElement.ManufacturerList-40d365317c2695995273930668a57d384a824c91-1-76ff12de7bde4b1cf80cea2fc7c3427b12ab130a","","","","40d365317c2695995273930668a57d384a824c91-1-4ebc1cc7a7954be98ddf67ba02f82be9464f6ffc","40d365317c2695995273930668a57d384a824c91","root.record.ItemExhibitList.P5Item","40d365317c2695995273930668a57d384a824c91-0-4880e8f9dae7908f020020b4db965e62f64c4a27"
"Prior/Future combined efforts","","","","","","","","","","","","","","","","","","","","","","","","","","","","","","","","","","","","","","","0","","","0","","","0","true","","","18.416","","","0","","","","1.242","3.417","5.069","3.086","","","","","","","","","","40d365317c2695995273930668a57d384a824c91-0-a440d254a7e3a48a00818e5ea5d8fe1b72edad33","40d365317c2695995273930668a57d384a824c91","root.record.ItemExhibitList.P5Item","40d365317c2695995273930668a57d384a824c91-2-1dd51903ce40f6ee3e9b32da2b556f9e54568a1e"
"JEM - INCREMENT 1 - Software & Installation (Contractor)","","","","","","","","","","","","","","","","","","","","","","","","","","","","","","","","","","","","","","","0.000","","","0.000","","","0.000","","0.344","6964","2.393","","","0.000","","","","","","","","0.000","0","0","6964","2.393","root.record.ItemExhibitList.P5Item.CostElementCategoryList.Software.Recurring.CostElementList.CostElement.ManufacturerList-40d365317c2695995273930668a57d384a824c91-1-499ddadb68c64c7ea917e9e99b576b7c4a0f79ac","","","","40d365317c2695995273930668a57d384a824c91-1-a62888e5cb6a4085264fe446588651c8b367caa8","40d365317c2695995273930668a57d384a824c91","root.record.ItemExhibitList.P5Item","40d365317c2695995273930668a57d384a824c91-2-1dd51903ce40f6ee3e9b32da2b556f9e54568a1e"
"Computing Environment Instantiations","","","","","","","","","","","","","","","","","","","","","","","","","","","","","","","","","","","","","10319","1","10.319","7743","1","7.743","7743","1","7.743","","","","","","","0.000","","","","","","","","","","","","","root.record.ItemExhibitList.P5Item.CostElementCategoryList.Software.Recurring.CostElementList.CostElement.ManufacturerList-571239ea242e1e673bae4fee7eb23020af5fa084-0-aa52c491cf38176c0da5d810cc1d850fee1e420b","","","","571239ea242e1e673bae4fee7eb23020af5fa084-0-a1977deaf335931d86a3e7ea7ec5e17f9a70e2ba","571239ea242e1e673bae4fee7eb23020af5fa084","root.record.ItemExhibitList.P5Item","571239ea242e1e673bae4fee7eb23020af5fa084-0-2088c11dfe71105e5c7b90628f4af457ae0cfd55"
"Life Cycle, Project Tool Kits/ Licenses","","","","","","","","","","","","","","","","","","","","","","","","","","","","","","","","","","","","","568","1","0.568","476","1","0.476","476","1","0.476","","","","","","","0.000","","","","","","","","","","","","","root.record.ItemExhibitList.P5Item.CostElementCategoryList.Software.Recurring.CostElementList.CostElement.ManufacturerList-571239ea242e1e673bae4fee7eb23020af5fa084-1-1dd8a9c72c85e832006a148e285793a688b94897","","","","571239ea242e1e673bae4fee7eb23020af5fa084-1-db0363ea7da49927f4437194a9b89da90f4f4e8b","571239ea242e1e673bae4fee7eb23020af5fa084","root.record.ItemExhibitList.P5Item","571239ea242e1e673bae4fee7eb23020af5fa084-0-2088c11dfe71105e5c7b90628f4af457ae0cfd55"
"(ACI) Army-wide Software","","","","","","","","","","","","","","","","","","","","","","","","","","","","","","","","","","","","","17086","1","17.086","","","0.000","","","0.000","","736301","1","736.301","","","0.000","","","","","","","","","","","","","root.record.ItemExhibitList.P5Item.CostElementCategoryList.Software.Recurring.CostElementList.CostElement.ManufacturerList-571239ea242e1e673bae4fee7eb23020af5fa084-0-5c390a11d8f72a1a8a54d3faed3651ea77b2d6df","","","","571239ea242e1e673bae4fee7eb23020af5fa084-0-642f2248e06eebaa9cf516cfd09911c04baf7d2f","571239ea242e1e673bae4fee7eb23020af5fa084","root.record.ItemExhibitList.P5Item","571239ea242e1e673bae4fee7eb23020af5fa084-5-0e4f28b2aa3206e8a27bf20a33d1b96bf26f7d20"
"Software Licenses","","","","","","","","","","","","","","","","","","","","","","","","","","","","","","","","","","","","","","","0.000","","","2.55","","","2.55","","","","","","","0.000","","","","","","","","","","","","","","","","","a7daaf12ceb3a343b9a6d25d5fa9045bec36b77f-0-e13e304126f8d18134ebe31e451215151dc9c708","a7daaf12ceb3a343b9a6d25d5fa9045bec36b77f","root.record.ItemExhibitList.P5Item","a7daaf12ceb3a343b9a6d25d5fa9045bec36b77f-0-b223004d7e7d79c94d9f6751632e59696d035ede"
"Jboss Software","","","","","","","","","","","","","","","","","","","","","","","","","","","","","","","","","","","","","","","","","","","","","","true","0.851","1","0.851","","","","","","","","","","","","","","","","","","","","af5b2dca6598b8a12c85691dd6bc9f041af28eb9-0-87d97e1fe2e26d0f51b622f7edb776cd0df44f8a","af5b2dca6598b8a12c85691dd6bc9f041af28eb9","root.record.ItemExhibitList.P5Item","af5b2dca6598b8a12c85691dd6bc9f041af28eb9-0-913a5125191f14457defffa5f979ebc330593c14"
"Loadrunner RIA Licenses","","","","","","","","","","","","","","","","","","","","","","","","","","","","","","","","","","","","","0.054","1","0.054","","","","","","","true","0.05","1","0.05","","","","","","","","","","","","","","","","root.record.ItemExhibitList.P5Item.CostElementCategoryList.Software.Recurring.CostElementList.CostElement.ManufacturerList-af5b2dca6598b8a12c85691dd6bc9f041af28eb9-1-9d7d6cf887cf3e89b7c244ff7594075e2bb864f9","","","","af5b2dca6598b8a12c85691dd6bc9f041af28eb9-1-4a1584f4f6493a34ff55baff210949d17779a9dd","af5b2dca6598b8a12c85691dd6bc9f041af28eb9","root.record.ItemExhibitList.P5Item","af5b2dca6598b8a12c85691dd6bc9f041af28eb9-0-913a5125191f14457defffa5f979ebc330593c14"
"Sun Identity Manager Licenses","","","","","","","","","","","","","","","","","","","","","","","","","","","","","","","","","","","","","","","","","","","","","","true","0.26","1","0.26","","","","","","","","","","","","","","","","","","","","af5b2dca6598b8a12c85691dd6bc9f041af28eb9-2-680da253e38dcbb760cb7f5811101e9fcafc8a97","af5b2dca6598b8a12c85691dd6bc9f041af28eb9","root.record.ItemExhibitList.P5Item","af5b2dca6598b8a12c85691dd6bc9f041af28eb9-0-913a5125191f14457defffa5f979ebc330593c14"
"Oracle DBMS Licenses","","","","","","","","","","","","","","","","","","","","","","","","","","","","","","","","","","","","","0.899","1","0.899","","","","","","","true","0.654","1","0.654","","","","","","","","","","","","","","","","root.record.ItemExhibitList.P5Item.CostElementCategoryList.Software.Recurring.CostElementList.CostElement.ManufacturerList-af5b2dca6598b8a12c85691dd6bc9f041af28eb9-3-1bc8923b6685e6d2b803b8a098082f735083b75d","","","","af5b2dca6598b8a12c85691dd6bc9f041af28eb9-3-9bbf0f7d66b07078c0d72c0dde4d5a6ab85f68c3","af5b2dca6598b8a12c85691dd6bc9f041af28eb9","root.record.ItemExhibitList.P5Item","af5b2dca6598b8a12c85691dd6bc9f041af28eb9-0-913a5125191f14457defffa5f979ebc330593c14"
"COTS Software","Tentatively to replace current tools","","","","","","","","","","","","","","","","","","","","","","","","","","","","","","","","","","","","0.509","1","0.509","","","","","","","true","","","","0.155","1","0.155","","","","","","","","","","","","","root.record.ItemExhibitList.P5Item.CostElementCategoryList.Software.Recurring.CostElementList.CostElement.ManufacturerList-af5b2dca6598b8a12c85691dd6bc9f041af28eb9-4-79ff03d1c4916f9369591d5b597310c34393f57e","","","","af5b2dca6598b8a12c85691dd6bc9f041af28eb9-4-138560c04d88f27e8120b74785802d8e086c6180","af5b2dca6598b8a12c85691dd6bc9f041af28eb9","root.record.ItemExhibitList.P5Item","af5b2dca6598b8a12c85691dd6bc9f041af28eb9-0-913a5125191f14457defffa5f979ebc330593c14"
"Teleport - Software (GMS)","","","","","","","","","","","","","","","","","","","","","","","","","","","","","","","","","","","","","0.258","1","0.258","0.258","1","0.258","0.258","1","0.258","true","","","","","","","","","","","","","","","","","","","root.record.ItemExhibitList.P5Item.CostElementCategoryList.Software.Recurring.CostElementList.CostElement.ManufacturerList-b3e70f9cf193e9c7be7b5c0670756357086cfe54-0-83f4ea6c33245f41b51958719c93e56787edbd44","","","","b3e70f9cf193e9c7be7b5c0670756357086cfe54-0-9bf32b75a5385c289eea2e83d20ae2472581a0bb","b3e70f9cf193e9c7be7b5c0670756357086cfe54","root.record.ItemExhibitList.P5Item","b3e70f9cf193e9c7be7b5c0670756357086cfe54-0-9c6ff824600d4e30a7ad5136b8804a89c4be39ad"
"C2 Software","","","","","","","","","","","","","","","","","","","","","","","","","","","","","","","","","","","","","","","","","","","","","","","4.929","1","4.929","5.399","1","5.399","","","","","","","","","","","","","root.record.ItemExhibitList.P5Item.CostElementCategoryList.Software.Recurring.CostElementList.CostElement.ManufacturerList-c4bca13264676bab032e04864ef91cc2e813ea54-0-a955b3afc512a74b2be3006a1885de93c5044d1a","","","","c4bca13264676bab032e04864ef91cc2e813ea54-0-8f9a71daa36e7643b9b32bb794d0531e4cbd1342","c4bca13264676bab032e04864ef91cc2e813ea54","root.record.ItemExhibitList.P5Item","c4bca13264676bab032e04864ef91cc2e813ea54-0-0d731ed0d7a69856eb5841c34690250b5b2171fb"
"GCCS-J Software","","","","","","","","","","","","","","","","","","","","","","","","","","","","","","","","","","","","","","","","","","","","","","","","","","0.215","1","0.215","","","","","","","","","","","","","root.record.ItemExhibitList.P5Item.CostElementCategoryList.Software.Recurring.CostElementList.CostElement.ManufacturerList-c4bca13264676bab032e04864ef91cc2e813ea54-1-11a7357c7a0affc41fa1663a117282746d0118b6","","","","c4bca13264676bab032e04864ef91cc2e813ea54-1-78c3138b0a3dfb42cd3a365a441a944b0338a03a","c4bca13264676bab032e04864ef91cc2e813ea54","root.record.ItemExhibitList.P5Item","c4bca13264676bab032e04864ef91cc2e813ea54-0-0d731ed0d7a69856eb5841c34690250b5b2171fb"
"Overseas Contingency Operations (OCO)","","","","","","","","","","","","","","","","","","","","","","","","","","","","","","","","","","","","","","","","","","","","","","","0.084","12","1.008","","","","","","","","","","","","","","","","","","","","c4bca13264676bab032e04864ef91cc2e813ea54-2-14aa4ed334c289792cd81daf615a6e0a8aebb023","c4bca13264676bab032e04864ef91cc2e813ea54","root.record.ItemExhibitList.P5Item","c4bca13264676bab032e04864ef91cc2e813ea54-0-0d731ed0d7a69856eb5841c34690250b5b2171fb"
"Prior/Future combined efforts","","91.369","0","0","0","0","0.000","0.000","0.000","0.000","","","0","91.369","","","","","","","","","","","","","","","","","","","","","","","","","","","","","","","","","","","","","","","","","","","","","","","","","","","","","","","01dd082524974a202336a468bc68b49c9b0edfe1-0-f9cf1e10ef7d7859258d50ea97989c4c4900cb71","01dd082524974a202336a468bc68b49c9b0edfe1","root.record.ItemExhibitList.P5Item","01dd082524974a202336a468bc68b49c9b0edfe1-5-b60e358b947f3c990d6de54be213c2e20c14899d"
"JWARN INCR. 1 - Software & Installation (Contractor)","","0.000","0.656","0.000","0.000","0.289","","","","","","","","0.945","","","","","","","","","","","","","","","","","","","","","","","","","","","","","","","","","","","","","","","","","","","","","","","","","","","","","","","01dd082524974a202336a468bc68b49c9b0edfe1-1-8aaa39c404d7c1ba37ca21e693a77f6038a8f4b4","01dd082524974a202336a468bc68b49c9b0edfe1","root.record.ItemExhibitList.P5Item","01dd082524974a202336a468bc68b49c9b0edfe1-5-b60e358b947f3c990d6de54be213c2e20c14899d"
"2.1.1) Technology Refresh/Software purchases","","0","","","","","","","","","","","","","","","","","","","","","","","","","","","","","","","","","","","","","","","","","","","","","","","","","","","","","","","","","","","","","","","","","","","1256f5a598977fa64bf61c494f53b30afee60c67-0-8fd9a5f2211d20fa1937c842fde295e6c142e12c","1256f5a598977fa64bf61c494f53b30afee60c67","root.record.ItemExhibitList.P5Item","1256f5a598977fa64bf61c494f53b30afee60c67-0-af177d4cdd3fabb98d55714ede1af23aeda89201"
"2.1.1) EDS Enhancements S/W","","0","","","","","","","","","","","","","","","","","","","","","","","","","","","","","","","","","","","","","","","","","","","","","","","","","","","","","","","","","","","","","","","","","","","146148c520477c894d8b11d61f35959d13c05fb7-0-d54c064bc6bbb6d41378c5c1695476b83897eacd","146148c520477c894d8b11d61f35959d13c05fb7","root.record.ItemExhibitList.P5Item","146148c520477c894d8b11d61f35959d13c05fb7-0-f28179aadc0c85e635afe825c63d2a1f988c9f2d"
"2.1.2) EDS Enhancements S/W - Reserves","","0","","","","","","","","","","","","","","","","","","","","","","","","","","","","","","","","","","","","","","","","","","","","","","","","","","","","","","","","","","","","","","","","","","","146148c520477c894d8b11d61f35959d13c05fb7-1-db933eae560e0599ce05756ab07d6cdb92b5c31b","146148c520477c894d8b11d61f35959d13c05fb7","root.record.ItemExhibitList.P5Item","146148c520477c894d8b11d61f35959d13c05fb7-0-f28179aadc0c85e635afe825c63d2a1f988c9f2d"
"Prior/Future combined efforts","","","0","0","0","0","0.000","4.589","1.522","0.533","","","0","6.644","","","","","","","","","","","","","","","","","","","","","","","","","","","","","","","","","","","","","","","","","","","","","","","","","","","","","","","1b15a7c9b29f030113ff0f7df90c64638e966d27-0-010468203b49230b48d8d11a55babcf207b18054","1b15a7c9b29f030113ff0f7df90c64638e966d27","root.record.ItemExhibitList.P5Item","1b15a7c9b29f030113ff0f7df90c64638e966d27-5-033eb39444cc9262b19019445ef6130dd1037913"
"JWARN INCR. 1 - Software & Installation (Contractor)","","0.000","0.000","0.257","0.257","0.000","","","","","","","","0.257","","","","","","","","","","","","","","","","","","","","","","","","","","","","","","","","","","","","","","","","","","","","","","","","","","","","","","","1b15a7c9b29f030113ff0f7df90c64638e966d27-1-36f1830b5448979db8f6ddd50fd1e705acbf03f4","1b15a7c9b29f030113ff0f7df90c64638e966d27","root.record.ItemExhibitList.P5Item","1b15a7c9b29f030113ff0f7df90c64638e966d27-5-033eb39444cc9262b19019445ef6130dd1037913"
"2.1.1) Software","","0","","","","","","","","","","","","","","","","","","","","","","","","","","","","","","","","","","","","","","","","","","","","","","","","","","","","","","","","","","","","","","","","","","","259ec3f705e5e1cf060fb7d14fa5d9d31eb2279e-0-4c66d9864c25da119a24057aedb79be10185faba","259ec3f705e5e1cf060fb7d14fa5d9d31eb2279e","root.record.ItemExhibitList.P5Item","259ec3f705e5e1cf060fb7d14fa5d9d31eb2279e-0-a69afb65e3891fbc56be5ba57b5238cf702d5dc9"
"Teleport - Software (GMS)","","","5.323","","","0.258","0.526","1.128","","","true","","","","","1","1","","","1","1","","","","","","5.323","0.258","","","0.526","1.128","","","","","","","","","","","","","","","","","","","","","","","","","","","","","","","","","root.record.ItemExhibitList.P5Item.CostElementCategoryList.Software.Recurring.CostElementList.CostElement.ManufacturerList-32fc395bd096776a669677ac7fc8338227faacb7-0-1e9bc01bd621f3fe15eedb960c15b165077f7753","","","","32fc395bd096776a669677ac7fc8338227faacb7-0-313bfb82b64f22aaeb8ff530b9f015ba4cd2256a","32fc395bd096776a669677ac7fc8338227faacb7","root.record.ItemExhibitList.P5Item","32fc395bd096776a669677ac7fc8338227faacb7-0-18e5d819b57ef9910237a9a30ecef0c174a2984a"
"Software","","0.069","0.019","0.019","0.019","0.019","0.02","0.021","0.021","0.021","true","","","","3","1","1","1","1","1","1","1","1","","","0.023","0.019","0.019","0.019","0.019","0.02","0.021","0.021","0.021","","","","","","","","","","","","","","","","","","","","","","","","","","","","","","","","","","","491affde4c84d8f8803b4aa76f00dfb775bf55d3-0-44dcfe9f73003455b51d8f779de902c60d59b2f3","491affde4c84d8f8803b4aa76f00dfb775bf55d3","root.record.ItemExhibitList.P5Item","491affde4c84d8f8803b4aa76f00dfb775bf55d3-2-4209cba9f3a3ff68cd537e67f9d6d10a0a12f7ee"
"8.1.1) SC158 - TCTS Block Upgrade","These block upgrades were previously budgeted under SC920, TCTS Non-Recurring.","","","1.241","1.241","1.95","","","","","","","","","","","","","","","","","","","","","","","","","","","","","","","","","","","","","","","","","","","","","","","","","","","","","","","","","","","","","","","7e07d902dc4aeb0e025204eea8615d5517b41b19-0-fda41d90fa3fbd1931186131a671c83c4f282a86","7e07d902dc4aeb0e025204eea8615d5517b41b19","root.record.ItemExhibitList.P5Item","7e07d902dc4aeb0e025204eea8615d5517b41b19-0-3bd5b0fb2ef625660b6e6775a56abe260033e3ec"
"Jboss Software","","0.851","","","","","","","","","true","","","","1","","","","","","","","","","","0.851","","","","","","","","","","","","","","","","","","","","","","","","","","","","","","","","","","","","","","","","","","","a175b2d139490b2b18af5e9769af4e79837591fc-0-e92adefa00819a8ad8cd1bc759abd3e51eef6081","a175b2d139490b2b18af5e9769af4e79837591fc","root.record.ItemExhibitList.P5Item","a175b2d139490b2b18af5e9769af4e79837591fc-0-3f4cc5ef89cb817e9b6f6e435c492ef009c670c1"
"Loadrunner RIA Licenses","","0.05","","","","","","","","","true","","","","1","","","","","","","","","","","0.05","","","","","","","","","","","","","","","","","","","","","","","","","","","","","","","","","","","","","","","","","","","a175b2d139490b2b18af5e9769af4e79837591fc-1-825211be0364392f2120f0deafd8dea724c1f7c8","a175b2d139490b2b18af5e9769af4e79837591fc","root.record.ItemExhibitList.P5Item","a175b2d139490b2b18af5e9769af4e79837591fc-0-3f4cc5ef89cb817e9b6f6e435c492ef009c670c1"
"Sun Identity Manager Licenses","","0.26","","","","","","","","","true","","","","1","","","","","","","","","","","0.26","","","","","","","","","","","","","","","","","","","","","","","","","","","","","","","","","","","","","","","","","","","a175b2d139490b2b18af5e9769af4e79837591fc-2-edbc0f849029c4f802b361c4e6ec4fb0f13a95d6","a175b2d139490b2b18af5e9769af4e79837591fc","root.record.ItemExhibitList.P5Item","a175b2d139490b2b18af5e9769af4e79837591fc-0-3f4cc5ef89cb817e9b6f6e435c492ef009c670c1"
"Oracle DBMS Licenses","","0.654","0.899","","","","","","","","true","","","","1","1","","","","","","","","","","0.654","0.899","","","","","","","","","","","","","","","","","","","","","","","","","","","","","","","","","","","","","","root.record.ItemExhibitList.P5Item.CostElementCategoryList.Software.Recurring.CostElementList.CostElement.ManufacturerList-a175b2d139490b2b18af5e9769af4e79837591fc-3-679a628102f47e0279b81a7048291447d05df67e","","","","a175b2d139490b2b18af5e9769af4e79837591fc-3-08bdefc277958c463b0e5196b1fa61c83911a6de","a175b2d139490b2b18af5e9769af4e79837591fc","root.record.ItemExhibitList.P5Item","a175b2d139490b2b18af5e9769af4e79837591fc-0-3f4cc5ef89cb817e9b6f6e435c492ef009c670c1"
"COTS Software","Tentatively to replace current tools","0.155","0.264","","","","","","","","true","","","","1","1","","","","","","","","","","0.155","0.264","","","","","","","","","","","","","","","","","","","","","","","","","","","","","","","","","","","","","","root.record.ItemExhibitList.P5Item.CostElementCategoryList.Software.Recurring.CostElementList.CostElement.ManufacturerList-a175b2d139490b2b18af5e9769af4e79837591fc-4-9c69b69917270c425ae9cf480f3610fc2d7545f1","","","","a175b2d139490b2b18af5e9769af4e79837591fc-4-bff344c14b3fa63f71fe2f339df8100912c4ad53","a175b2d139490b2b18af5e9769af4e79837591fc","root.record.ItemExhibitList.P5Item","a175b2d139490b2b18af5e9769af4e79837591fc-0-3f4cc5ef89cb817e9b6f6e435c492ef009c670c1"
"Network Operations Tools SW","","","","10","10","","","","","","","","","","","","","1","1","","","","","","","","","","10000","10000","","","","","","","","","","","","","","","","","","","","","","","","","","","","","","","","","","","root.record.ItemExhibitList.P5Item.CostElementCategoryList.Software.Recurring.CostElementList.CostElement.ManufacturerList-a4b82838d22cfbf1da667ad790027d833a60a900-0-a30bd0be71af2ced93c01f43706fc48d7782d87e","","","","a4b82838d22cfbf1da667ad790027d833a60a900-0-04339eb2147adc20a986477cee182fade46b7948","a4b82838d22cfbf1da667ad790027d833a60a900","root.record.ItemExhibitList.P5Item","a4b82838d22cfbf1da667ad790027d833a60a900-0-afd648a81e00eaeaa30a8ff31b034745b5b2c36e"
"(ACI) Army-wide Software","","736.301","","","","","","","","","","","","","1","","","","","","","","","","","736301","","","","","","","","","","","","","","","","","","","","","","","","","","","","","","","","","","","","","","","root.record.ItemExhibitList.P5Item.CostElementCategoryList.Software.Recurring.CostElementList.CostElement.ManufacturerList-a4b82838d22cfbf1da667ad790027d833a60a900-0-2d06ecea7837d4bc36b847b7965a926acdd8e0d1","1","","","a4b82838d22cfbf1da667ad790027d833a60a900-0-54a5aeafd42874ea41959d9e326408c5da764823","a4b82838d22cfbf1da667ad790027d833a60a900","root.record.ItemExhibitList.P5Item","a4b82838d22cfbf1da667ad790027d833a60a900-5-368d31b168d937a29f87b2f55fa7c1269f4d7b84"
"Army Computing Infrastructure","","77.053","","","","","","","","","","","","","1","","","","","","","","","","","77053","","","","","","","","","","","","","","","","","","","","","","","","","","","","","","","","","","","","","","","","","","","a4b82838d22cfbf1da667ad790027d833a60a900-1-df5773e3025ce72cf093a0dc25d11dddfffaa65b","a4b82838d22cfbf1da667ad790027d833a60a900","root.record.ItemExhibitList.P5Item","a4b82838d22cfbf1da667ad790027d833a60a900-5-368d31b168d937a29f87b2f55fa7c1269f4d7b84"
"Software Licenses","","","","3","3","3","","","","","","","","","","","","","","","","","","","","","","","","","","","","","","","","","","","","","","","","","","","","","","","","","","","","","","","","","","","","","","","c70edab0ecd73295fdc4a9bc987c2fd361b92783-0-2bf6622cba3c4dd53d5c3d96690a6ae1e757096d","c70edab0ecd73295fdc4a9bc987c2fd361b92783","root.record.ItemExhibitList.P5Item","c70edab0ecd73295fdc4a9bc987c2fd361b92783-0-7ba6292d340466bc8acb616bfe7ad2b0932c583f"
"4.1.1) SOFTWARE INTEGRATION","","5.498","1.172","3.589","3.589","3.54","","","","","","0.000","","","","","","","","","","","","","","","","","","","","","","","","","","","","","","","","","","","","","","","","","","","","","","","","","","","","","","","","","dcb80dedbc0e5565b3d2e54bafbd3d5c766425a4-0-76aba85c5e7d3d4d995f2a472ac8b6187726f1b6","dcb80dedbc0e5565b3d2e54bafbd3d5c766425a4","root.record.ItemExhibitList.P5Item","dcb80dedbc0e5565b3d2e54bafbd3d5c766425a4-1-f4c7eac1329fb64304fd9b71765154d4c1e658ab"
"DISN-TE (Component Hardware)","","3.572","0.765","","2.295","0.398","","","","","true","2.295","","","5","1","2","","3","","","","","","3","0.714","0.765","0.199","","0.765","","","","","","0.765","","","","","","","","","","","","","","","","","","","","","","","","","","","","","root.record.ItemExhibitList.P5Item.CostElementCategoryList.Software.Recurring.CostElementList.CostElement.ManufacturerList-32b5db15db622ad4c5ac79f29e508fc93894e133-0-09d63900252cdc7f7b9e7e3cd282227109a57446","","","","32b5db15db622ad4c5ac79f29e508fc93894e133-0-06a54a92d1b6d204d35dbb61543c8c9e5a05decd","32b5db15db622ad4c5ac79f29e508fc93894e133","root.record.ItemExhibitList.P5Item","32b5db15db622ad4c5ac79f29e508fc93894e133-0-3b6cb41b1cc7b20c543d030ae2420456700a3cda"
"DISN OSS Integration (Hardware, Eng & Install)","","1.523","1.3","","","","","","","","true","","","","1","1","","","","","","","","","","1.523","1.3","","","","","","","","","","","","","","","","","","","","","","","","","","","","","","","","","","","","","","root.record.ItemExhibitList.P5Item.CostElementCategoryList.Software.Recurring.CostElementList.CostElement.ManufacturerList-32b5db15db622ad4c5ac79f29e508fc93894e133-1-f0db3ddf88feee361308b57456a5c023461da556","","","","32b5db15db622ad4c5ac79f29e508fc93894e133-1-4e6aeb91bf3b09690bfdec5d59cf8b1e770d3804","32b5db15db622ad4c5ac79f29e508fc93894e133","root.record.ItemExhibitList.P5Item","32b5db15db622ad4c5ac79f29e508fc93894e133-0-3b6cb41b1cc7b20c543d030ae2420456700a3cda"
"JIPM NCC (Eng & Install)","","3.882","1.528","","0.658","3.444","","","","","true","0.658","","","3","2","4","","1","","","","","","1","1.294","0.764","0.861","","0.658","","","","","","0.658","","","","","","","","","","","","","","","","","","","","","","","","","","","","","root.record.ItemExhibitList.P5Item.CostElementCategoryList.Software.Recurring.CostElementList.CostElement.ManufacturerList-32b5db15db622ad4c5ac79f29e508fc93894e133-2-a325f202306aab9dda49f0243653bd9293d476d9","","","","32b5db15db622ad4c5ac79f29e508fc93894e133-2-76cc80997844eacbf8eb2338323775c7fc80ac45","32b5db15db622ad4c5ac79f29e508fc93894e133","root.record.ItemExhibitList.P5Item","32b5db15db622ad4c5ac79f29e508fc93894e133-0-3b6cb41b1cc7b20c543d030ae2420456700a3cda"
"Software Licenses","","","","3","3","3","","","","","","","","","","","","","","","","","","","","","","","","","","","","","","","","","","","","","","","","","","","","","","","","","","","","","","","","","","","","","","","50a9f2c47e3a913463b9804ae35cea45b6f8ca8a-0-9f687405ad62bf91ecb70f420a82c93f6043ff3d","50a9f2c47e3a913463b9804ae35cea45b6f8ca8a","root.record.ItemExhibitList.P5Item","50a9f2c47e3a913463b9804ae35cea45b6f8ca8a-0-cedb236788725c59730052ed6ce24c6156284141"
"DISN-TE (Component Hardware)","","3.572","0.765","","2.295","0.398","","","","","true","2.295","","","5","1","2","","3","","","","","","3","0.714","0.765","0.199","","0.765","","","","","","0.765","","","","","","","","","","","","","","","","","","","","","","","","","","","","","root.record.ItemExhibitList.P5Item.CostElementCategoryList.Software.Recurring.CostElementList.CostElement.ManufacturerList-6cb75a64ac78e9fa9e4ea55cd1e4d0dbed13a9b8-0-deb44a26695deb161dd4b24d024d3d1bd18fe98b","","","","6cb75a64ac78e9fa9e4ea55cd1e4d0dbed13a9b8-0-aa1560cf9b3281363a13b5df6b3bf2fd367e0beb","6cb75a64ac78e9fa9e4ea55cd1e4d0dbed13a9b8","root.record.ItemExhibitList.P5Item","6cb75a64ac78e9fa9e4ea55cd1e4d0dbed13a9b8-0-875a88728279b158334a60bf9d934fb9cbad61f8"
"DISN OSS Integration (Hardware, Eng & Install)","","1.523","1.3","","","","","","","","true","","","","1","1","","","","","","","","","","1.523","1.3","","","","","","","","","","","","","","","","","","","","","","","","","","","","","","","","","","","","","","root.record.ItemExhibitList.P5Item.CostElementCategoryList.Software.Recurring.CostElementList.CostElement.ManufacturerList-6cb75a64ac78e9fa9e4ea55cd1e4d0dbed13a9b8-1-35d6f044676207ad17d9b0dcb1f7e13cbb224279","","","","6cb75a64ac78e9fa9e4ea55cd1e4d0dbed13a9b8-1-ea6c411f252ba74f018cf70158fb1b2a08506133","6cb75a64ac78e9fa9e4ea55cd1e4d0dbed13a9b8","root.record.ItemExhibitList.P5Item","6cb75a64ac78e9fa9e4ea55cd1e4d0dbed13a9b8-0-875a88728279b158334a60bf9d934fb9cbad61f8"
"JIPM NCC (Eng & Install)","","3.882","1.528","","0.658","3.444","","","","","true","0.658","","","3","2","4","","1","","","","","","1","1.294","0.764","0.861","","0.658","","","","","","0.658","","","","","","","","","","","","","","","","","","","","","","","","","","","","","root.record.ItemExhibitList.P5Item.CostElementCategoryList.Software.Recurring.CostElementList.CostElement.ManufacturerList-6cb75a64ac78e9fa9e4ea55cd1e4d0dbed13a9b8-2-5af8a63f9ba2155fcf1084de6ec6bf344342a501","","","","6cb75a64ac78e9fa9e4ea55cd1e4d0dbed13a9b8-2-aa1d0c55b7d916fb0257e3d5350de7702de9c97f","6cb75a64ac78e9fa9e4ea55cd1e4d0dbed13a9b8","root.record.ItemExhibitList.P5Item","6cb75a64ac78e9fa9e4ea55cd1e4d0dbed13a9b8-0-875a88728279b158334a60bf9d934fb9cbad61f8"
"Network Operations Tools SW","","4.173","","","","10","","","","","","","","","1","","1","","","","","","","","","4173","","10000","","","","","","","","","","","","","","","","","","","","","","","","","","","","","","","","","","","","","root.record.ItemExhibitList.P5Item.CostElementCategoryList.Software.Recurring.CostElementList.CostElement.ManufacturerList-0204da979f3fe83eede49dd470a5931a074cade4-0-3f5844f2a1d18a0b7f60ea7600e9865254ca275e","1","","","0204da979f3fe83eede49dd470a5931a074cade4-0-0f1370a312cc16a2d4846792e04044f77be1d273","0204da979f3fe83eede49dd470a5931a074cade4","root.record.ItemExhibitList.P5Item","0204da979f3fe83eede49dd470a5931a074cade4-0-57a17763ee9a0ecb413775252048bd14b0467b24"
"(ACI) Army-wide Software","","736.301","","","","","","","","","","","","","1","","","","","","","","","","","736301","","","","","","","","","","","","","","","","","","","","","","","","","","","","","","","","","","","","","","","","","","","0204da979f3fe83eede49dd470a5931a074cade4-0-f5306796a1bd1a4b057795f5cbb96cbbaac14cde","0204da979f3fe83eede49dd470a5931a074cade4","root.record.ItemExhibitList.P5Item","0204da979f3fe83eede49dd470a5931a074cade4-4-d8c43b3407dbba2f7c0e1aa7cd0b2dfb321aac42"
"Army Computing Infrastructure","","77.053","","","","","","","","","","","","","1","","","","","","","","","","","77053","","","","","","","","","","","","","","","","","","","","","","","","","","","","","","","","","","","","","","","","","","","0204da979f3fe83eede49dd470a5931a074cade4-1-a91c93e9683fdf4f1efbf531854c315be78ad298","0204da979f3fe83eede49dd470a5931a074cade4","root.record.ItemExhibitList.P5Item","0204da979f3fe83eede49dd470a5931a074cade4-4-d8c43b3407dbba2f7c0e1aa7cd0b2dfb321aac42"
"2.1.1) EDS SW maintenance","","","","0.036","0.036","","","","","","","","","","","","","","","","","","","","","","","","","","","","","","","","","","","","","","","","","","","","","","","","","","","","","","","","","","","","","","","","12fe0d50cb9d3c84e0164209926a72357d42b4ad-0-6e52dc1ffe83f47dd0ae297f6fc431a4787991ac","12fe0d50cb9d3c84e0164209926a72357d42b4ad","root.record.ItemExhibitList.P5Item","12fe0d50cb9d3c84e0164209926a72357d42b4ad-0-61592f8965a220898b950844061cb7e5b359d81e"
"2.1.3) 64 Bit ECP","","1.215","","","","","","","","","","","","","","","","","","","","","","","","","","","","","","","","","","","","","","","","","","","","","","","","","","","","","","","","","","","","","","","","","","","12fe0d50cb9d3c84e0164209926a72357d42b4ad-1-fedbcde24d3383c3b65389bf73ca3f2ade2f6016","12fe0d50cb9d3c84e0164209926a72357d42b4ad","root.record.ItemExhibitList.P5Item","12fe0d50cb9d3c84e0164209926a72357d42b4ad-0-61592f8965a220898b950844061cb7e5b359d81e"
"2.1.4) GEOINT S/W","","","","","","2.915","","","","","","","","","","","212","","","","","","","","","","","13750","","","","","","","","","","","","","","","","","","","","","","","","","","","","","","","","","","","","","root.record.ItemExhibitList.P5Item.CostElementCategoryList.Software.Recurring.CostElementList.CostElement.ManufacturerList-12fe0d50cb9d3c84e0164209926a72357d42b4ad-2-80e61bda3b21aa1b6db8da0abf1425280bb8e595","","","","12fe0d50cb9d3c84e0164209926a72357d42b4ad-2-f856e8cfa203a5b62d8a0806927372419353fa8a","12fe0d50cb9d3c84e0164209926a72357d42b4ad","root.record.ItemExhibitList.P5Item","12fe0d50cb9d3c84e0164209926a72357d42b4ad-0-61592f8965a220898b950844061cb7e5b359d81e"
"2.1.5) GEOINT S/W - Reserves","","","","","","0.11","","","","","","","","","","","8","","","","","","","","","","","13750","","","","","","","","","","","","","","","","","","","","","","","","","","","","","","","","","","","","","root.record.ItemExhibitList.P5Item.CostElementCategoryList.Software.Recurring.CostElementList.CostElement.ManufacturerList-12fe0d50cb9d3c84e0164209926a72357d42b4ad-3-f6abe1d851072e52ba21188e8653473fafedc81b","","","","12fe0d50cb9d3c84e0164209926a72357d42b4ad-3-03f05b7149f67786a3a5e4d5b28fff1b231b633d","12fe0d50cb9d3c84e0164209926a72357d42b4ad","root.record.ItemExhibitList.P5Item","12fe0d50cb9d3c84e0164209926a72357d42b4ad-0-61592f8965a220898b950844061cb7e5b359d81e"
"2.1.6) VIP-MC S/W","","","","","","0.04","","","","","","","","","","","5","","","","","","","","","","","8000","","","","","","","","","","","","","","","","","","","","","","","","","","","","","","","","","","","","","root.record.ItemExhibitList.P5Item.CostElementCategoryList.Software.Recurring.CostElementList.CostElement.ManufacturerList-12fe0d50cb9d3c84e0164209926a72357d42b4ad-4-8f422dcfcdb42542d42b3ac376f1b965fbd47408","","","","12fe0d50cb9d3c84e0164209926a72357d42b4ad-4-18d7713a25d4e484c0388710d6ff3109f39fd307","12fe0d50cb9d3c84e0164209926a72357d42b4ad","root.record.ItemExhibitList.P5Item","12fe0d50cb9d3c84e0164209926a72357d42b4ad-0-61592f8965a220898b950844061cb7e5b359d81e"
"Aegis BMD 3.6.1 Software and Installs","","22.5","","","","","","","","","","","","22.5","2","","","","","","","","","2","","11.25","","","","","","","","","11.25","","","","","","","","","","","","","","","","","","","","","","","","","","","","","","","","","","175397800b511b530a13e7475895e0646537d7c2-0-235cddbd99f89bb3e0c2181b9bc029cf9b947cf5","175397800b511b530a13e7475895e0646537d7c2","root.record.ItemExhibitList.P5Item","175397800b511b530a13e7475895e0646537d7c2-0-28a036af5db47b0192f40d5945f2116d95e6c724"
"Aegis BMD 4.0 to 4.1 Software Installs","","","","3.2","3.2","","2.1","","","","","","","5.3","","","","6","6","4","","","","10","","","","","0.533","0.533","0.525","","","","0.53","","","","","","","","","","","","","","","","","","","","","","","","","","","","","","","","","","175397800b511b530a13e7475895e0646537d7c2-1-489a36ccdb104590f1b0329d3d15e6bfc050795d","175397800b511b530a13e7475895e0646537d7c2","root.record.ItemExhibitList.P5Item","175397800b511b530a13e7475895e0646537d7c2-0-28a036af5db47b0192f40d5945f2116d95e6c724"
"2.1.1) Technology Refresh/Software purchases","","","","0.3","0.3","","","","","","","","","","","","","","","","","","","","","","","","","","","","","","","","","","","","","","","","","","","","","","","","","","","","","","","","","","","","","","","","630765b1bc24ec882030dc9341e712b3e2cf2bf6-0-156b8cf1d0ec41382e235bf9c340855d7a197038","630765b1bc24ec882030dc9341e712b3e2cf2bf6","root.record.ItemExhibitList.P5Item","630765b1bc24ec882030dc9341e712b3e2cf2bf6-0-a585b9b36deb0591619491d1b852d18e6e8cb3b7"
"Software","","0.088","0.019","0.02","0.02","0.019","0.021","0.021","0.021","0.021","true","","","","4","1","1","1","1","1","1","1","1","","","0.022","0.019","0.019","0.02","0.02","0.021","0.021","0.021","0.021","","","","","","","","","","","","","","","","","","","","","","","","","","","","","","","","","","","63bacc2206ec9809941729788c09da59fdb58f89-0-cc0690944b4c3bffb906d5535f5bbfe2eea1f15c","63bacc2206ec9809941729788c09da59fdb58f89","root.record.ItemExhibitList.P5Item","63bacc2206ec9809941729788c09da59fdb58f89-2-e9391a515b0042dd0de2574b14437c7c7b857e39"
"Prior/Future combined efforts","","","0","0","0","0","1.22","1.22","1.22","1.22","","","0","4.88","","","","","","","","","","","","","","","","","","","","","","","","","","","","","","","","","","","","","","","","","","","","","","","","","","","","","","","6415a3c17a14b92407bb2724ffdc21bf53f5882d-0-e2103bd42458e9f5581694b0f4514dae119fb2c7","6415a3c17a14b92407bb2724ffdc21bf53f5882d","root.record.ItemExhibitList.P5Item","6415a3c17a14b92407bb2724ffdc21bf53f5882d-0-ce7eabff4e18e03430b3f2796f75ff1a70f206be"
"Software and Installation","","0","0","0.398","0.398","0","","","","","","","","0.398","","","","","","","","","","","","","","","","","","","","","","","","","","","","","","","","","","","","","","","","","","","","","","","","","","","","","","","6415a3c17a14b92407bb2724ffdc21bf53f5882d-1-e2995b9f99fd7552ef5209bd3de5f65e40af1d5d","6415a3c17a14b92407bb2724ffdc21bf53f5882d","root.record.ItemExhibitList.P5Item","6415a3c17a14b92407bb2724ffdc21bf53f5882d-0-ce7eabff4e18e03430b3f2796f75ff1a70f206be"
"Prior/Future combined efforts","","","0","0","0","0","5.069","3.086","3.031","2.728","true","","","","","","","","","","","","","","","","","","","","","","","","","","","","","","","","","","","","","","","","","","","","","","","","","","","","","","","","","","6415a3c17a14b92407bb2724ffdc21bf53f5882d-0-fbad82467fa384adf779ab71c2371ec4b3ad88b3","6415a3c17a14b92407bb2724ffdc21bf53f5882d","root.record.ItemExhibitList.P5Item","6415a3c17a14b92407bb2724ffdc21bf53f5882d-5-985152d70b43042e3dc6b17c750040183a210297"
"JEM INCR. 2 - Software & Installation","","0","0","0.901","0.901","0.375","","","","","","","","","","","","","","","","","","","","","","","","","","","","","","","","","","","","","","","","","","","","","","","","","","","","","","","","","","","","","","","6415a3c17a14b92407bb2724ffdc21bf53f5882d-1-adf98c70a87c2f584c9b8cc82427c0d955c5701c","6415a3c17a14b92407bb2724ffdc21bf53f5882d","root.record.ItemExhibitList.P5Item","6415a3c17a14b92407bb2724ffdc21bf53f5882d-5-985152d70b43042e3dc6b17c750040183a210297"
"Prior/Future combined efforts","","","0","0","0","0","4.589","1.522","0.533","0.479","","","0","7.123","","","","","","","","","","","","","","","","","","","","","","","","","","","","","","","","","","","","","","","","","","","","","","","","","","","","","","","6415a3c17a14b92407bb2724ffdc21bf53f5882d-0-67ba002159594997d4025b18bdf3031cb4d9c6d6","6415a3c17a14b92407bb2724ffdc21bf53f5882d","root.record.ItemExhibitList.P5Item","6415a3c17a14b92407bb2724ffdc21bf53f5882d-7-1e3a6f34e46cac42c214f2cd6ca48dad11e6d21c"
"JWARN INCR. 1 - Software & Installation (Contractor)","","0","0","0","0","0.257","","","","","","","","0.257","","","","","","","","","","","","","","","","","","","","","","","","","","","","","","","","","","","","","","","","","","","","","","","","","","","","","","","6415a3c17a14b92407bb2724ffdc21bf53f5882d-1-8eea54d8ce0e9b6b2d65e4ec611e4ae0f2d84a33","6415a3c17a14b92407bb2724ffdc21bf53f5882d","root.record.ItemExhibitList.P5Item","6415a3c17a14b92407bb2724ffdc21bf53f5882d-7-1e3a6f34e46cac42c214f2cd6ca48dad11e6d21c"
"Software Licenses","","","3","","3.3","3.2","","","","","","3.3","","","","","","","","","","","","","","","","","","","","","","","","","","","","","","","","","","","","","","","","","","","","","","","","","","","","","","","","","6c0ed8f6404d812c30a6d3f23df7eea6f3a36d30-0-708934000052b2dc9bedb8ca70fd499927123a65","6c0ed8f6404d812c30a6d3f23df7eea6f3a36d30","root.record.ItemExhibitList.P5Item","6c0ed8f6404d812c30a6d3f23df7eea6f3a36d30-0-1138b7f165a643ca000ab39def453450fa53c6e2"
"GMT - Technical Data Package","","2.3","","","","","","","","","","","0","2.3","","","","","","","","","","","","","","","","","","","","","","","","","","","","","","","","","","","","","","","","","","","","","","","","","","","","","","","74559e762611ed4f2fb22fabce061c838743a9fa-0-e2394b1a5658d8b90d56ef5708a86dc30c7418c0","74559e762611ed4f2fb22fabce061c838743a9fa","root.record.ItemExhibitList.P5Item","74559e762611ed4f2fb22fabce061c838743a9fa-0-5c841afe1e3deb9c8597108967b04c55f27b6d2c"
"9.1.1) SC158 - TCTS Block Upgrade","","","1.486","1.234","1.234","1.241","","","","","","","","","","","","","","","","","","","","","","","","","","","","","","","","","","","","","","","","","","","","","","","","","","","","","","","","","","","","","","","863c4cdcac835e6b0b1309db9ab24d12f77d1c9e-0-af56707ea9d067dc8d2c08bbb5b043f7f2fde1fb","863c4cdcac835e6b0b1309db9ab24d12f77d1c9e","root.record.ItemExhibitList.P5Item","863c4cdcac835e6b0b1309db9ab24d12f77d1c9e-0-80eb43439025e0fed7b8461d1eb0d5f2cc8b8f63"
"4.1.1) SOFTWARE INTEGRATION","","6.67","3.54","1.873","1.873","3.589","","","","","","0","","","","","","","","","","","","","","","","","","","","","","","","","","","","","","","","","","","","","","","","","","","","","","","","","","","","","","","","","972adc3275b5c37c9e2bb9919e81e246ab13252a-0-4fc264dadb1b6a46e3b806cb5fb765449cb703a7","972adc3275b5c37c9e2bb9919e81e246ab13252a","root.record.ItemExhibitList.P5Item","972adc3275b5c37c9e2bb9919e81e246ab13252a-0-5ab4112b309a977d8ee2da867b6687ee0b39714d"
"Prior/Future combined efforts","","91.369","0","0","0","0","0","0","0","0","","","0","91.369","","","","","","","","","","","","","","","","","","","","","","","","","","","","","","","","","","","","","","","","","","","","","","","","","","","","","","","98c7da545428524b71226af02e81502aa9314c8d-0-6c0348d217eecfff3a74b9200199054f6d8e465a","98c7da545428524b71226af02e81502aa9314c8d","root.record.ItemExhibitList.P5Item","98c7da545428524b71226af02e81502aa9314c8d-4-a043d85c3d2afeb4d634e12bb45581c31e3fe72d"
"JWARN INCR. 1 - Software & Installation (Contractor)","","0.656","0.289","0","0","0","","","","","","","","0.945","","","","","","","","","","","","","","","","","","","","","","","","","","","","","","","","","","","","","","","","","","","","","","","","","","","","","","","98c7da545428524b71226af02e81502aa9314c8d-1-18c1a04089ba4d9490c63973a2067945e062cbf9","98c7da545428524b71226af02e81502aa9314c8d","root.record.ItemExhibitList.P5Item","98c7da545428524b71226af02e81502aa9314c8d-4-a043d85c3d2afeb4d634e12bb45581c31e3fe72d"
"Teleport - Software (GMS)","","","","","","","","","","","","","","","","","","","","","","","","","","","","","","","","","","","","","0.000","0","0.000","0.258","1","0.258","0.258","1","0.258","","0.000","0","0.000","0.000","0","0.000","0.000","0","0.000","","","","","","","","","","root.record.ItemExhibitList.P5Item.CostElementCategoryList.Software.Recurring.CostElementList.CostElement.ManufacturerList-2818b05efa63a58bd4192239e2840184ddd37fdc-0-4decb1b4c38381bd7d5596fb72eae5570ba9853e","","","","2818b05efa63a58bd4192239e2840184ddd37fdc-0-06afb47e53a943e62b693f8758c110514cbc7060","2818b05efa63a58bd4192239e2840184ddd37fdc","root.record.ItemExhibitList.P5Item","2818b05efa63a58bd4192239e2840184ddd37fdc-0-f1c0f2578f660e5288f1c4c869f5d7380753bf48"
"Lifecylce, Project Toolkits and Licenses","","","","","","","","","","","","","","","","","","","","","","","","","","","","","","","","","","","","","","","0.000","568","1","0.568","568","1","0.568","","","","","","","0.000","","","0.000","","","","","","","","","","root.record.ItemExhibitList.P5Item.CostElementCategoryList.Software.Recurring.CostElementList.CostElement.ManufacturerList-3db90f5a9d74a859d0737c60f14fdb161ea5f5cc-0-41393dc19b43126c51086695e7788514141aebc7","","","","3db90f5a9d74a859d0737c60f14fdb161ea5f5cc-0-df36e83c4c7f9e61d25796b1eb9dbcfacd73a1bd","3db90f5a9d74a859d0737c60f14fdb161ea5f5cc","root.record.ItemExhibitList.P5Item","3db90f5a9d74a859d0737c60f14fdb161ea5f5cc-0-dad82008fd60aea491ba2755a9f47abeb6a12a73"
"(ACI) Army-wide Software","","","","","","","","","","","","","","","","","","","","","","","","","","","","","","","","","","","","","","","0.000","17086","1","17.086","17086","1","17.086","","","","","","","0.000","","","0.000","","","","","","","","","","root.record.ItemExhibitList.P5Item.CostElementCategoryList.Software.Recurring.CostElementList.CostElement.ManufacturerList-3db90f5a9d74a859d0737c60f14fdb161ea5f5cc-0-f37f1eee187c11cb4e66d80f2bd1a10f2b07321e","","","","3db90f5a9d74a859d0737c60f14fdb161ea5f5cc-0-addf003c67a93c18e197796b52affc96e17318a6","3db90f5a9d74a859d0737c60f14fdb161ea5f5cc","root.record.ItemExhibitList.P5Item","3db90f5a9d74a859d0737c60f14fdb161ea5f5cc-6-dd3b031e6cb92ebd7ffe55bd2c82c56cb822a106"
"(TIABCSTB) Software","","","","","","","","","","","","","","","","","","","","","","","","","","","","","","","","","","","","","31","1","0.031","36","1","0.036","36","1","0.036","","","","","35","1","0.035","","","0.000","","","","","","","","","","root.record.ItemExhibitList.P5Item.CostElementCategoryList.Software.Recurring.CostElementList.CostElement.ManufacturerList-3db90f5a9d74a859d0737c60f14fdb161ea5f5cc-1-cf8a2138252a856403812ed3326dd09199f8d30d","","","","3db90f5a9d74a859d0737c60f14fdb161ea5f5cc-1-eb24a755781ec09f44c8449e90858f3abfdee095","3db90f5a9d74a859d0737c60f14fdb161ea5f5cc","root.record.ItemExhibitList.P5Item","3db90f5a9d74a859d0737c60f14fdb161ea5f5cc-6-dd3b031e6cb92ebd7ffe55bd2c82c56cb822a106"
"GCCS-J Software","","","","","","","","","","","","","","","","","","","","","","","","","","","","","","","","","","","","","4.308","1","4.308","","","","","","","","","","","4.929","1","4.929","","","","","","","","","","","","","root.record.ItemExhibitList.P5Item.CostElementCategoryList.Software.Recurring.CostElementList.CostElement.ManufacturerList-4456edaab08717e3ff1369eead6ea930b09f4515-0-3ad53c3f3e9137ae90278a7d13e116f5420987b1","","","","4456edaab08717e3ff1369eead6ea930b09f4515-0-7c41a52e59e8e822574587df193610d02ce56f5f","4456edaab08717e3ff1369eead6ea930b09f4515","root.record.ItemExhibitList.P5Item","4456edaab08717e3ff1369eead6ea930b09f4515-0-0ce2b874ae46631ec773ec030dbe19c154b2e779"
"Overseas Contingency Operations (OCO)","","","","","","","","","","","","","","","","","","","","","","","","","","","","","","","","","","","","","","","","","","","","","","","","","","0.084","12","1.008","","","","","","","","","","","","","root.record.ItemExhibitList.P5Item.CostElementCategoryList.Software.Recurring.CostElementList.CostElement.ManufacturerList-4456edaab08717e3ff1369eead6ea930b09f4515-1-b7c79d48d0c119846775004038d82e7ae5fffd2b","","","","4456edaab08717e3ff1369eead6ea930b09f4515-1-79d2adc327d2d6248c7b72f7bfaa1b875667594d","4456edaab08717e3ff1369eead6ea930b09f4515","root.record.ItemExhibitList.P5Item","4456edaab08717e3ff1369eead6ea930b09f4515-0-0ce2b874ae46631ec773ec030dbe19c154b2e779"
"PRIME MISSION PRODUCT - GCCS-AF IMPLEMENTATION {PE 0303150F}","","","","","","","","","","","","","","","","","","","","","","","","","","","","","","","","","","","","","0.866","1","0.866","1.253","1","1.253","1.253","1","1.253","","1.47","1","1.47","3.052","1","3.052","","","0.000","","","","","","","","","","","","A","","7de1f2324ab5fafea47984d4a3504b783dee8edb-0-703611d839a5b20efe27931e7ae0eabd5c618996","7de1f2324ab5fafea47984d4a3504b783dee8edb","root.record.ItemExhibitList.P5Item","7de1f2324ab5fafea47984d4a3504b783dee8edb-0-1068b73a1777c23d37aefb581ccad70617d22121"
"Jboss Software","","","","","","","","","","","","","","","","","","","","","","","","","","","","","","","","","","","","","0.157","1","0.157","","","","","","","true","","","","0.851","1","0.851","","","","","","","","","","","","","root.record.ItemExhibitList.P5Item.CostElementCategoryList.Software.Recurring.CostElementList.CostElement.ManufacturerList-8283ccf319639587bd900aeb33e83df5aa15024f-0-2d50ea7217aaec58429f54d1f51165b456dc53ac","","","","8283ccf319639587bd900aeb33e83df5aa15024f-0-951aa24d0a4f070939c8c102759178f227b71f35","8283ccf319639587bd900aeb33e83df5aa15024f","root.record.ItemExhibitList.P5Item","8283ccf319639587bd900aeb33e83df5aa15024f-0-92cedc2a236b7e4b7f376579ec4cb3da50590669"
"Loadrunner RIA Licenses","","","","","","","","","","","","","","","","","","","","","","","","","","","","","","","","","","","","","0.045","1","0.045","0.054","1","0.054","0.054","1","0.054","true","","","","0.05","1","0.05","0.000","0","0.000","","","","","","","","","","root.record.ItemExhibitList.P5Item.CostElementCategoryList.Software.Recurring.CostElementList.CostElement.ManufacturerList-8283ccf319639587bd900aeb33e83df5aa15024f-1-8385b532b99662687e6b2cb3bd69dc73dfff7c32","","","","8283ccf319639587bd900aeb33e83df5aa15024f-1-c5eaf7fca6d49b13118bea20b1fe7e8180c66751","8283ccf319639587bd900aeb33e83df5aa15024f","root.record.ItemExhibitList.P5Item","8283ccf319639587bd900aeb33e83df5aa15024f-0-92cedc2a236b7e4b7f376579ec4cb3da50590669"
"Sun Identity Manager Licenses","","","","","","","","","","","","","","","","","","","","","","","","","","","","","","","","","","","","","0.15","1","0.15","0.000","0","0.000","0.000","0","0.000","true","","","","0.26","1","0.26","0.000","0","0.000","","","","","","","","","","root.record.ItemExhibitList.P5Item.CostElementCategoryList.Software.Recurring.CostElementList.CostElement.ManufacturerList-8283ccf319639587bd900aeb33e83df5aa15024f-2-47765c7b69223363e7b149005b3bfc16f1b6590d","","","","8283ccf319639587bd900aeb33e83df5aa15024f-2-ab130be9c7448b79e2f1700722fc4dba007d0813","8283ccf319639587bd900aeb33e83df5aa15024f","root.record.ItemExhibitList.P5Item","8283ccf319639587bd900aeb33e83df5aa15024f-0-92cedc2a236b7e4b7f376579ec4cb3da50590669"
"Oracle DBMS Licenses","","","","","","","","","","","","","","","","","","","","","","","","","","","","","","","","","","","","","1.066","1","1.066","0.899","1","0.899","0.899","1","0.899","true","","","","0.654","1","0.654","0.000","0","0.000","","","","","","","","","","root.record.ItemExhibitList.P5Item.CostElementCategoryList.Software.Recurring.CostElementList.CostElement.ManufacturerList-8283ccf319639587bd900aeb33e83df5aa15024f-3-fa371373a89c4c15e9414ad40bc673cfb2ba1991","","","","8283ccf319639587bd900aeb33e83df5aa15024f-3-a171279258338c186ea2ce4b1f68a1cb132a419f","8283ccf319639587bd900aeb33e83df5aa15024f","root.record.ItemExhibitList.P5Item","8283ccf319639587bd900aeb33e83df5aa15024f-0-92cedc2a236b7e4b7f376579ec4cb3da50590669"
"Emerging COTS Software","","","","","","","","","","","","","","","","","","","","","","","","","","","","","","","","","","","","","","","","0.509","1","0.509","0.509","1","0.509","true","","","","","","","0.000","0","0.000","","","","","","","","","","root.record.ItemExhibitList.P5Item.CostElementCategoryList.Software.Recurring.CostElementList.CostElement.ManufacturerList-8283ccf319639587bd900aeb33e83df5aa15024f-4-d6eb113bb9aeef5d1dfd145e8251316917fd43c0","","","Tentatively to replace current tools","8283ccf319639587bd900aeb33e83df5aa15024f-4-6a2daab5e26eb11966885f7c5746f82f50eae20a","8283ccf319639587bd900aeb33e83df5aa15024f","root.record.ItemExhibitList.P5Item","8283ccf319639587bd900aeb33e83df5aa15024f-0-92cedc2a236b7e4b7f376579ec4cb3da50590669"
"Prior/Future combined efforts","","","","","","","","","","","","","","","","","","","","","","","","","","","","","","","","","","","","","","","0","","","0","","","0","true","","","69.816","","","0","","","","1.112","0.766","0.456","4.589","","","","","","","","","","a62aed55d639024b216a9c1e21867513b5b72fa9-0-b9c3a84f450b5a570a2742280b4bc777f943593d","a62aed55d639024b216a9c1e21867513b5b72fa9","root.record.ItemExhibitList.P5Item","a62aed55d639024b216a9c1e21867513b5b72fa9-0-35341d389cf79bdca5360e931df8c559b66ca3dd"
"JWARN INCREMENT 1 - Software & Installation (Contractor)","","","","","","","","","","","","","","","","","","","","","","","","","","","","","","","","","","","","","0.173","5000","0.863","0.131","5000","0.656","0.131","5000","0.656","","0.2","4150","0.83","0.195","4000","0.78","","","","","","","","0.000","0","0","18150","3.129","root.record.ItemExhibitList.P5Item.CostElementCategoryList.Software.Recurring.CostElementList.CostElement.ManufacturerList-a62aed55d639024b216a9c1e21867513b5b72fa9-1-df9d21a638ee7c711d02a270761a608e689aaadd","","","","a62aed55d639024b216a9c1e21867513b5b72fa9-1-3e6d20875d02ccb9fd832d71d827e3e6cf3b8893","a62aed55d639024b216a9c1e21867513b5b72fa9","root.record.ItemExhibitList.P5Item","a62aed55d639024b216a9c1e21867513b5b72fa9-0-35341d389cf79bdca5360e931df8c559b66ca3dd"
"Prior/Future combined efforts","","","","","","","","","","","","","","","","","","","","","","","","","","","","","","","","","","","","","","","0","","","0","","","0","true","","","5.658","","","0","","","","0.000","1.343","1.553","1.553","","","","","","","","","","a62aed55d639024b216a9c1e21867513b5b72fa9-0-a29a65ca90784564529c4b9ee494ec19387d2154","a62aed55d639024b216a9c1e21867513b5b72fa9","root.record.ItemExhibitList.P5Item","a62aed55d639024b216a9c1e21867513b5b72fa9-2-c8f83d02d885f454b5e6f74559a328f5ae8e4cda"
"JEM - INCREMENT 1 - Software & Installation (Contractor)","","","","","","","","","","","","","","","","","","","","","","","","","","","","","","","","","","","","","","","0.000","","","0.000","","","0.000","","0.182","15221","2.764","0.171","6964","1.189","","","","","","","","0.000","0","0","22185","3.953","root.record.ItemExhibitList.P5Item.CostElementCategoryList.Software.Recurring.CostElementList.CostElement.ManufacturerList-a62aed55d639024b216a9c1e21867513b5b72fa9-1-9e85f00f4dd4d4d547695f2b6623a895ecaf6d45","","","","a62aed55d639024b216a9c1e21867513b5b72fa9-1-ab05e77f7f4fbe02592fc3958e9d049901baad4b","a62aed55d639024b216a9c1e21867513b5b72fa9","root.record.ItemExhibitList.P5Item","a62aed55d639024b216a9c1e21867513b5b72fa9-2-c8f83d02d885f454b5e6f74559a328f5ae8e4cda"
"Software","","","","","","","","","","","","","","","","","","","","","","","","","","","","","","","","","","","","","0.012","1","0.012","0.019","1","0.019","0.019","1","0.019","","0.045","1","0.045","0.012","1","0.012","","","","","","","","","","","","","root.record.ItemExhibitList.P5Item.CostElementCategoryList.Software.Recurring.CostElementList.CostElement.ManufacturerList-ddd6270bf06ddfbc15d5908ddc03174192eda212-0-cdfd911b97d808ce1b2b81566d23274bb4ded2d2","","","","ddd6270bf06ddfbc15d5908ddc03174192eda212-0-22c888b0e74cef775574c60e0de9e6d0557338e6","ddd6270bf06ddfbc15d5908ddc03174192eda212","root.record.ItemExhibitList.P5Item","ddd6270bf06ddfbc15d5908ddc03174192eda212-3-0c6c9628382b598cb1118ba790497f87a2a9f7d3"
"Agile Transportation for the 21st Century (AT21) infrastructure","","","","","","","","","","","","","","","","","","","","","","","","","","","","","","","","","","","","","0.5","1","0.5","","","","","","","true","","","","0.5","1","0.5","","","","","","","","","","","","","","","A","Agile Transportation for the 21st Century (AT21) infrastructure development, testing and accreditation activities.","ddd6270bf06ddfbc15d5908ddc03174192eda212-0-6aa1e167d1bb10166fffc820e6699256db986a00","ddd6270bf06ddfbc15d5908ddc03174192eda212","root.record.ItemExhibitList.P5Item","ddd6270bf06ddfbc15d5908ddc03174192eda212-4-5eafec41a24bc5ed0cbdf4f0db4098d263a82d39"
