"Name_val","Location_val","Type_val","FacilityProjectList_FacilityProject","@ROWID","@RECORDID","@PARENT","@PARENTROWID"
"Production Base Support - Lima","TACOM","GOCO","root.record.FacilityList.ProductionSupportFacility.FacilityProjectList-b5a0b4ceefb60c6af7d7f6edbacb12844e177450-0-791073d7dcabaf2db4bbc6af50bd7f9e95e24268","b5a0b4ceefb60c6af7d7f6edbacb12844e177450-0-a0e5830fd21333261d3bb7aa3a4f7ffcfaaf0e6d","b5a0b4ceefb60c6af7d7f6edbacb12844e177450","root","b5a0b4ceefb60c6af7d7f6edbacb12844e177450-83118602bf8fb09fa86ffd83b6761236801aa5b6"
"Production Base Support - Scranton","TACOM","COCO","root.record.FacilityList.ProductionSupportFacility.FacilityProjectList-b5a0b4ceefb60c6af7d7f6edbacb12844e177450-1-ebc2167a22bd9b7738450db4a560ef6cb60171e4","b5a0b4ceefb60c6af7d7f6edbacb12844e177450-1-880ec414032e8f8a8f0bd885a68096786e54fd8d","b5a0b4ceefb60c6af7d7f6edbacb12844e177450","root","b5a0b4ceefb60c6af7d7f6edbacb12844e177450-83118602bf8fb09fa86ffd83b6761236801aa5b6"
"TACOM LCMC Production Base Spt Program","TACOM","","root.record.FacilityList.ProductionSupportFacility.FacilityProjectList-b5a0b4ceefb60c6af7d7f6edbacb12844e177450-2-1b6e2493e135576192613839c4dd17ae0bf69d50","b5a0b4ceefb60c6af7d7f6edbacb12844e177450-2-ec2ff24338d030f4a8d880ba49cf253d8dd38499","b5a0b4ceefb60c6af7d7f6edbacb12844e177450","root","b5a0b4ceefb60c6af7d7f6edbacb12844e177450-83118602bf8fb09fa86ffd83b6761236801aa5b6"
"Iowa Army Ammunition Plant","Middletown, IA","GOCO","root.record.FacilityList.ProductionSupportFacility.FacilityProjectList-c1222536309a6566516c4d9d2d4d17d6163e1554-0-c92456628edff1a9f42f2cc4980ed4bfb22a4fd8","c1222536309a6566516c4d9d2d4d17d6163e1554-0-a5dad11dae3ddc3fe159a7bcf0b63148b700ae13","c1222536309a6566516c4d9d2d4d17d6163e1554","root","c1222536309a6566516c4d9d2d4d17d6163e1554-6a8446b4ee83ffb0438ae92d8bb99b441c3aee73"
"Redstone Tech Test Center; White Sands Test Center","Huntsville, AL; White Sands Missile Range, NM","GOGO","root.record.FacilityList.ProductionSupportFacility.FacilityProjectList-c1222536309a6566516c4d9d2d4d17d6163e1554-1-3b007217dba8239cfacb6b9d839527db2743bd46","c1222536309a6566516c4d9d2d4d17d6163e1554-1-466ed99ee37e75c50fc6ba65d3f358d2e631a205","c1222536309a6566516c4d9d2d4d17d6163e1554","root","c1222536309a6566516c4d9d2d4d17d6163e1554-6a8446b4ee83ffb0438ae92d8bb99b441c3aee73"
"Holston Army Ammunition Plant","Kingsport, Tennessee","GOCO","root.record.FacilityList.ProductionSupportFacility.FacilityProjectList-db03939b42bd4866e2ea87cc7d70302ff577f5e6-0-02a36c8b441c045b777880d2682fe05ed2c19fd6","db03939b42bd4866e2ea87cc7d70302ff577f5e6-0-eb8b9ccc242e90d80b8338d999a7694673313b4f","db03939b42bd4866e2ea87cc7d70302ff577f5e6","root","db03939b42bd4866e2ea87cc7d70302ff577f5e6-c7a2ef886ca440bc7d8cd429c1a45dd3e22f426c"
"Iowa Army Ammunition Plant","Middletown, Iowa","GOCO","root.record.FacilityList.ProductionSupportFacility.FacilityProjectList-db03939b42bd4866e2ea87cc7d70302ff577f5e6-1-fe20f2480076582a8010c699ca276498b8de92f7","db03939b42bd4866e2ea87cc7d70302ff577f5e6-1-a0351e94fdd40a9dad82af3f4ed6b29484848229","db03939b42bd4866e2ea87cc7d70302ff577f5e6","root","db03939b42bd4866e2ea87cc7d70302ff577f5e6-c7a2ef886ca440bc7d8cd429c1a45dd3e22f426c"
"Lake City Army Ammunition Plant","Independence, Missouri","GOCO","root.record.FacilityList.ProductionSupportFacility.FacilityProjectList-db03939b42bd4866e2ea87cc7d70302ff577f5e6-2-398d978b41b43e94cd4dc11aae00a445e0ae3823","db03939b42bd4866e2ea87cc7d70302ff577f5e6-2-b57f6869a53d69a09448c2f6be8b4b1a26e801f1","db03939b42bd4866e2ea87cc7d70302ff577f5e6","root","db03939b42bd4866e2ea87cc7d70302ff577f5e6-c7a2ef886ca440bc7d8cd429c1a45dd3e22f426c"
"Milan Army Ammunition Plant","Milan, Tennessee","GOCO","root.record.FacilityList.ProductionSupportFacility.FacilityProjectList-db03939b42bd4866e2ea87cc7d70302ff577f5e6-3-e21769b3df7af001c0cf724e54170e8f94ccc94d","db03939b42bd4866e2ea87cc7d70302ff577f5e6-3-6eb7fdc09cda2859f74f556a6d3907c70e7d61f2","db03939b42bd4866e2ea87cc7d70302ff577f5e6","root","db03939b42bd4866e2ea87cc7d70302ff577f5e6-c7a2ef886ca440bc7d8cd429c1a45dd3e22f426c"
"Radford Army Ammunition Plant","Radford, Virginia","GOCO","root.record.FacilityList.ProductionSupportFacility.FacilityProjectList-db03939b42bd4866e2ea87cc7d70302ff577f5e6-4-a9bf1a7789bedd9a845050c8662541c1c15b7d74","db03939b42bd4866e2ea87cc7d70302ff577f5e6-4-c44a4708d97c74f41792dcf8f9f2874c31dc7e41","db03939b42bd4866e2ea87cc7d70302ff577f5e6","root","db03939b42bd4866e2ea87cc7d70302ff577f5e6-c7a2ef886ca440bc7d8cd429c1a45dd3e22f426c"
"Scranton Army Ammunition Plant","Scranton, Pennsylvania","GOCO","root.record.FacilityList.ProductionSupportFacility.FacilityProjectList-db03939b42bd4866e2ea87cc7d70302ff577f5e6-5-cc524a5b782456a2d7ae5a81fa8d490962130f17","db03939b42bd4866e2ea87cc7d70302ff577f5e6-5-c6a3a7b83b660780f52a476838c5150217a48eac","db03939b42bd4866e2ea87cc7d70302ff577f5e6","root","db03939b42bd4866e2ea87cc7d70302ff577f5e6-c7a2ef886ca440bc7d8cd429c1a45dd3e22f426c"
"Various Army Ammunition Plants","Multiple","GOCO","root.record.FacilityList.ProductionSupportFacility.FacilityProjectList-db03939b42bd4866e2ea87cc7d70302ff577f5e6-6-3bf8d58fdc0c034c5738cf0645a7de54074a60ec","db03939b42bd4866e2ea87cc7d70302ff577f5e6-6-7b4683ab6c23f0787496ef36c85f044db9b71f3e","db03939b42bd4866e2ea87cc7d70302ff577f5e6","root","db03939b42bd4866e2ea87cc7d70302ff577f5e6-c7a2ef886ca440bc7d8cd429c1a45dd3e22f426c"
"Yuma Proving Ground / Aberdeen Test Center","Yuma, Arizona / Aberdeen, Maryland","GOCO","root.record.FacilityList.ProductionSupportFacility.FacilityProjectList-db03939b42bd4866e2ea87cc7d70302ff577f5e6-7-6afd801a08899a5fe51fedbcadbe08ebf107ae75","db03939b42bd4866e2ea87cc7d70302ff577f5e6-7-84686bd1416448ce4ab804b656a0f2d946e78e24","db03939b42bd4866e2ea87cc7d70302ff577f5e6","root","db03939b42bd4866e2ea87cc7d70302ff577f5e6-c7a2ef886ca440bc7d8cd429c1a45dd3e22f426c"
"GD-ATP/Watervliet/Rock Island PBS Provisioning of Industrial Facilities","Saco, ME","GOGO","root.record.FacilityList.ProductionSupportFacility.FacilityProjectList-e5ba122276593ba1e4077f83c1b8384f180921b7-0-975d7a212e3bfa8ce21351f12e87ab31ab7554be","e5ba122276593ba1e4077f83c1b8384f180921b7-0-197a5f1be06712cf5568e329cbe1b8f89eda686e","e5ba122276593ba1e4077f83c1b8384f180921b7","root","e5ba122276593ba1e4077f83c1b8384f180921b7-c437bb6f63a408aaaba5552b5b9e8cfe3e48f5b4"
"Rock Island Arsenal - JMTC","Rock Island, IL","GOGO","root.record.FacilityList.ProductionSupportFacility.FacilityProjectList-e5ba122276593ba1e4077f83c1b8384f180921b7-1-13b49ad4d70e841f69f3154a6d26c7d199bbda7c","e5ba122276593ba1e4077f83c1b8384f180921b7-1-4d1cfd07f6d8970dc0083b5074b4e05add657ac3","e5ba122276593ba1e4077f83c1b8384f180921b7","root","e5ba122276593ba1e4077f83c1b8384f180921b7-c437bb6f63a408aaaba5552b5b9e8cfe3e48f5b4"
"Watervliet Arsenal","Watervliet, NY","COCO","root.record.FacilityList.ProductionSupportFacility.FacilityProjectList-e5ba122276593ba1e4077f83c1b8384f180921b7-2-3199b5961f2516c45dcb0cd8d24adbc639800f59","e5ba122276593ba1e4077f83c1b8384f180921b7-2-387ba79320c18ace06c393ad58fffdfdd8932ea9","e5ba122276593ba1e4077f83c1b8384f180921b7","root","e5ba122276593ba1e4077f83c1b8384f180921b7-c437bb6f63a408aaaba5552b5b9e8cfe3e48f5b4"
"ATEC Test Range Instrumentation","Yuma, AZ; Aberdeen, MD; White Sands, NM","GOGO","root.record.FacilityList.ProductionSupportFacility.FacilityProjectList-e5ba122276593ba1e4077f83c1b8384f180921b7-3-5c10312e0157be4592d2cf96c80310a53f99796a","e5ba122276593ba1e4077f83c1b8384f180921b7-3-4d0a53aced4cfb2e858c58c48c829cae717a6aca","e5ba122276593ba1e4077f83c1b8384f180921b7","root","e5ba122276593ba1e4077f83c1b8384f180921b7-c437bb6f63a408aaaba5552b5b9e8cfe3e48f5b4"
"Iowa Army Ammunition Plant","Middletown, IA","GOCO","root.record.FacilityList.ProductionSupportFacility.FacilityProjectList-1b69509bc8010b220ac0b3756db0499caebfcde4-0-cc6abd49f95c53472dc12a109dac69b20e318079","1b69509bc8010b220ac0b3756db0499caebfcde4-0-bb8f885a7d4906bbd1d9866cace268f968ac10c2","1b69509bc8010b220ac0b3756db0499caebfcde4","root","1b69509bc8010b220ac0b3756db0499caebfcde4-ee56a038e1e1659910f45000f114037e2f63c87d"
"Redstone Tech Test Center; White Sands Test Center","Huntsville, AL; White Sands Missile Range, NM","GOGO","root.record.FacilityList.ProductionSupportFacility.FacilityProjectList-1b69509bc8010b220ac0b3756db0499caebfcde4-1-2c2df69993c2678819d5eab97e1c2763480bbafc","1b69509bc8010b220ac0b3756db0499caebfcde4-1-9af5771fe31bd7bc0ab547e34b35ae1806dcf8ba","1b69509bc8010b220ac0b3756db0499caebfcde4","root","1b69509bc8010b220ac0b3756db0499caebfcde4-ee56a038e1e1659910f45000f114037e2f63c87d"
"Production Base Support - Lima","TACOM","GOCO","root.record.FacilityList.ProductionSupportFacility.FacilityProjectList-323dd83c3d905f2addfa8abcc734e6e18478afef-0-8f08edfad1b0024c821991e410047e2fcbf339de","323dd83c3d905f2addfa8abcc734e6e18478afef-0-d35f63f85c9db1868cb91cc52d3bd98c3fd5fb38","323dd83c3d905f2addfa8abcc734e6e18478afef","root","323dd83c3d905f2addfa8abcc734e6e18478afef-1f42e385468d11c85a1d216283a1688aa8dfa0a8"
"Production Base Support - Scranton","TACOM","COCO","root.record.FacilityList.ProductionSupportFacility.FacilityProjectList-323dd83c3d905f2addfa8abcc734e6e18478afef-1-3bc374bef080340a4e9ccd05ad611eb856892ae2","323dd83c3d905f2addfa8abcc734e6e18478afef-1-a1265b9f147ebb79f04f256714ff6a214f81582d","323dd83c3d905f2addfa8abcc734e6e18478afef","root","323dd83c3d905f2addfa8abcc734e6e18478afef-1f42e385468d11c85a1d216283a1688aa8dfa0a8"
"TACOM LCMC Production Base Spt Program","TACOM","GOGO","root.record.FacilityList.ProductionSupportFacility.FacilityProjectList-323dd83c3d905f2addfa8abcc734e6e18478afef-2-6c04978494fcdf7a1b7eccf38a08ee71206862e8","323dd83c3d905f2addfa8abcc734e6e18478afef-2-c6f77bc2998b39a02e5b07ecdf7b8f857f247e47","323dd83c3d905f2addfa8abcc734e6e18478afef","root","323dd83c3d905f2addfa8abcc734e6e18478afef-1f42e385468d11c85a1d216283a1688aa8dfa0a8"
"GD-ATP/Watervliet/Rock Island PBS Provisioning of Industrial Facilities","Saco, ME","GOGO","root.record.FacilityList.ProductionSupportFacility.FacilityProjectList-eb9f37f5b66502d1fe64ef7f16089ddc90dfd768-0-9b1d379597ec0c7e9b790ddbadc2883db5018fb8","eb9f37f5b66502d1fe64ef7f16089ddc90dfd768-0-272c42e0cdb246d399e5219a912d57524f8da490","eb9f37f5b66502d1fe64ef7f16089ddc90dfd768","root","eb9f37f5b66502d1fe64ef7f16089ddc90dfd768-68b86722b5001c893a9aff49841ed680705f39f8"
"Rock Island Arsenal - JMTC","Rock Island, IL","GOGO","root.record.FacilityList.ProductionSupportFacility.FacilityProjectList-eb9f37f5b66502d1fe64ef7f16089ddc90dfd768-1-af31c5af9637ecf141ca8bdb51bd06aaaedcd608","eb9f37f5b66502d1fe64ef7f16089ddc90dfd768-1-5b51f87a541fb46db65df01bd4ba6ac51394402e","eb9f37f5b66502d1fe64ef7f16089ddc90dfd768","root","eb9f37f5b66502d1fe64ef7f16089ddc90dfd768-68b86722b5001c893a9aff49841ed680705f39f8"
"Watervliet Arsenal","Watervliet, NY","COCO","root.record.FacilityList.ProductionSupportFacility.FacilityProjectList-eb9f37f5b66502d1fe64ef7f16089ddc90dfd768-2-1892aa78776acef0221c6e2a891f26681c7b2924","eb9f37f5b66502d1fe64ef7f16089ddc90dfd768-2-780222bdc3f98479adc942b707f6310072f2a7af","eb9f37f5b66502d1fe64ef7f16089ddc90dfd768","root","eb9f37f5b66502d1fe64ef7f16089ddc90dfd768-68b86722b5001c893a9aff49841ed680705f39f8"
"ATEC Test Range Instrumentation","Yuma, AZ; Aberdeen, MD; White Sands, NM","GOGO","root.record.FacilityList.ProductionSupportFacility.FacilityProjectList-eb9f37f5b66502d1fe64ef7f16089ddc90dfd768-3-224e297ec5716032b8e3ba608da9fb00cbd18802","eb9f37f5b66502d1fe64ef7f16089ddc90dfd768-3-4241537b211d6b51cf22d88395c5f7cb4a8baa71","eb9f37f5b66502d1fe64ef7f16089ddc90dfd768","root","eb9f37f5b66502d1fe64ef7f16089ddc90dfd768-68b86722b5001c893a9aff49841ed680705f39f8"
"Holston Army Ammunition Plant","Kingsport, Tennessee","GOCO","root.record.FacilityList.ProductionSupportFacility.FacilityProjectList-fc8a91254bf10ee57809906eaedb4fccfba99546-0-f82b64c03b15d4a69dc9d0dc747e95e8c87c3586","fc8a91254bf10ee57809906eaedb4fccfba99546-0-e8b0927b515c5af6ce58d338ade73742051bce1a","fc8a91254bf10ee57809906eaedb4fccfba99546","root","fc8a91254bf10ee57809906eaedb4fccfba99546-c85178b94ed4f031c02c3f2c748535c5e3adfe67"
"Iowa Army Ammunition Plant","Middletown, Iowa","GOCO","root.record.FacilityList.ProductionSupportFacility.FacilityProjectList-fc8a91254bf10ee57809906eaedb4fccfba99546-1-c39fd4d33e368e032959b7c48ac9063f326233d9","fc8a91254bf10ee57809906eaedb4fccfba99546-1-661e79579a8ba4635550ae3d5bb0e95957781675","fc8a91254bf10ee57809906eaedb4fccfba99546","root","fc8a91254bf10ee57809906eaedb4fccfba99546-c85178b94ed4f031c02c3f2c748535c5e3adfe67"
"Lake City Army Ammunition Plant","Independence, Missouri","GOCO","root.record.FacilityList.ProductionSupportFacility.FacilityProjectList-fc8a91254bf10ee57809906eaedb4fccfba99546-2-fa7aa08ce02262a2d76f90bcfcba1ab69dd01fc6","fc8a91254bf10ee57809906eaedb4fccfba99546-2-d9f8a352be5aa93c83620f4032974d2c764d9e8d","fc8a91254bf10ee57809906eaedb4fccfba99546","root","fc8a91254bf10ee57809906eaedb4fccfba99546-c85178b94ed4f031c02c3f2c748535c5e3adfe67"
"Milan Army Ammunition Plant","Milan, Tennessee","GOCO","root.record.FacilityList.ProductionSupportFacility.FacilityProjectList-fc8a91254bf10ee57809906eaedb4fccfba99546-3-fcd712447763868bf20f3639e77048600ffff546","fc8a91254bf10ee57809906eaedb4fccfba99546-3-d6d1453397da5ed660d515333b7bdd1486f129d6","fc8a91254bf10ee57809906eaedb4fccfba99546","root","fc8a91254bf10ee57809906eaedb4fccfba99546-c85178b94ed4f031c02c3f2c748535c5e3adfe67"
"Radford Army Ammunition Plant","Radford, Virginia","GOCO","root.record.FacilityList.ProductionSupportFacility.FacilityProjectList-fc8a91254bf10ee57809906eaedb4fccfba99546-4-783d869ff7e2ba3686790809d14765ea087c8d30","fc8a91254bf10ee57809906eaedb4fccfba99546-4-e834d2dd7b3658f143eb0ccc6dd11f982a22440c","fc8a91254bf10ee57809906eaedb4fccfba99546","root","fc8a91254bf10ee57809906eaedb4fccfba99546-c85178b94ed4f031c02c3f2c748535c5e3adfe67"
"Scranton Army Ammunition Plant","Scranton, Pennsylvania","GOCO","root.record.FacilityList.ProductionSupportFacility.FacilityProjectList-fc8a91254bf10ee57809906eaedb4fccfba99546-5-9f4f322f05f0f5f38cb9b1d73e9448dff37b3ca3","fc8a91254bf10ee57809906eaedb4fccfba99546-5-4a914618f05840a74c2ba457dd26636e08c123cb","fc8a91254bf10ee57809906eaedb4fccfba99546","root","fc8a91254bf10ee57809906eaedb4fccfba99546-c85178b94ed4f031c02c3f2c748535c5e3adfe67"
"Various Army Ammunition Plants","Multiple","GOCO","root.record.FacilityList.ProductionSupportFacility.FacilityProjectList-fc8a91254bf10ee57809906eaedb4fccfba99546-6-c6c1add6027dd11944f794585f453269c13e3ebd","fc8a91254bf10ee57809906eaedb4fccfba99546-6-f97b05f415268a60cf32a89a7683cbd7b10a2e3f","fc8a91254bf10ee57809906eaedb4fccfba99546","root","fc8a91254bf10ee57809906eaedb4fccfba99546-c85178b94ed4f031c02c3f2c748535c5e3adfe67"
"Yuma Proving Ground / Aberdeen Test Center","Yuma, Arizona / Aberdeen, Maryland","GOCO","root.record.FacilityList.ProductionSupportFacility.FacilityProjectList-fc8a91254bf10ee57809906eaedb4fccfba99546-7-64593ee37befd878cea6be156e0aa5b09902ca23","fc8a91254bf10ee57809906eaedb4fccfba99546-7-1651c597ce3c7114f14f715800a2482f265e245a","fc8a91254bf10ee57809906eaedb4fccfba99546","root","fc8a91254bf10ee57809906eaedb4fccfba99546-c85178b94ed4f031c02c3f2c748535c5e3adfe67"
"GD-ATP/Watervliet/Rock Island PBS Provisioning of Industrial Facilities","Saco, ME","GOGO","root.record.FacilityList.ProductionSupportFacility.FacilityProjectList-44ce7937542b4268df7fbb4ef002fa1d37b708a2-0-968ed76e96afe02eed88795f3cf7600dfa79ab73","44ce7937542b4268df7fbb4ef002fa1d37b708a2-0-beb29663cd6333cb25ceb388edbf5109aaaaba2b","44ce7937542b4268df7fbb4ef002fa1d37b708a2","root","44ce7937542b4268df7fbb4ef002fa1d37b708a2-cf9ff25dad4cf7323b747a7d91e042ab1bafc026"
"Rock Island Arsenal - JMTC","Rock Island, IL","GOGO","root.record.FacilityList.ProductionSupportFacility.FacilityProjectList-44ce7937542b4268df7fbb4ef002fa1d37b708a2-1-9358f8e9c90362fcecec52b0d140540eb4be4a9e","44ce7937542b4268df7fbb4ef002fa1d37b708a2-1-b7d2f2b95ecc85a333e673284ab7b42418aa5f72","44ce7937542b4268df7fbb4ef002fa1d37b708a2","root","44ce7937542b4268df7fbb4ef002fa1d37b708a2-cf9ff25dad4cf7323b747a7d91e042ab1bafc026"
"Watervliet Arsenal","Watervliet, NY","COCO","root.record.FacilityList.ProductionSupportFacility.FacilityProjectList-44ce7937542b4268df7fbb4ef002fa1d37b708a2-2-e0b3603d2d50f57ddac4ba4f51caa26aa9fdbaaf","44ce7937542b4268df7fbb4ef002fa1d37b708a2-2-397b16a3101bf48ec6ae6be7fe06885fbab22dab","44ce7937542b4268df7fbb4ef002fa1d37b708a2","root","44ce7937542b4268df7fbb4ef002fa1d37b708a2-cf9ff25dad4cf7323b747a7d91e042ab1bafc026"
"ATEC Test Range Instrumentation","Yuma, AZ; Aberdeen, MD; White Sands, NM","GOGO","root.record.FacilityList.ProductionSupportFacility.FacilityProjectList-44ce7937542b4268df7fbb4ef002fa1d37b708a2-3-ef1ac41405a5a99d57d2cbb9b649eb8889098422","44ce7937542b4268df7fbb4ef002fa1d37b708a2-3-9f19c31f30c308d928d44bdf2a94cbdd31970803","44ce7937542b4268df7fbb4ef002fa1d37b708a2","root","44ce7937542b4268df7fbb4ef002fa1d37b708a2-cf9ff25dad4cf7323b747a7d91e042ab1bafc026"
"Holston Army Ammunition Plant","Kingsport, Tennessee","GOCO","root.record.FacilityList.ProductionSupportFacility.FacilityProjectList-e4c7f4c038a61d32e0461f1db9af36aa1b024169-0-c283e4438d269d71884d65897699a216dd404133","e4c7f4c038a61d32e0461f1db9af36aa1b024169-0-f39835cd409e809a493cdc5258f3304cb7b03a62","e4c7f4c038a61d32e0461f1db9af36aa1b024169","root","e4c7f4c038a61d32e0461f1db9af36aa1b024169-47d645c41e0ab89659c77fcce600800102648b52"
"Iowa Army Ammunition Plant","Middletown, Iowa","GOCO","root.record.FacilityList.ProductionSupportFacility.FacilityProjectList-e4c7f4c038a61d32e0461f1db9af36aa1b024169-1-f84b9df99d928f696762bb82874a897643f62fa4","e4c7f4c038a61d32e0461f1db9af36aa1b024169-1-72b300d513ddcf2c71c30c53af0450c7a33a37c5","e4c7f4c038a61d32e0461f1db9af36aa1b024169","root","e4c7f4c038a61d32e0461f1db9af36aa1b024169-47d645c41e0ab89659c77fcce600800102648b52"
"Lake City Army Ammunition Plant","Independence, Missouri","GOCO","root.record.FacilityList.ProductionSupportFacility.FacilityProjectList-e4c7f4c038a61d32e0461f1db9af36aa1b024169-2-37b3107125811fb41be4b1f6f736c22fde9b4b3c","e4c7f4c038a61d32e0461f1db9af36aa1b024169-2-090f68576afcbf7bb8bd30fd12ea174e8962095b","e4c7f4c038a61d32e0461f1db9af36aa1b024169","root","e4c7f4c038a61d32e0461f1db9af36aa1b024169-47d645c41e0ab89659c77fcce600800102648b52"
"Radford Army Ammunition Plant","Radford, Virginia","GOCO","root.record.FacilityList.ProductionSupportFacility.FacilityProjectList-e4c7f4c038a61d32e0461f1db9af36aa1b024169-3-4636ed1f8af3d8254ccfe8566939e713846d4ad5","e4c7f4c038a61d32e0461f1db9af36aa1b024169-3-2990a3ae98b88ffcfe467d09146128e246773fbb","e4c7f4c038a61d32e0461f1db9af36aa1b024169","root","e4c7f4c038a61d32e0461f1db9af36aa1b024169-47d645c41e0ab89659c77fcce600800102648b52"
"Scranton Army Ammunition Plant","Scranton, Pennsylvania","GOCO","root.record.FacilityList.ProductionSupportFacility.FacilityProjectList-e4c7f4c038a61d32e0461f1db9af36aa1b024169-4-0ba1fe353527e299b13f647ed82cd82ab2122870","e4c7f4c038a61d32e0461f1db9af36aa1b024169-4-5aa60c5e45c26745c7d00b0eb63c3a1c94c322dc","e4c7f4c038a61d32e0461f1db9af36aa1b024169","root","e4c7f4c038a61d32e0461f1db9af36aa1b024169-47d645c41e0ab89659c77fcce600800102648b52"
"Various Army Ammunition Plants","Multiple","GOCO","root.record.FacilityList.ProductionSupportFacility.FacilityProjectList-e4c7f4c038a61d32e0461f1db9af36aa1b024169-5-f70a5e5faec29f692115e268460d71fbdaa975de","e4c7f4c038a61d32e0461f1db9af36aa1b024169-5-bd3f5467594ca72b0abdd5977d08b9d0e8ea6c7f","e4c7f4c038a61d32e0461f1db9af36aa1b024169","root","e4c7f4c038a61d32e0461f1db9af36aa1b024169-47d645c41e0ab89659c77fcce600800102648b52"
"Yuma Proving Ground / Aberdeen Test Center","Yuma, Arizona / Aberdeen, Maryland","GOCO","root.record.FacilityList.ProductionSupportFacility.FacilityProjectList-e4c7f4c038a61d32e0461f1db9af36aa1b024169-6-dc703aca3375cfe60c191767bb918e87f284c084","e4c7f4c038a61d32e0461f1db9af36aa1b024169-6-fef99e9843ecb821adc5b09e326b04eaa3b6614f","e4c7f4c038a61d32e0461f1db9af36aa1b024169","root","e4c7f4c038a61d32e0461f1db9af36aa1b024169-47d645c41e0ab89659c77fcce600800102648b52"
"Iowa AAP; Radford AAP","Middletown, IA; Radford, VA","GOCO","root.record.FacilityList.ProductionSupportFacility.FacilityProjectList-ec8186d6a8e1f6e9b0fe43f03f62fa6fd35cb897-0-50fe095145da5d5061dcf5b73aaeb084056705fe","ec8186d6a8e1f6e9b0fe43f03f62fa6fd35cb897-0-a7f109fae5e514195e3893c09179d8492c7325df","ec8186d6a8e1f6e9b0fe43f03f62fa6fd35cb897","root","ec8186d6a8e1f6e9b0fe43f03f62fa6fd35cb897-bcd061c597c2543a701d536b0cb862ab17dcc68c"
"Redstone Tech Test Center; White Sands Test Center","Huntsville, AL; White Sands Missile Range, NM","GOGO","root.record.FacilityList.ProductionSupportFacility.FacilityProjectList-ec8186d6a8e1f6e9b0fe43f03f62fa6fd35cb897-1-15fe6e65f00473647e4f881942c58e3c4c629d95","ec8186d6a8e1f6e9b0fe43f03f62fa6fd35cb897-1-b5bea3e1461087ce397c5d2552a6c60fcfbf3730","ec8186d6a8e1f6e9b0fe43f03f62fa6fd35cb897","root","ec8186d6a8e1f6e9b0fe43f03f62fa6fd35cb897-bcd061c597c2543a701d536b0cb862ab17dcc68c"
"Production Base Support - Lima","Lima, OH","GOCO","root.record.FacilityList.ProductionSupportFacility.FacilityProjectList-fd68ae1bf741cff64a9ed7155795785cd8044a84-0-6ceffd0b60cf5559401fd86116cf4e00ee72956c","fd68ae1bf741cff64a9ed7155795785cd8044a84-0-5ca7d74e3f6d295e80d6ea896eac2d8eebf64005","fd68ae1bf741cff64a9ed7155795785cd8044a84","root","fd68ae1bf741cff64a9ed7155795785cd8044a84-5d7df3c3406f8d79ae3cfdfd9765ccf5c7c39f80"
"Production Base Support - Scranton","Scranton, PA","COCO","root.record.FacilityList.ProductionSupportFacility.FacilityProjectList-fd68ae1bf741cff64a9ed7155795785cd8044a84-1-b3e439094237682be6d191873691c7efbdb5454d","fd68ae1bf741cff64a9ed7155795785cd8044a84-1-84d699d5de9f6977318f200104a443a4472853b2","fd68ae1bf741cff64a9ed7155795785cd8044a84","root","fd68ae1bf741cff64a9ed7155795785cd8044a84-5d7df3c3406f8d79ae3cfdfd9765ccf5c7c39f80"
"TACOM LCMC Production Base Spt Program","TACOM","GOGO","root.record.FacilityList.ProductionSupportFacility.FacilityProjectList-fd68ae1bf741cff64a9ed7155795785cd8044a84-2-ee9981be962fb4ff60dfd10083bcca9f1d39fe53","fd68ae1bf741cff64a9ed7155795785cd8044a84-2-45463f52491befba538f3ffa74f66eca5c46d7a7","fd68ae1bf741cff64a9ed7155795785cd8044a84","root","fd68ae1bf741cff64a9ed7155795785cd8044a84-5d7df3c3406f8d79ae3cfdfd9765ccf5c7c39f80"
"Holston Army Ammunition Plant","Kingsport, Tennessee","GOCO","root.record.FacilityList.ProductionSupportFacility.FacilityProjectList-4c83bebe9a9a1ff93102df767e9348e32dcd5d07-0-0fab8dd6831c8790e15b4f47329e683de73628f2","4c83bebe9a9a1ff93102df767e9348e32dcd5d07-0-c2b0efa6a84825bd9a38daf319d78eb3f0c2821b","4c83bebe9a9a1ff93102df767e9348e32dcd5d07","root","4c83bebe9a9a1ff93102df767e9348e32dcd5d07-33452f2c63accc1c51714255e7e2e1ea2a254e6e"
"Iowa Army Ammunition Plant","Middletown, Iowa","GOCO","root.record.FacilityList.ProductionSupportFacility.FacilityProjectList-4c83bebe9a9a1ff93102df767e9348e32dcd5d07-1-2bb4c800619ea01694a03ec4576381149e918b47","4c83bebe9a9a1ff93102df767e9348e32dcd5d07-1-a3943864df79b5e9e757b451e9a9436db840b4aa","4c83bebe9a9a1ff93102df767e9348e32dcd5d07","root","4c83bebe9a9a1ff93102df767e9348e32dcd5d07-33452f2c63accc1c51714255e7e2e1ea2a254e6e"
"Lake City Army Ammunition Plant","Independence, Missouri","GOCO","root.record.FacilityList.ProductionSupportFacility.FacilityProjectList-4c83bebe9a9a1ff93102df767e9348e32dcd5d07-2-2f2bcb108856d31ff6f925c0ab2cc1850ec118dc","4c83bebe9a9a1ff93102df767e9348e32dcd5d07-2-112f536fa6ff7f0746fa3e1ade5de2c52e43b1c6","4c83bebe9a9a1ff93102df767e9348e32dcd5d07","root","4c83bebe9a9a1ff93102df767e9348e32dcd5d07-33452f2c63accc1c51714255e7e2e1ea2a254e6e"
"Milan Army Ammunition Plant","Milan, Tennessee","GOCO","root.record.FacilityList.ProductionSupportFacility.FacilityProjectList-4c83bebe9a9a1ff93102df767e9348e32dcd5d07-3-dbec3af155c7c082de618ecc94a88e2a026db698","4c83bebe9a9a1ff93102df767e9348e32dcd5d07-3-a150dc56b96d016d7cd2de79ec2f912411ee3837","4c83bebe9a9a1ff93102df767e9348e32dcd5d07","root","4c83bebe9a9a1ff93102df767e9348e32dcd5d07-33452f2c63accc1c51714255e7e2e1ea2a254e6e"
"Radford Army Ammunition Plant","Radford, Virginia","GOCO","root.record.FacilityList.ProductionSupportFacility.FacilityProjectList-4c83bebe9a9a1ff93102df767e9348e32dcd5d07-4-e25c32c7991bc0a94507550f223456f4209e9fd2","4c83bebe9a9a1ff93102df767e9348e32dcd5d07-4-1ec352dda3ce2ec1b582b1f95c7e8f2976f4099e","4c83bebe9a9a1ff93102df767e9348e32dcd5d07","root","4c83bebe9a9a1ff93102df767e9348e32dcd5d07-33452f2c63accc1c51714255e7e2e1ea2a254e6e"
"Scranton Army Ammunition Plant","Scranton, Pennsylvania","GOCO","root.record.FacilityList.ProductionSupportFacility.FacilityProjectList-4c83bebe9a9a1ff93102df767e9348e32dcd5d07-5-9b460dc18cb7f0d9179c2797bbd8d055599bc8a4","4c83bebe9a9a1ff93102df767e9348e32dcd5d07-5-bee1cd399b5b9971c35f5156b27c42addd28c0f8","4c83bebe9a9a1ff93102df767e9348e32dcd5d07","root","4c83bebe9a9a1ff93102df767e9348e32dcd5d07-33452f2c63accc1c51714255e7e2e1ea2a254e6e"
"Various Army Ammunition Plants","Multiple","GOCO","root.record.FacilityList.ProductionSupportFacility.FacilityProjectList-4c83bebe9a9a1ff93102df767e9348e32dcd5d07-6-9a0d325d0e06a42b527dd284ed6122ee543265ea","4c83bebe9a9a1ff93102df767e9348e32dcd5d07-6-f235a5a95a631e9f6e560f078b6ab8c274b834ab","4c83bebe9a9a1ff93102df767e9348e32dcd5d07","root","4c83bebe9a9a1ff93102df767e9348e32dcd5d07-33452f2c63accc1c51714255e7e2e1ea2a254e6e"
"Yuma Proving Ground / Aberdeen Test Center","Yuma, Arizona / Aberdeen, Maryland","GOCO","root.record.FacilityList.ProductionSupportFacility.FacilityProjectList-4c83bebe9a9a1ff93102df767e9348e32dcd5d07-7-8043091b22229be805ff709d9c32d86a78f66ce1","4c83bebe9a9a1ff93102df767e9348e32dcd5d07-7-75c0b81f0f5d8e36350fdc7e81fa958c1f4859a8","4c83bebe9a9a1ff93102df767e9348e32dcd5d07","root","4c83bebe9a9a1ff93102df767e9348e32dcd5d07-33452f2c63accc1c51714255e7e2e1ea2a254e6e"
"Production Base Support - Lima","TACOM","GOCO","root.record.FacilityList.ProductionSupportFacility.FacilityProjectList-6db6ba672e9d5d26149cb5d5feed146cb60517be-0-68e4b8d20957ef12383c7bcfbc5bc2e034c560e8","6db6ba672e9d5d26149cb5d5feed146cb60517be-0-3613c4b76fc6972ae05f43125de8c81856c4d290","6db6ba672e9d5d26149cb5d5feed146cb60517be","root","6db6ba672e9d5d26149cb5d5feed146cb60517be-cfd287ea96943d0a40c70fee5a84186bb7cd864c"
"Production Base Support - Scranton","TACOM","COCO","root.record.FacilityList.ProductionSupportFacility.FacilityProjectList-6db6ba672e9d5d26149cb5d5feed146cb60517be-1-97c05cf7102e011cf6fecc5b842d0ca9f34c8490","6db6ba672e9d5d26149cb5d5feed146cb60517be-1-a42de471788963058b35267c250a93687781e61c","6db6ba672e9d5d26149cb5d5feed146cb60517be","root","6db6ba672e9d5d26149cb5d5feed146cb60517be-cfd287ea96943d0a40c70fee5a84186bb7cd864c"
"TACOM LCMC Production Base Spt Program","TACOM","","root.record.FacilityList.ProductionSupportFacility.FacilityProjectList-6db6ba672e9d5d26149cb5d5feed146cb60517be-2-4336159c92f735a81e2c962b9ec59ef177af6801","6db6ba672e9d5d26149cb5d5feed146cb60517be-2-174fe703055d3ba4fccb720857b5391d9839101b","6db6ba672e9d5d26149cb5d5feed146cb60517be","root","6db6ba672e9d5d26149cb5d5feed146cb60517be-cfd287ea96943d0a40c70fee5a84186bb7cd864c"
"GDLS","Saco, ME","GOGO","root.record.FacilityList.ProductionSupportFacility.FacilityProjectList-877107cb2724207f267054c56e0f0f4b4c79debd-0-121e7e4f2848394093f978a6c042d8134721a52b","877107cb2724207f267054c56e0f0f4b4c79debd-0-263a7cc28c1e582d25f70205898ade9a06159090","877107cb2724207f267054c56e0f0f4b4c79debd","root","877107cb2724207f267054c56e0f0f4b4c79debd-7576c151bfb7e33589916330bf91fbedce662963"
"Rock Island Arsenal - JMTC","Rock Island, IL","GOGO","root.record.FacilityList.ProductionSupportFacility.FacilityProjectList-877107cb2724207f267054c56e0f0f4b4c79debd-1-bc0de98be5bce49c8796c648f4589306f6241b10","877107cb2724207f267054c56e0f0f4b4c79debd-1-1e1f6afa6c4dadf122a038da2be587811cd743fd","877107cb2724207f267054c56e0f0f4b4c79debd","root","877107cb2724207f267054c56e0f0f4b4c79debd-7576c151bfb7e33589916330bf91fbedce662963"
"Watervliet Arsenal","Watervliet, NY","COCO","root.record.FacilityList.ProductionSupportFacility.FacilityProjectList-877107cb2724207f267054c56e0f0f4b4c79debd-2-a67a4bea5fcc03d714fb9b692df684e7daed70dc","877107cb2724207f267054c56e0f0f4b4c79debd-2-46d1a0192c8376b0cd7f420b4b3251821dd7d314","877107cb2724207f267054c56e0f0f4b4c79debd","root","877107cb2724207f267054c56e0f0f4b4c79debd-7576c151bfb7e33589916330bf91fbedce662963"
"ATEC Test Range Instrumentation","Yuma, AZ; Aberdeen, MD; White Sands, NM","GOGO","root.record.FacilityList.ProductionSupportFacility.FacilityProjectList-877107cb2724207f267054c56e0f0f4b4c79debd-3-398fdfb2b1d9342646ec21e2820d7c5937c6a4f7","877107cb2724207f267054c56e0f0f4b4c79debd-3-ef9b4bcba0393e4e503bd0041f8692e6e00aaf4a","877107cb2724207f267054c56e0f0f4b4c79debd","root","877107cb2724207f267054c56e0f0f4b4c79debd-7576c151bfb7e33589916330bf91fbedce662963"
"Iowa Army Ammunition Plant","Middletown, IA","GOCO","root.record.FacilityList.ProductionSupportFacility.FacilityProjectList-acea1a0d0f1b029a10d79e24220a52bd15ec412a-0-502fd4a8f22693721ac17b0250377bfa8a2d1aac","acea1a0d0f1b029a10d79e24220a52bd15ec412a-0-bf5492e22b88d438a860e750165b62a94ddeb83e","acea1a0d0f1b029a10d79e24220a52bd15ec412a","root","acea1a0d0f1b029a10d79e24220a52bd15ec412a-f72c22bad45659ade7625e7feca0fd72a81abb76"
"Redstone Tech Test Center; White Sands Test Center","Huntsville, AL; White Sands Missile Range, NM","GOGO","root.record.FacilityList.ProductionSupportFacility.FacilityProjectList-acea1a0d0f1b029a10d79e24220a52bd15ec412a-1-8f9f1fd7443505ee6dc9a9426948e451d4992c9c","acea1a0d0f1b029a10d79e24220a52bd15ec412a-1-3cfcea4c932636db551dd6fb3bfe19e421bb800f","acea1a0d0f1b029a10d79e24220a52bd15ec412a","root","acea1a0d0f1b029a10d79e24220a52bd15ec412a-f72c22bad45659ade7625e7feca0fd72a81abb76"
