"FiscalYear_val","PCOLocation_val","AwardDate_val","FirstDeliveryDate_val","Quantity_val","UnitCost_val","SpecsAvailableNow_val","ContractMethod_val","ContractType_val","RevisionsAvailableDate_val","RFPIssueDate_val","FundingVehicle_val","MonthlyDeliveryScheduleList_MonthlyDeliverySchedule_ServiceAgencyName_val","MonthlyDeliveryScheduleList_MonthlyDeliverySchedule_ProcQuantity_val","MonthlyDeliveryScheduleList_MonthlyDeliverySchedule_MonthlyDeliveryList_MonthlyDelivery","MonthlyDeliveryScheduleList_MonthlyDeliverySchedule_AcceptedBeforeOct1_val","MonthlyDeliveryScheduleList_MonthlyDeliverySchedule_ComponentMonthlyDeliveryScheduleList_ComponentMonthlyDeliverySchedule","OCO_val","@ROWID","@RECORDID","@PARENT","@PARENTROWID"
"2017","TBS","2017-06","2017-08","1","5000.000","true","C","FFP","","","","","","","","","","6f849759560e292ae5d1247b4513cdf075cd2cb5-0-c5c2be7388d670c80d50773b031ca086b9e8cf13","6f849759560e292ae5d1247b4513cdf075cd2cb5","root.record.ItemExhibitList.P5Item.CostElementCategoryList.Software.Recurring.CostElementList.CostElement.ManufacturerList.Manufacturer","6f849759560e292ae5d1247b4513cdf075cd2cb5-0-5cab6eb5e0192e0b86f09cc9314d0837a3f8611b"
"2015","ACC, Rock Island, IL","2015-07","2015-08","1","2200.000","true","C","FP","","","","","","","","","","6f849759560e292ae5d1247b4513cdf075cd2cb5-0-a0e06a91bf3a699625a31d326fc5aa9aeffe48fc","6f849759560e292ae5d1247b4513cdf075cd2cb5","root.record.ItemExhibitList.P5Item.CostElementCategoryList.Software.Recurring.CostElementList.CostElement.ManufacturerList.Manufacturer","6f849759560e292ae5d1247b4513cdf075cd2cb5-0-1a73cf9d9b676fed4d4a908e4395ddca628a18bf"
"2015","TBS","2016-04","2016-05","0","5200.000","true","C","FP","","","","","","","","","","6f849759560e292ae5d1247b4513cdf075cd2cb5-0-dc7bd36f197c2b1f8a87afba5eec42e6a2a86478","6f849759560e292ae5d1247b4513cdf075cd2cb5","root.record.ItemExhibitList.P5Item.CostElementCategoryList.Software.Recurring.CostElementList.CostElement.ManufacturerList.Manufacturer","6f849759560e292ae5d1247b4513cdf075cd2cb5-1-076e4c33c085ae44db760365818cc05d4b174d29"
"2015","Charleston, SC","2015-06","2015-12","14","7000.00","false","","","2014-10","2015-04","WR","","","","","","","7840686cb07df5e186811daa609df25dd32b67f0-0-a62a785dc9348d63e844e921fb57417609f844fe","7840686cb07df5e186811daa609df25dd32b67f0","root.record.ItemExhibitList.P5Item.CostElementCategoryList.Software.Recurring.CostElementList.CostElement.ManufacturerList.Manufacturer","7840686cb07df5e186811daa609df25dd32b67f0-0-3dd0151cf199b7989a9e1718676cd84978199d3f"
"2015","Charleston, SC","2015-06","2015-12","8","7000.00","false","","","2014-10","2015-04","WR","","","","","","","7840686cb07df5e186811daa609df25dd32b67f0-0-8b0e6093ea136d71a774e35ffafdbe437035ab43","7840686cb07df5e186811daa609df25dd32b67f0","root.record.ItemExhibitList.P5Item.CostElementCategoryList.Software.Recurring.CostElementList.CostElement.ManufacturerList.Manufacturer","7840686cb07df5e186811daa609df25dd32b67f0-0-bf239f8f36b84e8ca0b6835bcf59e623f891e64c"
"2017","Orlando, FL","2017-08","2017-09","164","2.726","false","C","FFP","2017-03","","","","","","","","","886f04e2ad4df52112b8d9283f21ce65f6edb2c0-0-9c4a41debc1a4d681a80e218bfab2033a9366ad4","886f04e2ad4df52112b8d9283f21ce65f6edb2c0","root.record.ItemExhibitList.P5Item.CostElementCategoryList.Software.Recurring.CostElementList.CostElement.ManufacturerList.Manufacturer","886f04e2ad4df52112b8d9283f21ce65f6edb2c0-0-489b65a78baf273afbfd05d9d3a4cd7d0de8bf43"
"2015","Orlando, FL","2015-04","2015-06","423","2.372","true","C","CPFF","","","","","","","","","","886f04e2ad4df52112b8d9283f21ce65f6edb2c0-0-276468bb5c84accce50aaddb5c406388a4956319","886f04e2ad4df52112b8d9283f21ce65f6edb2c0","root.record.ItemExhibitList.P5Item.CostElementCategoryList.Software.Recurring.CostElementList.CostElement.ManufacturerList.Manufacturer","886f04e2ad4df52112b8d9283f21ce65f6edb2c0-0-ebc170f46567239070ccb08152a1ac75dfbe2692"
"2016","Orlando, FL","2016-04","2016-06","482","2.449","true","C","CPFF","","","","","","","","","","886f04e2ad4df52112b8d9283f21ce65f6edb2c0-1-c3bb4d1dd91138e7cbd4b385d7140717c64b876d","886f04e2ad4df52112b8d9283f21ce65f6edb2c0","root.record.ItemExhibitList.P5Item.CostElementCategoryList.Software.Recurring.CostElementList.CostElement.ManufacturerList.Manufacturer","886f04e2ad4df52112b8d9283f21ce65f6edb2c0-0-ebc170f46567239070ccb08152a1ac75dfbe2692"
"2017","Orlando, FL","2017-04","2017-06","421","2.498","true","C","CPFF","","","","","","","","","","886f04e2ad4df52112b8d9283f21ce65f6edb2c0-2-ea1f3a382874dd573286c724909e3eafd68b5d11","886f04e2ad4df52112b8d9283f21ce65f6edb2c0","root.record.ItemExhibitList.P5Item.CostElementCategoryList.Software.Recurring.CostElementList.CostElement.ManufacturerList.Manufacturer","886f04e2ad4df52112b8d9283f21ce65f6edb2c0-0-ebc170f46567239070ccb08152a1ac75dfbe2692"
"2015","ACC-Rock Island, IL","2014-10","2014-12","1","2853.000","","C","FFP","","","","","","","","","","8c06c11f0e303a99bc3038bb9ed0312740d39b11-0-5506145874fe91949ef2423e35c288ca9c67fb63","8c06c11f0e303a99bc3038bb9ed0312740d39b11","root.record.ItemExhibitList.P5Item.CostElementCategoryList.Software.Recurring.CostElementList.CostElement.ManufacturerList.Manufacturer","8c06c11f0e303a99bc3038bb9ed0312740d39b11-0-8e89f2a186141c5cff6fff72221978e72f02575c"
"2016","ACC-Rock Island, IL","2015-10","2015-12","1","6025.000","","C","FFP","","","","","","","","","","8c06c11f0e303a99bc3038bb9ed0312740d39b11-1-fbb99facaca28f9a6786241fc6f8c71668ec7e5d","8c06c11f0e303a99bc3038bb9ed0312740d39b11","root.record.ItemExhibitList.P5Item.CostElementCategoryList.Software.Recurring.CostElementList.CostElement.ManufacturerList.Manufacturer","8c06c11f0e303a99bc3038bb9ed0312740d39b11-0-8e89f2a186141c5cff6fff72221978e72f02575c"
"2017","ACC-Rock Island, IL","2016-10","2016-12","1","3316.000","","C","FFP","","","","","","","","","","8c06c11f0e303a99bc3038bb9ed0312740d39b11-0-831e724f2f2965d47a935e969d3467fdf8762a5d","8c06c11f0e303a99bc3038bb9ed0312740d39b11","root.record.ItemExhibitList.P5Item.CostElementCategoryList.Software.Recurring.CostElementList.CostElement.ManufacturerList.Manufacturer","8c06c11f0e303a99bc3038bb9ed0312740d39b11-1-633cf7eaba75721f24d3c75fc79c38ec0d282f78"
"2017","AFLCMC Hanscom AFB","2017-03","2017-07","350","0.025","true","","","2017-02","","Various","","","","","","","a3deae4cb61de9545dddd9eca9022b9c3044b180-0-60eb5daace676baf3179a65a43e0c585bd79bfb9","a3deae4cb61de9545dddd9eca9022b9c3044b180","root.record.ItemExhibitList.P5Item.CostElementCategoryList.Software.Recurring.CostElementList.CostElement.ManufacturerList.Manufacturer","a3deae4cb61de9545dddd9eca9022b9c3044b180-0-478db7f6230d2c433f26a73b67e0a9a393be11d2"
"2015","AFLCMC/HI - Business & Enterprise Systems","2015-06","2015-07","4940","870.040","false","C","FFP","","2015-02","","","","","","","","d568c6ab62b961dc0e87e8e827b15f2dbe100754-0-49d45f44572ef745ceac804869e9bf3058820378","d568c6ab62b961dc0e87e8e827b15f2dbe100754","root.record.ItemExhibitList.P5Item.CostElementCategoryList.Software.Recurring.CostElementList.CostElement.ManufacturerList.Manufacturer","d568c6ab62b961dc0e87e8e827b15f2dbe100754-0-7782e583a87007ebe9e2394e43e0c76f2bd5ebec"
"2016","AFLCMC/HI - Business & Enterprise Systems","2016-06","2016-07","5465","870.080","false","C","FFP","","2016-02","","","","","","","","d568c6ab62b961dc0e87e8e827b15f2dbe100754-1-d9fb5894267f551d6e5b0cb4f2d8abebcbf844e1","d568c6ab62b961dc0e87e8e827b15f2dbe100754","root.record.ItemExhibitList.P5Item.CostElementCategoryList.Software.Recurring.CostElementList.CostElement.ManufacturerList.Manufacturer","d568c6ab62b961dc0e87e8e827b15f2dbe100754-0-7782e583a87007ebe9e2394e43e0c76f2bd5ebec"
"2016","ACC Orlando, FL","2016-04","2016-07","2","1200.000","true","C","CPFF","","","","Army","2","root.record.ItemExhibitList.P5Item.CostElementCategoryList.Software.Recurring.CostElementList.CostElement.ManufacturerList.Manufacturer.HistoryPlanningList.HistoryPlanning.MonthlyDeliveryScheduleList.MonthlyDeliverySchedule.MonthlyDeliveryList-ebe18eae2c52042e93ac0fd63296fdca4b4e31bb-0-140d60558a57920b1c1438c90a117dd273a2dc44","","","","ebe18eae2c52042e93ac0fd63296fdca4b4e31bb-0-dc1bb3a6b3d78fd029ac9f74c8dbb83afad85f86","ebe18eae2c52042e93ac0fd63296fdca4b4e31bb","root.record.ItemExhibitList.P5Item.CostElementCategoryList.Software.Recurring.CostElementList.CostElement.ManufacturerList.Manufacturer","ebe18eae2c52042e93ac0fd63296fdca4b4e31bb-0-0d147002265969b5d9dd90d0468c54de1b3b06d6"
"2017","ACC Orlando, FL","2017-04","2017-07","2","1260.000","true","C","CPFF","","2015-07","","Army","2","root.record.ItemExhibitList.P5Item.CostElementCategoryList.Software.Recurring.CostElementList.CostElement.ManufacturerList.Manufacturer.HistoryPlanningList.HistoryPlanning.MonthlyDeliveryScheduleList.MonthlyDeliverySchedule.MonthlyDeliveryList-ebe18eae2c52042e93ac0fd63296fdca4b4e31bb-1-7fb56f49b8466b9a509fa2ddee75817af29c06c6","","","","ebe18eae2c52042e93ac0fd63296fdca4b4e31bb-1-62da962db0db6bcbab4f9bf8773cc1cf5003e2ad","ebe18eae2c52042e93ac0fd63296fdca4b4e31bb","root.record.ItemExhibitList.P5Item.CostElementCategoryList.Software.Recurring.CostElementList.CostElement.ManufacturerList.Manufacturer","ebe18eae2c52042e93ac0fd63296fdca4b4e31bb-0-0d147002265969b5d9dd90d0468c54de1b3b06d6"
"2013","Navy/Army","2013-01","2013-05","1","0.258","false","","","","","IA","","","","","","","71b479e9d38421453be24984b4468bf79919df2b-0-a1ecbff365c4bd540ae98484ac78250ed938402e","71b479e9d38421453be24984b4468bf79919df2b","root.record.ItemExhibitList.P5Item.CostElementCategoryList.Software.Recurring.CostElementList.CostElement.ManufacturerList.Manufacturer","71b479e9d38421453be24984b4468bf79919df2b-0-406613449058e1af50f6c048ecc9e6ebc0e78ac6"
"2014","Navy/Army","2013-01","2014-05","1","0.258","true","","","","","IA","","","","","","","71b479e9d38421453be24984b4468bf79919df2b-1-d45de32c1aa44f2cf94e1a460721b168fb120dcf","71b479e9d38421453be24984b4468bf79919df2b","root.record.ItemExhibitList.P5Item.CostElementCategoryList.Software.Recurring.CostElementList.CostElement.ManufacturerList.Manufacturer","71b479e9d38421453be24984b4468bf79919df2b-0-406613449058e1af50f6c048ecc9e6ebc0e78ac6"
"2012","Brussels Embssy","2012-04","2012-08","1","0.012","true","SS","Various","","","","","","","","","","24db7556a12306abac46ad9496675023d20beaee-0-cfb0019c8340383d0a00de124a881b6b8253f721","24db7556a12306abac46ad9496675023d20beaee","root.record.ItemExhibitList.P5Item.CostElementCategoryList.Software.Recurring.CostElementList.CostElement.ManufacturerList.Manufacturer","24db7556a12306abac46ad9496675023d20beaee-0-ddae9e15d9c860d1d6f405d686c3acb12a29ad76"
"2013","Embassy Brussels","2013-04","2013-08","1","0.019","true","SS","Various","","","","","","","","","","24db7556a12306abac46ad9496675023d20beaee-1-5f40495ee7a684a7e42a2ff265d6ba6c6cc1a66b","24db7556a12306abac46ad9496675023d20beaee","root.record.ItemExhibitList.P5Item.CostElementCategoryList.Software.Recurring.CostElementList.CostElement.ManufacturerList.Manufacturer","24db7556a12306abac46ad9496675023d20beaee-0-ddae9e15d9c860d1d6f405d686c3acb12a29ad76"
"2011","Embassy Brussels","2011-04","2011-08","2","0.012","true","SS","Various","","","","","","","","","","24db7556a12306abac46ad9496675023d20beaee-2-b34f79fa878f47c0e93706e909587f8539855e18","24db7556a12306abac46ad9496675023d20beaee","root.record.ItemExhibitList.P5Item.CostElementCategoryList.Software.Recurring.CostElementList.CostElement.ManufacturerList.Manufacturer","24db7556a12306abac46ad9496675023d20beaee-0-ddae9e15d9c860d1d6f405d686c3acb12a29ad76"
"2011","SPAWAR HQ, San Diego, CA","2011-07","2011-09","4000","0.195","true","C","CPAF","2010-03","","","Chemical and Biological Defense Program","4000","root.record.ItemExhibitList.P5Item.CostElementCategoryList.Software.Recurring.CostElementList.CostElement.ManufacturerList.Manufacturer.HistoryPlanningList.HistoryPlanning.MonthlyDeliveryScheduleList.MonthlyDeliverySchedule.MonthlyDeliveryList-40d365317c2695995273930668a57d384a824c91-0-c73a0c303ad7095a49372e8e057307997debf492","0","root.record.ItemExhibitList.P5Item.CostElementCategoryList.Software.Recurring.CostElementList.CostElement.ManufacturerList.Manufacturer.HistoryPlanningList.HistoryPlanning.MonthlyDeliveryScheduleList.MonthlyDeliverySchedule.ComponentMonthlyDeliveryScheduleList-40d365317c2695995273930668a57d384a824c91-0-cbf2f895adba699f45d90f3e35c2ad02242b9d06","","40d365317c2695995273930668a57d384a824c91-0-e22c1586edc3e6307d8c58db44699cc4139d323a","40d365317c2695995273930668a57d384a824c91","root.record.ItemExhibitList.P5Item.CostElementCategoryList.Software.Recurring.CostElementList.CostElement.ManufacturerList.Manufacturer","40d365317c2695995273930668a57d384a824c91-0-e0cd51e71af12dd80a2a2b78dadf928ac675628b"
"2012","SPAWAR HQ, San Diego, CA","2012-03","2012-05","5000","0.352","true","C","CPAF","2011-08","","","Chemical and Biological Defense Program","5000","root.record.ItemExhibitList.P5Item.CostElementCategoryList.Software.Recurring.CostElementList.CostElement.ManufacturerList.Manufacturer.HistoryPlanningList.HistoryPlanning.MonthlyDeliveryScheduleList.MonthlyDeliverySchedule.MonthlyDeliveryList-40d365317c2695995273930668a57d384a824c91-1-9f5329cb9dd2343d07ebb6f19e31e6697f34aaab","0","root.record.ItemExhibitList.P5Item.CostElementCategoryList.Software.Recurring.CostElementList.CostElement.ManufacturerList.Manufacturer.HistoryPlanningList.HistoryPlanning.MonthlyDeliveryScheduleList.MonthlyDeliverySchedule.ComponentMonthlyDeliveryScheduleList-40d365317c2695995273930668a57d384a824c91-1-c575286f31d1abca15055bc284eae4e0769de2ed","","40d365317c2695995273930668a57d384a824c91-1-e0f47b89d39bb9381161a117a0cb57e2d24693cc","40d365317c2695995273930668a57d384a824c91","root.record.ItemExhibitList.P5Item.CostElementCategoryList.Software.Recurring.CostElementList.CostElement.ManufacturerList.Manufacturer","40d365317c2695995273930668a57d384a824c91-0-e0cd51e71af12dd80a2a2b78dadf928ac675628b"
"2013","SPAWAR HQ, San Diego, CA","2013-01","2013-03","5000","0.131","false","C","CPAF","2012-01","","","Chemical and Biological Defense Program","5000","root.record.ItemExhibitList.P5Item.CostElementCategoryList.Software.Recurring.CostElementList.CostElement.ManufacturerList.Manufacturer.HistoryPlanningList.HistoryPlanning.MonthlyDeliveryScheduleList.MonthlyDeliverySchedule.MonthlyDeliveryList-40d365317c2695995273930668a57d384a824c91-2-39a903067a802b20ea9fe9e2ab397612a5b52498","0","root.record.ItemExhibitList.P5Item.CostElementCategoryList.Software.Recurring.CostElementList.CostElement.ManufacturerList.Manufacturer.HistoryPlanningList.HistoryPlanning.MonthlyDeliveryScheduleList.MonthlyDeliverySchedule.ComponentMonthlyDeliveryScheduleList-40d365317c2695995273930668a57d384a824c91-2-7a22ecf25b62898f6d243725b397c1f5ba370da3","","40d365317c2695995273930668a57d384a824c91-2-05a744425b3e0adaf7af748b2ded877ed6d293e4","40d365317c2695995273930668a57d384a824c91","root.record.ItemExhibitList.P5Item.CostElementCategoryList.Software.Recurring.CostElementList.CostElement.ManufacturerList.Manufacturer","40d365317c2695995273930668a57d384a824c91-0-e0cd51e71af12dd80a2a2b78dadf928ac675628b"
"2011","SPAWARSYSCOM, San Diego, CA","2011-01","2011-03","6964","0.171","true","C","CPAF","2010-06","2010-08","","Chemical and Biological Defense Program","6964","root.record.ItemExhibitList.P5Item.CostElementCategoryList.Software.Recurring.CostElementList.CostElement.ManufacturerList.Manufacturer.HistoryPlanningList.HistoryPlanning.MonthlyDeliveryScheduleList.MonthlyDeliverySchedule.MonthlyDeliveryList-40d365317c2695995273930668a57d384a824c91-0-d85eb37652a57ebc205bd86ba6e248efb8bd4e30","0","root.record.ItemExhibitList.P5Item.CostElementCategoryList.Software.Recurring.CostElementList.CostElement.ManufacturerList.Manufacturer.HistoryPlanningList.HistoryPlanning.MonthlyDeliveryScheduleList.MonthlyDeliverySchedule.ComponentMonthlyDeliveryScheduleList-40d365317c2695995273930668a57d384a824c91-0-19cd9c43046a4010e2980a21e6ca98391e60e9cc","","40d365317c2695995273930668a57d384a824c91-0-d0dea1fbba8d83969e57bbe945628c3887995325","40d365317c2695995273930668a57d384a824c91","root.record.ItemExhibitList.P5Item.CostElementCategoryList.Software.Recurring.CostElementList.CostElement.ManufacturerList.Manufacturer","40d365317c2695995273930668a57d384a824c91-0-fdf22d400fb7f1d367983f3e699d0fe2ddb254b8"
"2013","TBS","2013-08","2013-11","1","10319.000","false","C","FP","","","","","","","","","","571239ea242e1e673bae4fee7eb23020af5fa084-0-92b807515e1305dfab21ecdd17e316df4c3a68c0","571239ea242e1e673bae4fee7eb23020af5fa084","root.record.ItemExhibitList.P5Item.CostElementCategoryList.Software.Recurring.CostElementList.CostElement.ManufacturerList.Manufacturer","571239ea242e1e673bae4fee7eb23020af5fa084-0-1a3f35f66270bbf3437a88c5f825d05eb7197a59"
"2014","TBS","2014-01","2014-05","1","7743.000","false","C","FP","","","","","","","","","","571239ea242e1e673bae4fee7eb23020af5fa084-1-b8a0739757f0044b724139c089cb050085928426","571239ea242e1e673bae4fee7eb23020af5fa084","root.record.ItemExhibitList.P5Item.CostElementCategoryList.Software.Recurring.CostElementList.CostElement.ManufacturerList.Manufacturer","571239ea242e1e673bae4fee7eb23020af5fa084-0-1a3f35f66270bbf3437a88c5f825d05eb7197a59"
"2013","TBS","2013-08","2013-11","1","568.000","false","C","FP","","","","","","","","","","571239ea242e1e673bae4fee7eb23020af5fa084-0-0d7845c611139ebb468a8fc58caabd9a4fafb261","571239ea242e1e673bae4fee7eb23020af5fa084","root.record.ItemExhibitList.P5Item.CostElementCategoryList.Software.Recurring.CostElementList.CostElement.ManufacturerList.Manufacturer","571239ea242e1e673bae4fee7eb23020af5fa084-0-4889c02ff90264516d5799973cfeb5670528dea0"
"2014","TBS","2014-01","2014-06","1","476.000","false","C","FP","","","","","","","","","","571239ea242e1e673bae4fee7eb23020af5fa084-1-a0c4f2b0ff3476f4982a5da6f4bf8531a136cec9","571239ea242e1e673bae4fee7eb23020af5fa084","root.record.ItemExhibitList.P5Item.CostElementCategoryList.Software.Recurring.CostElementList.CostElement.ManufacturerList.Manufacturer","571239ea242e1e673bae4fee7eb23020af5fa084-0-4889c02ff90264516d5799973cfeb5670528dea0"
"2013","TBS","2013-01","2013-02","1","17086.000","false","C","FP","","","","","","","","","","571239ea242e1e673bae4fee7eb23020af5fa084-0-7c538594d3038b2f3f2d15f9f131b717df1dad35","571239ea242e1e673bae4fee7eb23020af5fa084","root.record.ItemExhibitList.P5Item.CostElementCategoryList.Software.Recurring.CostElementList.CostElement.ManufacturerList.Manufacturer","571239ea242e1e673bae4fee7eb23020af5fa084-0-73f71835deaac28918c08b64806ac81d1cb73c15"
"2013","DISA","2013-02","2013-04","1","0.054","true","","","","","MIPR","","","","","","","af5b2dca6598b8a12c85691dd6bc9f041af28eb9-0-1e8b91c71bf7f294bfaedfb4a9afc89e6665d3fc","af5b2dca6598b8a12c85691dd6bc9f041af28eb9","root.record.ItemExhibitList.P5Item.CostElementCategoryList.Software.Recurring.CostElementList.CostElement.ManufacturerList.Manufacturer","af5b2dca6598b8a12c85691dd6bc9f041af28eb9-0-737ed89b94ac07089248df6cfbb0ffa76f4fffc2"
"2013","DISA","2013-06","2013-08","1","0.899","true","","","","","MIPR","","","","","","","af5b2dca6598b8a12c85691dd6bc9f041af28eb9-0-740398e4ae2c7fec82b912beaa0e3bb4b224681a","af5b2dca6598b8a12c85691dd6bc9f041af28eb9","root.record.ItemExhibitList.P5Item.CostElementCategoryList.Software.Recurring.CostElementList.CostElement.ManufacturerList.Manufacturer","af5b2dca6598b8a12c85691dd6bc9f041af28eb9-0-db4fca770fb4c284bc506d6c1a9d02d55dafb4fb"
"2013","DISA","2013-03","2013-06","1","0.509","true","","","","","MIPR","","","","","","","af5b2dca6598b8a12c85691dd6bc9f041af28eb9-0-2cb93b5f4f561a05cab609306b82b94a1827d109","af5b2dca6598b8a12c85691dd6bc9f041af28eb9","root.record.ItemExhibitList.P5Item.CostElementCategoryList.Software.Recurring.CostElementList.CostElement.ManufacturerList.Manufacturer","af5b2dca6598b8a12c85691dd6bc9f041af28eb9-0-24df29ca7cc5947c591938375a0031fa061daa1e"
"2012","DISA","2012-03","2012-06","1","0.155","true","","","","","MIPR","","","","","","","af5b2dca6598b8a12c85691dd6bc9f041af28eb9-1-4b2c0bb08ba229a46101ee3c33bfe22ec3c9c41c","af5b2dca6598b8a12c85691dd6bc9f041af28eb9","root.record.ItemExhibitList.P5Item.CostElementCategoryList.Software.Recurring.CostElementList.CostElement.ManufacturerList.Manufacturer","af5b2dca6598b8a12c85691dd6bc9f041af28eb9-0-24df29ca7cc5947c591938375a0031fa061daa1e"
"2013","Navy/Army","2013-01","2013-05","1","0.258","false","","","","","IA","","","","","","","b3e70f9cf193e9c7be7b5c0670756357086cfe54-0-6d2de3753edb9a40ea0ab4c9a93300a4a033ba8b","b3e70f9cf193e9c7be7b5c0670756357086cfe54","root.record.ItemExhibitList.P5Item.CostElementCategoryList.Software.Recurring.CostElementList.CostElement.ManufacturerList.Manufacturer","b3e70f9cf193e9c7be7b5c0670756357086cfe54-0-71ea599940d12c03bdf5f6ba16ee7cead678bdc4"
"2014","Navy/Army","2013-01","2014-05","1","0.258","true","","","","","IA","","","","","","","b3e70f9cf193e9c7be7b5c0670756357086cfe54-1-0cee1a1cd3561db260582d87298bb6c9bed06f34","b3e70f9cf193e9c7be7b5c0670756357086cfe54","root.record.ItemExhibitList.P5Item.CostElementCategoryList.Software.Recurring.CostElementList.CostElement.ManufacturerList.Manufacturer","b3e70f9cf193e9c7be7b5c0670756357086cfe54-0-71ea599940d12c03bdf5f6ba16ee7cead678bdc4"
"2012","DISA","2012-04","2012-05","1","5.399","true","C","FP","","","","","","","","","","c4bca13264676bab032e04864ef91cc2e813ea54-0-b38f69ca34acefcbd8e985bf09bc15b95a5da351","c4bca13264676bab032e04864ef91cc2e813ea54","root.record.ItemExhibitList.P5Item.CostElementCategoryList.Software.Recurring.CostElementList.CostElement.ManufacturerList.Manufacturer","c4bca13264676bab032e04864ef91cc2e813ea54-0-cf3c7c2ec19b7a40f58537f5fe1930fc3699b264"
"2012","DISA","2012-08","2012-09","1","0.215","true","C","FP","","","","","","","","","","c4bca13264676bab032e04864ef91cc2e813ea54-0-4c38888ec45ff98f99ea33b699a79a4d9354a334","c4bca13264676bab032e04864ef91cc2e813ea54","root.record.ItemExhibitList.P5Item.CostElementCategoryList.Software.Recurring.CostElementList.CostElement.ManufacturerList.Manufacturer","c4bca13264676bab032e04864ef91cc2e813ea54-0-dc4804a562d21efa8f30e8e1692e88f9459ec866"
"2017","Navy/Army","2017-01","2017-05","1.000","1.128","false","","","","","IA","","","","","","","32fc395bd096776a669677ac7fc8338227faacb7-0-ad053311d1d10535c46bac8b8f78f626f55f9555","32fc395bd096776a669677ac7fc8338227faacb7","root.record.ItemExhibitList.P5Item.CostElementCategoryList.Software.Recurring.CostElementList.CostElement.ManufacturerList.Manufacturer","32fc395bd096776a669677ac7fc8338227faacb7-0-1f334d42ebcbcab80cd454b8bf1cbcc866d8d04f"
"2013","Navy/Army","2013-01","2013-05","1.000","5.323","false","","","","","IA","","","","","","","32fc395bd096776a669677ac7fc8338227faacb7-1-9ab87c59c4bff976a62eba498915b3a82888e257","32fc395bd096776a669677ac7fc8338227faacb7","root.record.ItemExhibitList.P5Item.CostElementCategoryList.Software.Recurring.CostElementList.CostElement.ManufacturerList.Manufacturer","32fc395bd096776a669677ac7fc8338227faacb7-0-1f334d42ebcbcab80cd454b8bf1cbcc866d8d04f"
"2014","Navy/Army","2014-01","2014-05","1.000","0.258","false","","","","","IA","","","","","","","32fc395bd096776a669677ac7fc8338227faacb7-2-5cb796d348f54ebb69176b03816f3457d87d80a7","32fc395bd096776a669677ac7fc8338227faacb7","root.record.ItemExhibitList.P5Item.CostElementCategoryList.Software.Recurring.CostElementList.CostElement.ManufacturerList.Manufacturer","32fc395bd096776a669677ac7fc8338227faacb7-0-1f334d42ebcbcab80cd454b8bf1cbcc866d8d04f"
"2016","Navy/Army","2016-01","2016-05","1.000","0.526","false","","","","","IA","","","","","","","32fc395bd096776a669677ac7fc8338227faacb7-3-552a87bed7f82a800957dfe1dc75820b9954a617","32fc395bd096776a669677ac7fc8338227faacb7","root.record.ItemExhibitList.P5Item.CostElementCategoryList.Software.Recurring.CostElementList.CostElement.ManufacturerList.Manufacturer","32fc395bd096776a669677ac7fc8338227faacb7-0-1f334d42ebcbcab80cd454b8bf1cbcc866d8d04f"
"2013","DISA","2013-06","2013-08","1.000","0.899","true","","","","","MIPR","","","","","","","a175b2d139490b2b18af5e9769af4e79837591fc-0-e78ff3dcc77dc2637928e622827171769684976f","a175b2d139490b2b18af5e9769af4e79837591fc","root.record.ItemExhibitList.P5Item.CostElementCategoryList.Software.Recurring.CostElementList.CostElement.ManufacturerList.Manufacturer","a175b2d139490b2b18af5e9769af4e79837591fc-0-9845fbca81b76bb4dfd2aa311311d432255cd3c8"
"2013","DISA","2013-03","2013-06","1.000","0.509","true","","","","","MIPR","","","","","","","a175b2d139490b2b18af5e9769af4e79837591fc-0-24b15daed24cf464f2523844e8b24953038d5afd","a175b2d139490b2b18af5e9769af4e79837591fc","root.record.ItemExhibitList.P5Item.CostElementCategoryList.Software.Recurring.CostElementList.CostElement.ManufacturerList.Manufacturer","a175b2d139490b2b18af5e9769af4e79837591fc-0-50761acfd15bdb67950e750f02b7212936eedb88"
"2015","TBS","2015-02","2015-08","1","10000.000","false","C","FP","","","","","","","","","","a4b82838d22cfbf1da667ad790027d833a60a900-0-2a30bc32da0bd11f9b6e0b183bca9168dcd2f127","a4b82838d22cfbf1da667ad790027d833a60a900","root.record.ItemExhibitList.P5Item.CostElementCategoryList.Software.Recurring.CostElementList.CostElement.ManufacturerList.Manufacturer","a4b82838d22cfbf1da667ad790027d833a60a900-0-ffa4235132f579bd256f8ad449a80badd498280e"
"2013","DOI, Sierra Vista, AZ","2014-06","2014-07","0","0.000","false","C","FP","","","","","","","","","","a4b82838d22cfbf1da667ad790027d833a60a900-0-4f708f1cad6e955bb09dd7111de26bb00a734558","a4b82838d22cfbf1da667ad790027d833a60a900","root.record.ItemExhibitList.P5Item.CostElementCategoryList.Software.Recurring.CostElementList.CostElement.ManufacturerList.Manufacturer","a4b82838d22cfbf1da667ad790027d833a60a900-0-007c9ef3b245193102d75aa441c08a997de2f961"
"2014","Army","2014-04","2014-08","2.000","0.199","","","","","","MIPR","","","","","","true","32b5db15db622ad4c5ac79f29e508fc93894e133-0-3f9ce487eaf261669d1d2dd1c692c762a1879d9a","32b5db15db622ad4c5ac79f29e508fc93894e133","root.record.ItemExhibitList.P5Item.CostElementCategoryList.Software.Recurring.CostElementList.CostElement.ManufacturerList.Manufacturer","32b5db15db622ad4c5ac79f29e508fc93894e133-0-acb8981f15207244b3e4be5590b04b9e5caae903"
"2012","DISA","2012-03","2012-05","5.000","0.768","","","","","","MIPR","","","","","","true","32b5db15db622ad4c5ac79f29e508fc93894e133-1-5a21d448708d8305759fa22b4aec8df221b6f3b0","32b5db15db622ad4c5ac79f29e508fc93894e133","root.record.ItemExhibitList.P5Item.CostElementCategoryList.Software.Recurring.CostElementList.CostElement.ManufacturerList.Manufacturer","32b5db15db622ad4c5ac79f29e508fc93894e133-0-acb8981f15207244b3e4be5590b04b9e5caae903"
"2013","DISA","2013-06","2013-09","1.000","0.765","","","","","","MIPR","","","","","","true","32b5db15db622ad4c5ac79f29e508fc93894e133-2-7c1db77c6e46196e831e9fb3e2e7419e629fbed1","32b5db15db622ad4c5ac79f29e508fc93894e133","root.record.ItemExhibitList.P5Item.CostElementCategoryList.Software.Recurring.CostElementList.CostElement.ManufacturerList.Manufacturer","32b5db15db622ad4c5ac79f29e508fc93894e133-0-acb8981f15207244b3e4be5590b04b9e5caae903"
"2015","Army","2014-10","2015-04","3.000","0.765","","","","","","MIPR","","","","","","true","32b5db15db622ad4c5ac79f29e508fc93894e133-3-188c6e54df6c90d7345a218a5412d152e0c0f229","32b5db15db622ad4c5ac79f29e508fc93894e133","root.record.ItemExhibitList.P5Item.CostElementCategoryList.Software.Recurring.CostElementList.CostElement.ManufacturerList.Manufacturer","32b5db15db622ad4c5ac79f29e508fc93894e133-0-acb8981f15207244b3e4be5590b04b9e5caae903"
"2013","DISA","2013-06","2013-09","1.000","1.300","","","","","","MIPR","","","","","","true","32b5db15db622ad4c5ac79f29e508fc93894e133-0-46b39e269b9fc04e5f1c414f0a01476c9de1cfce","32b5db15db622ad4c5ac79f29e508fc93894e133","root.record.ItemExhibitList.P5Item.CostElementCategoryList.Software.Recurring.CostElementList.CostElement.ManufacturerList.Manufacturer","32b5db15db622ad4c5ac79f29e508fc93894e133-0-32ad01f5bb999e87ecf1587d082f81f2e6bb3f09"
"2012","DISA","2012-06","2012-09","1.000","1.523","","","","","","MIPR","","","","","","true","32b5db15db622ad4c5ac79f29e508fc93894e133-1-5411332d833cd89401e0b913ecae1bc3b565265a","32b5db15db622ad4c5ac79f29e508fc93894e133","root.record.ItemExhibitList.P5Item.CostElementCategoryList.Software.Recurring.CostElementList.CostElement.ManufacturerList.Manufacturer","32b5db15db622ad4c5ac79f29e508fc93894e133-0-32ad01f5bb999e87ecf1587d082f81f2e6bb3f09"
"2013","DISA","2013-06","2013-09","2.000","0.764","","","","","","MIPR","","","","","","true","32b5db15db622ad4c5ac79f29e508fc93894e133-0-a582f78d1df425072243a6544711be4c3f2fe947","32b5db15db622ad4c5ac79f29e508fc93894e133","root.record.ItemExhibitList.P5Item.CostElementCategoryList.Software.Recurring.CostElementList.CostElement.ManufacturerList.Manufacturer","32b5db15db622ad4c5ac79f29e508fc93894e133-0-41d3e0ad7e5a9a995ff6389f0380c48622c9bb0e"
"2014","DISA","2014-04","2014-08","4.000","0.861","","","","","","MIPR","","","","","","true","32b5db15db622ad4c5ac79f29e508fc93894e133-1-190804c91ed83e7154ce19ec6f1cebd4760bc3ab","32b5db15db622ad4c5ac79f29e508fc93894e133","root.record.ItemExhibitList.P5Item.CostElementCategoryList.Software.Recurring.CostElementList.CostElement.ManufacturerList.Manufacturer","32b5db15db622ad4c5ac79f29e508fc93894e133-0-41d3e0ad7e5a9a995ff6389f0380c48622c9bb0e"
"2012","DISA","2012-03","2012-05","3.000","0.764","","","","","","MIPR","","","","","","true","32b5db15db622ad4c5ac79f29e508fc93894e133-2-19dd72eb1c12505b6c4efd2d1c0f8ac5a13edbb1","32b5db15db622ad4c5ac79f29e508fc93894e133","root.record.ItemExhibitList.P5Item.CostElementCategoryList.Software.Recurring.CostElementList.CostElement.ManufacturerList.Manufacturer","32b5db15db622ad4c5ac79f29e508fc93894e133-0-41d3e0ad7e5a9a995ff6389f0380c48622c9bb0e"
"2015","DISA","2015-04","2015-08","1.000","0.658","","","","","","MIPR","","","","","","true","32b5db15db622ad4c5ac79f29e508fc93894e133-3-ddfef5ead8fa8672408d7034ebc5fb9499ce34cd","32b5db15db622ad4c5ac79f29e508fc93894e133","root.record.ItemExhibitList.P5Item.CostElementCategoryList.Software.Recurring.CostElementList.CostElement.ManufacturerList.Manufacturer","32b5db15db622ad4c5ac79f29e508fc93894e133-0-41d3e0ad7e5a9a995ff6389f0380c48622c9bb0e"
"2014","Army","2014-04","2014-08","2.000","0.199","","","","","","MIPR","","","","","","true","6cb75a64ac78e9fa9e4ea55cd1e4d0dbed13a9b8-0-0cf293832334eb5160a36696ccd0f1c85c6af656","6cb75a64ac78e9fa9e4ea55cd1e4d0dbed13a9b8","root.record.ItemExhibitList.P5Item.CostElementCategoryList.Software.Recurring.CostElementList.CostElement.ManufacturerList.Manufacturer","6cb75a64ac78e9fa9e4ea55cd1e4d0dbed13a9b8-0-8c689aff0efa9a5ae3e49c27af0b9f7f60e90b08"
"2012","DISA","2012-03","2012-05","5.000","0.768","","","","","","MIPR","","","","","","true","6cb75a64ac78e9fa9e4ea55cd1e4d0dbed13a9b8-1-19de2ac4f7021222c13dc7c8e5cab0d3fa3e3f98","6cb75a64ac78e9fa9e4ea55cd1e4d0dbed13a9b8","root.record.ItemExhibitList.P5Item.CostElementCategoryList.Software.Recurring.CostElementList.CostElement.ManufacturerList.Manufacturer","6cb75a64ac78e9fa9e4ea55cd1e4d0dbed13a9b8-0-8c689aff0efa9a5ae3e49c27af0b9f7f60e90b08"
"2013","DISA","2013-06","2013-09","1.000","0.765","","","","","","MIPR","","","","","","true","6cb75a64ac78e9fa9e4ea55cd1e4d0dbed13a9b8-2-feb36abeb54d54ea7bff7d25d3f087167b727135","6cb75a64ac78e9fa9e4ea55cd1e4d0dbed13a9b8","root.record.ItemExhibitList.P5Item.CostElementCategoryList.Software.Recurring.CostElementList.CostElement.ManufacturerList.Manufacturer","6cb75a64ac78e9fa9e4ea55cd1e4d0dbed13a9b8-0-8c689aff0efa9a5ae3e49c27af0b9f7f60e90b08"
"2015","Army","2014-10","2015-04","3.000","0.765","","","","","","MIPR","","","","","","true","6cb75a64ac78e9fa9e4ea55cd1e4d0dbed13a9b8-3-3909306b428f4ba9dbcaf0ba5626c57139e616e5","6cb75a64ac78e9fa9e4ea55cd1e4d0dbed13a9b8","root.record.ItemExhibitList.P5Item.CostElementCategoryList.Software.Recurring.CostElementList.CostElement.ManufacturerList.Manufacturer","6cb75a64ac78e9fa9e4ea55cd1e4d0dbed13a9b8-0-8c689aff0efa9a5ae3e49c27af0b9f7f60e90b08"
"2013","DISA","2013-06","2013-09","1.000","1.300","","","","","","MIPR","","","","","","true","6cb75a64ac78e9fa9e4ea55cd1e4d0dbed13a9b8-0-db83c3b5cee6b4ec729ad2b4eda7f12d44d8a2d3","6cb75a64ac78e9fa9e4ea55cd1e4d0dbed13a9b8","root.record.ItemExhibitList.P5Item.CostElementCategoryList.Software.Recurring.CostElementList.CostElement.ManufacturerList.Manufacturer","6cb75a64ac78e9fa9e4ea55cd1e4d0dbed13a9b8-0-1d52c985b651dc99ef4faf889f218ea0ee58dd68"
"2012","DISA","2012-06","2012-09","1.000","1.523","","","","","","MIPR","","","","","","true","6cb75a64ac78e9fa9e4ea55cd1e4d0dbed13a9b8-1-4ae73cca44199521d471b75fec099d161732a20d","6cb75a64ac78e9fa9e4ea55cd1e4d0dbed13a9b8","root.record.ItemExhibitList.P5Item.CostElementCategoryList.Software.Recurring.CostElementList.CostElement.ManufacturerList.Manufacturer","6cb75a64ac78e9fa9e4ea55cd1e4d0dbed13a9b8-0-1d52c985b651dc99ef4faf889f218ea0ee58dd68"
"2013","DISA","2013-06","2013-09","2.000","0.764","","","","","","MIPR","","","","","","true","6cb75a64ac78e9fa9e4ea55cd1e4d0dbed13a9b8-0-2b6f67b43e0191fb6c048bffff4309e8c2116918","6cb75a64ac78e9fa9e4ea55cd1e4d0dbed13a9b8","root.record.ItemExhibitList.P5Item.CostElementCategoryList.Software.Recurring.CostElementList.CostElement.ManufacturerList.Manufacturer","6cb75a64ac78e9fa9e4ea55cd1e4d0dbed13a9b8-0-c5fece8234f997cb89b386d7f560ee8882856a05"
"2014","DISA","2014-04","2014-08","4.000","0.861","","","","","","MIPR","","","","","","true","6cb75a64ac78e9fa9e4ea55cd1e4d0dbed13a9b8-1-c1494f85987e905844a3d7cbea3abe26176d2ad2","6cb75a64ac78e9fa9e4ea55cd1e4d0dbed13a9b8","root.record.ItemExhibitList.P5Item.CostElementCategoryList.Software.Recurring.CostElementList.CostElement.ManufacturerList.Manufacturer","6cb75a64ac78e9fa9e4ea55cd1e4d0dbed13a9b8-0-c5fece8234f997cb89b386d7f560ee8882856a05"
"2012","DISA","2012-03","2012-05","3.000","0.764","","","","","","MIPR","","","","","","true","6cb75a64ac78e9fa9e4ea55cd1e4d0dbed13a9b8-2-82b05765298a854c20a5f39061518498154d945d","6cb75a64ac78e9fa9e4ea55cd1e4d0dbed13a9b8","root.record.ItemExhibitList.P5Item.CostElementCategoryList.Software.Recurring.CostElementList.CostElement.ManufacturerList.Manufacturer","6cb75a64ac78e9fa9e4ea55cd1e4d0dbed13a9b8-0-c5fece8234f997cb89b386d7f560ee8882856a05"
"2015","DISA","2015-04","2015-08","1.000","0.658","","","","","","MIPR","","","","","","true","6cb75a64ac78e9fa9e4ea55cd1e4d0dbed13a9b8-3-1e09de1f8e175ef20e4a7cc3568d19f15694ca13","6cb75a64ac78e9fa9e4ea55cd1e4d0dbed13a9b8","root.record.ItemExhibitList.P5Item.CostElementCategoryList.Software.Recurring.CostElementList.CostElement.ManufacturerList.Manufacturer","6cb75a64ac78e9fa9e4ea55cd1e4d0dbed13a9b8-0-c5fece8234f997cb89b386d7f560ee8882856a05"
"2015","TBS","2015-07","2015-09","1","10000.000","false","C","FP","","","","","","","","","","0204da979f3fe83eede49dd470a5931a074cade4-0-6202a9dcaaf4a1da1f852e0192b82c74ca5fa9de","0204da979f3fe83eede49dd470a5931a074cade4","root.record.ItemExhibitList.P5Item.CostElementCategoryList.Software.Recurring.CostElementList.CostElement.ManufacturerList.Manufacturer","0204da979f3fe83eede49dd470a5931a074cade4-0-eb7d976c93f09e3dbf5dd3f1ee6880ef2a76ca20"
"2015","Charleston, SC","2015-04","2015-10","212","13750.00","false","C","TBD","2014-10","2014-12","","","","","","","","12fe0d50cb9d3c84e0164209926a72357d42b4ad-0-1133d98fd78d8e4179956218d4edf176a6a0cd98","12fe0d50cb9d3c84e0164209926a72357d42b4ad","root.record.ItemExhibitList.P5Item.CostElementCategoryList.Software.Recurring.CostElementList.CostElement.ManufacturerList.Manufacturer","12fe0d50cb9d3c84e0164209926a72357d42b4ad-0-59d7ab9034bca95f61fc73945bda9be5d28e9c13"
"2015","Charleston, SC","2014-12","2015-06","8","13750.00","false","C","TBD","2014-10","2014-12","","","","","","","","12fe0d50cb9d3c84e0164209926a72357d42b4ad-0-faa0a17b5423c30b038682461450373a84dd168a","12fe0d50cb9d3c84e0164209926a72357d42b4ad","root.record.ItemExhibitList.P5Item.CostElementCategoryList.Software.Recurring.CostElementList.CostElement.ManufacturerList.Manufacturer","12fe0d50cb9d3c84e0164209926a72357d42b4ad-0-d86294939d1e54b0318170c1d3d16fcb5ad12cab"
"2015","Washington, DC","2015-02","2015-02","5","8000.00","true","C","TBD","","","","","","","","","","12fe0d50cb9d3c84e0164209926a72357d42b4ad-0-7c5689e08252bc2af7905f1fc654c6828fe3126f","12fe0d50cb9d3c84e0164209926a72357d42b4ad","root.record.ItemExhibitList.P5Item.CostElementCategoryList.Software.Recurring.CostElementList.CostElement.ManufacturerList.Manufacturer","12fe0d50cb9d3c84e0164209926a72357d42b4ad-0-dacbd3d5e38fa9e4b80003d8afc9efb51475b04e"
"2013","Navy / Army","2013-01","2013-05","1","0.258","false","","","","","IA","","","","","","","2818b05efa63a58bd4192239e2840184ddd37fdc-0-e190ab3228fe0f489ce3e3d3d4c5432b79a22ad5","2818b05efa63a58bd4192239e2840184ddd37fdc","root.record.ItemExhibitList.P5Item.CostElementCategoryList.Software.Recurring.CostElementList.CostElement.ManufacturerList.Manufacturer","2818b05efa63a58bd4192239e2840184ddd37fdc-0-d733bed666b272076028e35ad5103abd56528711"
"2013","TBS","2013-02","2013-06","1","568.000","false","","","","","MIPR","","","","","","","3db90f5a9d74a859d0737c60f14fdb161ea5f5cc-0-d18902a74d9e15e1b9035e0c1566bc67595bc49b","3db90f5a9d74a859d0737c60f14fdb161ea5f5cc","root.record.ItemExhibitList.P5Item.CostElementCategoryList.Software.Recurring.CostElementList.CostElement.ManufacturerList.Manufacturer","3db90f5a9d74a859d0737c60f14fdb161ea5f5cc-0-d5753568fcb972eb8ba7dc141126f6e09d12bde8"
"2013","TBS","2012-01","2012-02","1","17086.000","false","C","FP","","","","","","","","","","3db90f5a9d74a859d0737c60f14fdb161ea5f5cc-0-a8ca2f772fa5819e725bf8d5ad1a3461a6cf6053","3db90f5a9d74a859d0737c60f14fdb161ea5f5cc","root.record.ItemExhibitList.P5Item.CostElementCategoryList.Software.Recurring.CostElementList.CostElement.ManufacturerList.Manufacturer","3db90f5a9d74a859d0737c60f14fdb161ea5f5cc-0-54c9bb91d8a29b648e1e82b528e430e32e817adc"
"2011","MICC, Ft. Eutis, VA","2011-09","2011-11","1","35.000","false","C","FP","","","","","","","","","","3db90f5a9d74a859d0737c60f14fdb161ea5f5cc-0-c79116fa667f6b6dd87a4f063ed710fa9a7c2928","3db90f5a9d74a859d0737c60f14fdb161ea5f5cc","root.record.ItemExhibitList.P5Item.CostElementCategoryList.Software.Recurring.CostElementList.CostElement.ManufacturerList.Manufacturer","3db90f5a9d74a859d0737c60f14fdb161ea5f5cc-0-c9572c5c573d07554beabcecc12c4e156402d42d"
"2012","TBS","2012-06","2012-09","1","31.000","false","C","FP","","","","","","","","","","3db90f5a9d74a859d0737c60f14fdb161ea5f5cc-0-6aa4968cdd5f7e550f48de9c7486e56f87ce5980","3db90f5a9d74a859d0737c60f14fdb161ea5f5cc","root.record.ItemExhibitList.P5Item.CostElementCategoryList.Software.Recurring.CostElementList.CostElement.ManufacturerList.Manufacturer","3db90f5a9d74a859d0737c60f14fdb161ea5f5cc-1-f8eec56227955e3ed8d3b8e925ea890d7cd17776"
"2013","TBS","2013-02","2013-03","1","36.000","false","C","FP","","","","","","","","","","3db90f5a9d74a859d0737c60f14fdb161ea5f5cc-1-b06c1922b3c758ebd28811b3679e575d4d5d6827","3db90f5a9d74a859d0737c60f14fdb161ea5f5cc","root.record.ItemExhibitList.P5Item.CostElementCategoryList.Software.Recurring.CostElementList.CostElement.ManufacturerList.Manufacturer","3db90f5a9d74a859d0737c60f14fdb161ea5f5cc-1-f8eec56227955e3ed8d3b8e925ea890d7cd17776"
"2011","DISA","2011-11","2012-01","1","4.929","false","C","FP","","","","","","","","","","4456edaab08717e3ff1369eead6ea930b09f4515-0-abc5292daafe93f28b4b7920d0c37d4acf7726fd","4456edaab08717e3ff1369eead6ea930b09f4515","root.record.ItemExhibitList.P5Item.CostElementCategoryList.Software.Recurring.CostElementList.CostElement.ManufacturerList.Manufacturer","4456edaab08717e3ff1369eead6ea930b09f4515-0-692b2badce3c5be4d2aa83c014519f985a64092e"
"2012","DISA","2012-03","2012-05","1","4.308","false","C","FP","","","","","","","","","","4456edaab08717e3ff1369eead6ea930b09f4515-1-3e69f769610b7076394ae3b70b9990d2eba969f7","4456edaab08717e3ff1369eead6ea930b09f4515","root.record.ItemExhibitList.P5Item.CostElementCategoryList.Software.Recurring.CostElementList.CostElement.ManufacturerList.Manufacturer","4456edaab08717e3ff1369eead6ea930b09f4515-0-692b2badce3c5be4d2aa83c014519f985a64092e"
"2011","TBD","2012-06","2012-09","12","0.084","false","C","FP","","","","","","","","","true","4456edaab08717e3ff1369eead6ea930b09f4515-0-d9e04ccd2be409ba34bfbcc6da834ac81a35a884","4456edaab08717e3ff1369eead6ea930b09f4515","root.record.ItemExhibitList.P5Item.CostElementCategoryList.Software.Recurring.CostElementList.CostElement.ManufacturerList.Manufacturer","4456edaab08717e3ff1369eead6ea930b09f4515-0-5583be740ba6c203e8444f02b76aa7466685382c"
"2012","DISA","2012-03","2012-05","1","0.157","true","","","","","MIPR","","","","","","","8283ccf319639587bd900aeb33e83df5aa15024f-0-46a7640bbdbfcea92783d470df623dc4b8db56bb","8283ccf319639587bd900aeb33e83df5aa15024f","root.record.ItemExhibitList.P5Item.CostElementCategoryList.Software.Recurring.CostElementList.CostElement.ManufacturerList.Manufacturer","8283ccf319639587bd900aeb33e83df5aa15024f-0-cc09d611f11a7899caa1f1c16f47387b58c12633"
"2011","DISA","2011-03","2011-05","1","0.851","true","","","","","MIPR","","","","","","","8283ccf319639587bd900aeb33e83df5aa15024f-1-b976cbbf75c2d6af34859506eddbe3ead039660b","8283ccf319639587bd900aeb33e83df5aa15024f","root.record.ItemExhibitList.P5Item.CostElementCategoryList.Software.Recurring.CostElementList.CostElement.ManufacturerList.Manufacturer","8283ccf319639587bd900aeb33e83df5aa15024f-0-cc09d611f11a7899caa1f1c16f47387b58c12633"
"2012","DISA","2012-02","2012-04","1","0.045","true","","","","","MIPR","","","","","","","8283ccf319639587bd900aeb33e83df5aa15024f-0-11c19e21097d0a941fdc56ad54ca1fecb399c3cd","8283ccf319639587bd900aeb33e83df5aa15024f","root.record.ItemExhibitList.P5Item.CostElementCategoryList.Software.Recurring.CostElementList.CostElement.ManufacturerList.Manufacturer","8283ccf319639587bd900aeb33e83df5aa15024f-0-5dc30fd4f1f447c66c515fa2ebed36e3b5f592c8"
"2011","DISA","2011-02","2011-04","1","0.050","true","","","","","MIPR","","","","","","","8283ccf319639587bd900aeb33e83df5aa15024f-1-c6ef9b958ca880d3b6f30978e3fe32738c1253cb","8283ccf319639587bd900aeb33e83df5aa15024f","root.record.ItemExhibitList.P5Item.CostElementCategoryList.Software.Recurring.CostElementList.CostElement.ManufacturerList.Manufacturer","8283ccf319639587bd900aeb33e83df5aa15024f-0-5dc30fd4f1f447c66c515fa2ebed36e3b5f592c8"
"2013","DISA","2013-02","2013-04","1","0.054","true","","","","","MIPR","","","","","","","8283ccf319639587bd900aeb33e83df5aa15024f-0-ae8fb7c760396fdd318542455d157bb076663d44","8283ccf319639587bd900aeb33e83df5aa15024f","root.record.ItemExhibitList.P5Item.CostElementCategoryList.Software.Recurring.CostElementList.CostElement.ManufacturerList.Manufacturer","8283ccf319639587bd900aeb33e83df5aa15024f-1-2a62f8103676a8695841221cfecd4782cd603e96"
"2011","DISA","2011-09","2011-09","1","0.260","true","","","","","MIPR","","","","","","","8283ccf319639587bd900aeb33e83df5aa15024f-0-c7e535ad71f55c11ab834d73353ee73955c101bd","8283ccf319639587bd900aeb33e83df5aa15024f","root.record.ItemExhibitList.P5Item.CostElementCategoryList.Software.Recurring.CostElementList.CostElement.ManufacturerList.Manufacturer","8283ccf319639587bd900aeb33e83df5aa15024f-0-a1730852babb24fdf616a3f87fc5c4807ca49bee"
"2012","DISA","2012-09","2012-09","1","0.150","true","","","","","MIPR","","","","","","","8283ccf319639587bd900aeb33e83df5aa15024f-1-8b22e3b8eed47ca3eb44150ad585248c4e9516d0","8283ccf319639587bd900aeb33e83df5aa15024f","root.record.ItemExhibitList.P5Item.CostElementCategoryList.Software.Recurring.CostElementList.CostElement.ManufacturerList.Manufacturer","8283ccf319639587bd900aeb33e83df5aa15024f-0-a1730852babb24fdf616a3f87fc5c4807ca49bee"
"2012","DISA","2012-06","2012-08","1","1.066","true","","","","","MIPR","","","","","","","8283ccf319639587bd900aeb33e83df5aa15024f-0-d6268e299a73595085ab2dd1a1f758deeed55d7b","8283ccf319639587bd900aeb33e83df5aa15024f","root.record.ItemExhibitList.P5Item.CostElementCategoryList.Software.Recurring.CostElementList.CostElement.ManufacturerList.Manufacturer","8283ccf319639587bd900aeb33e83df5aa15024f-0-3986038c39b9d2acc0d3948ebaf81d9d7d9439c7"
"2011","DISA","2011-06","2011-08","1","0.654","true","","","","","MIPR","","","","","","","8283ccf319639587bd900aeb33e83df5aa15024f-1-77e465f82fbab9145b2ec81a7738a1e7696d2b37","8283ccf319639587bd900aeb33e83df5aa15024f","root.record.ItemExhibitList.P5Item.CostElementCategoryList.Software.Recurring.CostElementList.CostElement.ManufacturerList.Manufacturer","8283ccf319639587bd900aeb33e83df5aa15024f-0-3986038c39b9d2acc0d3948ebaf81d9d7d9439c7"
"2013","DISA","2013-06","2013-08","1","0.899","true","","","","","MIPR","","","","","","","8283ccf319639587bd900aeb33e83df5aa15024f-0-2a747bdbb24850398791c0df355b2bcbfd5bf930","8283ccf319639587bd900aeb33e83df5aa15024f","root.record.ItemExhibitList.P5Item.CostElementCategoryList.Software.Recurring.CostElementList.CostElement.ManufacturerList.Manufacturer","8283ccf319639587bd900aeb33e83df5aa15024f-1-b88840bfb5a621769083b6f52384a4e7db4789b2"
"2013","DISA","2013-03","2013-06","1","0.509","true","","","","","MIPR","","","","","","","8283ccf319639587bd900aeb33e83df5aa15024f-0-2f00bc8cf544cfbf05f8912cb01107ad23f2bc6e","8283ccf319639587bd900aeb33e83df5aa15024f","root.record.ItemExhibitList.P5Item.CostElementCategoryList.Software.Recurring.CostElementList.CostElement.ManufacturerList.Manufacturer","8283ccf319639587bd900aeb33e83df5aa15024f-0-907ffb336481a3adb162257f7f4038945c148b9c"
"2010","SPAWARSYSCOM, San Diego, CA","2010-10","2010-12","4000","200.00","true","C","CPAF","2010-08","2010-10","","Chemical and Biological Defense Program","4000","root.record.ItemExhibitList.P5Item.CostElementCategoryList.Software.Recurring.CostElementList.CostElement.ManufacturerList.Manufacturer.HistoryPlanningList.HistoryPlanning.MonthlyDeliveryScheduleList.MonthlyDeliverySchedule.MonthlyDeliveryList-a62aed55d639024b216a9c1e21867513b5b72fa9-0-6d8ae4a25aade1a979b7742237fe6505d4ad5885","0","root.record.ItemExhibitList.P5Item.CostElementCategoryList.Software.Recurring.CostElementList.CostElement.ManufacturerList.Manufacturer.HistoryPlanningList.HistoryPlanning.MonthlyDeliveryScheduleList.MonthlyDeliverySchedule.ComponentMonthlyDeliveryScheduleList-a62aed55d639024b216a9c1e21867513b5b72fa9-0-e53e2dbe6c5cf77638fd1612521f1b07990c1fcd","","a62aed55d639024b216a9c1e21867513b5b72fa9-0-67a8778547184884e14ec69dcd14f38d704a3c8a","a62aed55d639024b216a9c1e21867513b5b72fa9","root.record.ItemExhibitList.P5Item.CostElementCategoryList.Software.Recurring.CostElementList.CostElement.ManufacturerList.Manufacturer","a62aed55d639024b216a9c1e21867513b5b72fa9-0-7d1dc4b4a71f46f7b4b3919105b43a9ac8e987fd"
"2011","SPAWARSYSCOM, San Diego, CA","2011-07","2011-09","4000","195.00","true","C","CPAF","2010-03","","","Chemical and Biological Defense Program","4000","root.record.ItemExhibitList.P5Item.CostElementCategoryList.Software.Recurring.CostElementList.CostElement.ManufacturerList.Manufacturer.HistoryPlanningList.HistoryPlanning.MonthlyDeliveryScheduleList.MonthlyDeliverySchedule.MonthlyDeliveryList-a62aed55d639024b216a9c1e21867513b5b72fa9-1-6056be4741e3c4752e5eed2d86db5fe8ff81ae22","0","root.record.ItemExhibitList.P5Item.CostElementCategoryList.Software.Recurring.CostElementList.CostElement.ManufacturerList.Manufacturer.HistoryPlanningList.HistoryPlanning.MonthlyDeliveryScheduleList.MonthlyDeliverySchedule.ComponentMonthlyDeliveryScheduleList-a62aed55d639024b216a9c1e21867513b5b72fa9-1-79bf70f01987fdb973763e617ee3f23f39557f68","","a62aed55d639024b216a9c1e21867513b5b72fa9-1-2fae10de7c579d65a948418d3b7d1bf58c2f87e5","a62aed55d639024b216a9c1e21867513b5b72fa9","root.record.ItemExhibitList.P5Item.CostElementCategoryList.Software.Recurring.CostElementList.CostElement.ManufacturerList.Manufacturer","a62aed55d639024b216a9c1e21867513b5b72fa9-0-7d1dc4b4a71f46f7b4b3919105b43a9ac8e987fd"
"2012","SPAWARSYSCOM, San Diego, CA","2012-03","2012-05","5000","173.00","true","C","CPAF","2011-08","","","Chemical and Biological Defense Program","5000","root.record.ItemExhibitList.P5Item.CostElementCategoryList.Software.Recurring.CostElementList.CostElement.ManufacturerList.Manufacturer.HistoryPlanningList.HistoryPlanning.MonthlyDeliveryScheduleList.MonthlyDeliverySchedule.MonthlyDeliveryList-a62aed55d639024b216a9c1e21867513b5b72fa9-2-b4e2e40ea3bd0d3854b499d0ea22e74f86338c40","0","root.record.ItemExhibitList.P5Item.CostElementCategoryList.Software.Recurring.CostElementList.CostElement.ManufacturerList.Manufacturer.HistoryPlanningList.HistoryPlanning.MonthlyDeliveryScheduleList.MonthlyDeliverySchedule.ComponentMonthlyDeliveryScheduleList-a62aed55d639024b216a9c1e21867513b5b72fa9-2-3f38bba1020dab6dd70cd080ded963176a2ac4f0","","a62aed55d639024b216a9c1e21867513b5b72fa9-2-5d9b3918bca0187dff72e614e677a4c724628fb4","a62aed55d639024b216a9c1e21867513b5b72fa9","root.record.ItemExhibitList.P5Item.CostElementCategoryList.Software.Recurring.CostElementList.CostElement.ManufacturerList.Manufacturer","a62aed55d639024b216a9c1e21867513b5b72fa9-0-7d1dc4b4a71f46f7b4b3919105b43a9ac8e987fd"
"2013","SPAWARSYSCOM, San Diego, CA","2013-01","2013-03","5000","125.00","true","C","CPAF","2012-01","","","Chemical and Biological Defense Program","5000","root.record.ItemExhibitList.P5Item.CostElementCategoryList.Software.Recurring.CostElementList.CostElement.ManufacturerList.Manufacturer.HistoryPlanningList.HistoryPlanning.MonthlyDeliveryScheduleList.MonthlyDeliverySchedule.MonthlyDeliveryList-a62aed55d639024b216a9c1e21867513b5b72fa9-3-0d99f1a287be7c8672c8020ced30a38edfa5a4d8","0","root.record.ItemExhibitList.P5Item.CostElementCategoryList.Software.Recurring.CostElementList.CostElement.ManufacturerList.Manufacturer.HistoryPlanningList.HistoryPlanning.MonthlyDeliveryScheduleList.MonthlyDeliverySchedule.ComponentMonthlyDeliveryScheduleList-a62aed55d639024b216a9c1e21867513b5b72fa9-3-127fe687c3d695e3abcaa427038b36f6cf377c09","","a62aed55d639024b216a9c1e21867513b5b72fa9-3-326796328a4802db0c16e2408fd5e419035ca411","a62aed55d639024b216a9c1e21867513b5b72fa9","root.record.ItemExhibitList.P5Item.CostElementCategoryList.Software.Recurring.CostElementList.CostElement.ManufacturerList.Manufacturer","a62aed55d639024b216a9c1e21867513b5b72fa9-0-7d1dc4b4a71f46f7b4b3919105b43a9ac8e987fd"
"2010","SPAWARSYSCOM, San Diego, CA","2010-01","2010-03","6964","173.00","true","C","CPAF","2009-06","2009-08","","Chemical and Biological Defense Program","6964","root.record.ItemExhibitList.P5Item.CostElementCategoryList.Software.Recurring.CostElementList.CostElement.ManufacturerList.Manufacturer.HistoryPlanningList.HistoryPlanning.MonthlyDeliveryScheduleList.MonthlyDeliverySchedule.MonthlyDeliveryList-a62aed55d639024b216a9c1e21867513b5b72fa9-0-d7b65ed1715ccc0babf4f5ed500047d38f119054","5059","root.record.ItemExhibitList.P5Item.CostElementCategoryList.Software.Recurring.CostElementList.CostElement.ManufacturerList.Manufacturer.HistoryPlanningList.HistoryPlanning.MonthlyDeliveryScheduleList.MonthlyDeliverySchedule.ComponentMonthlyDeliveryScheduleList-a62aed55d639024b216a9c1e21867513b5b72fa9-0-d6f15e05716f4f8f28c2574c6d9675355f08762b","","a62aed55d639024b216a9c1e21867513b5b72fa9-0-31ec2b92307406e8c62518991edfdaefd41adc54","a62aed55d639024b216a9c1e21867513b5b72fa9","root.record.ItemExhibitList.P5Item.CostElementCategoryList.Software.Recurring.CostElementList.CostElement.ManufacturerList.Manufacturer","a62aed55d639024b216a9c1e21867513b5b72fa9-0-ee13bba3a198278b8a0a303452aade1aaea1af13"
"2011","SPAWARSYSCOM, San Diego, CA","2011-01","2011-03","6964","171.00","true","C","CPAF","2010-06","2010-08","","Chemical and Biological Defense Program","6964","root.record.ItemExhibitList.P5Item.CostElementCategoryList.Software.Recurring.CostElementList.CostElement.ManufacturerList.Manufacturer.HistoryPlanningList.HistoryPlanning.MonthlyDeliveryScheduleList.MonthlyDeliverySchedule.MonthlyDeliveryList-a62aed55d639024b216a9c1e21867513b5b72fa9-1-ae604e0625c7c2b0a810e77b3a0746492dc080dd","0","root.record.ItemExhibitList.P5Item.CostElementCategoryList.Software.Recurring.CostElementList.CostElement.ManufacturerList.Manufacturer.HistoryPlanningList.HistoryPlanning.MonthlyDeliveryScheduleList.MonthlyDeliverySchedule.ComponentMonthlyDeliveryScheduleList-a62aed55d639024b216a9c1e21867513b5b72fa9-1-040f40f93a56e00c477432bde444772620de3e8f","","a62aed55d639024b216a9c1e21867513b5b72fa9-1-c3c4d8c752452ee974863a98320bc9c1184f40af","a62aed55d639024b216a9c1e21867513b5b72fa9","root.record.ItemExhibitList.P5Item.CostElementCategoryList.Software.Recurring.CostElementList.CostElement.ManufacturerList.Manufacturer","a62aed55d639024b216a9c1e21867513b5b72fa9-0-ee13bba3a198278b8a0a303452aade1aaea1af13"
"2011","Embassy Brussels","2011-04","2011-08","1","0.012","true","SS","Various","","","","","","","","","","ddd6270bf06ddfbc15d5908ddc03174192eda212-0-c8741b89ac8a9d941d4ebdc9c4e2951a05eac344","ddd6270bf06ddfbc15d5908ddc03174192eda212","root.record.ItemExhibitList.P5Item.CostElementCategoryList.Software.Recurring.CostElementList.CostElement.ManufacturerList.Manufacturer","ddd6270bf06ddfbc15d5908ddc03174192eda212-0-ffce90743458c13f3c56aa13c8a181407738d815"
"2012","Brussels Embssy","2012-04","2012-08","1","0.012","true","SS","Various","","","","","","","","","","ddd6270bf06ddfbc15d5908ddc03174192eda212-1-c3d6e98309e72c632d4d06a0be71e3d60ddfcafe","ddd6270bf06ddfbc15d5908ddc03174192eda212","root.record.ItemExhibitList.P5Item.CostElementCategoryList.Software.Recurring.CostElementList.CostElement.ManufacturerList.Manufacturer","ddd6270bf06ddfbc15d5908ddc03174192eda212-0-ffce90743458c13f3c56aa13c8a181407738d815"
"2013","Embassy Brussels","2013-04","2013-08","1","0.019","true","SS","Various","","","","","","","","","","ddd6270bf06ddfbc15d5908ddc03174192eda212-2-72cf9f3ea9266bebb035d38a45eae7601dfe510b","ddd6270bf06ddfbc15d5908ddc03174192eda212","root.record.ItemExhibitList.P5Item.CostElementCategoryList.Software.Recurring.CostElementList.CostElement.ManufacturerList.Manufacturer","ddd6270bf06ddfbc15d5908ddc03174192eda212-0-ffce90743458c13f3c56aa13c8a181407738d815"
