"Name_val","Location_val","InitialQuantity_AdminLeadTimeBeforeOct1InMonths_val","InitialQuantity_AdminLeadTimeAfterOct1InMonths_val","InitialQuantity_ProductionLeadTimeAfterOct1InMonths_val","InitialQuantity_TotalLeadTimeAfterOct1InMonths_val","ReorderQuantity_AdminLeadTimeBeforeOct1InMonths_val","ReorderQuantity_AdminLeadTimeAfterOct1InMonths_val","ReorderQuantity_ProductionLeadTimeAfterOct1InMonths_val","ReorderQuantity_TotalLeadTimeAfterOct1InMonths_val","HistoryPlanningList_HistoryPlanning","@ROWID","@RECORDID","@PARENT","@PARENTROWID"
"Leidos","McLean, VA","0","0","0","0","0","0","0","0","root.record.ItemExhibitList.P5Item.CostElementCategoryList.Software.NonRecurring.CostElementList.CostElement.ManufacturerList.Manufacturer.HistoryPlanningList-6f849759560e292ae5d1247b4513cdf075cd2cb5-0-44b488f880443d1bcf77539a5150ec6b83100267","6f849759560e292ae5d1247b4513cdf075cd2cb5-0-517285b129b20bf55421d554817efa3b843628ec","6f849759560e292ae5d1247b4513cdf075cd2cb5","root.record.ItemExhibitList.P5Item.CostElementCategoryList.Software.NonRecurring.CostElementList.CostElement","6f849759560e292ae5d1247b4513cdf075cd2cb5-0-b1c8ae37ed0fbf3a9aa1a7adff3585129fb873b9"
"TBS","TBS","0","0","0","0","0","0","0","0","root.record.ItemExhibitList.P5Item.CostElementCategoryList.Software.NonRecurring.CostElementList.CostElement.ManufacturerList.Manufacturer.HistoryPlanningList-6f849759560e292ae5d1247b4513cdf075cd2cb5-1-134ada0a3f0ac0d66bb82c8c630ac77d1f664379","6f849759560e292ae5d1247b4513cdf075cd2cb5-1-a8b3f9709e2fe5b1e40b769f1985b112a40d82dd","6f849759560e292ae5d1247b4513cdf075cd2cb5","root.record.ItemExhibitList.P5Item.CostElementCategoryList.Software.NonRecurring.CostElementList.CostElement","6f849759560e292ae5d1247b4513cdf075cd2cb5-0-b1c8ae37ed0fbf3a9aa1a7adff3585129fb873b9"
"Defense Engineering, Inc","Arlington, VA","0","0","0","0","0","0","0","0","root.record.ItemExhibitList.P5Item.CostElementCategoryList.Software.NonRecurring.CostElementList.CostElement.ManufacturerList.Manufacturer.HistoryPlanningList-6f849759560e292ae5d1247b4513cdf075cd2cb5-0-88d2cc208172181e60b474ec9c23ead9ae1d24fd","6f849759560e292ae5d1247b4513cdf075cd2cb5-0-b52ad5b52aee21f5c015432d40de4fe77c14f88c","6f849759560e292ae5d1247b4513cdf075cd2cb5","root.record.ItemExhibitList.P5Item.CostElementCategoryList.Software.NonRecurring.CostElementList.CostElement","6f849759560e292ae5d1247b4513cdf075cd2cb5-0-6f43e14a5da5287ba97537cfda7e30127ea0d4ad"
"TBS","TBS","0","0","0","0","0","0","0","0","root.record.ItemExhibitList.P5Item.CostElementCategoryList.Software.NonRecurring.CostElementList.CostElement.ManufacturerList.Manufacturer.HistoryPlanningList-6f849759560e292ae5d1247b4513cdf075cd2cb5-1-df62f5869493d658b888113716d97b3eccacda66","6f849759560e292ae5d1247b4513cdf075cd2cb5-1-bff21e3edf2af4392d9279ae2242c95e0c5d8c4b","6f849759560e292ae5d1247b4513cdf075cd2cb5","root.record.ItemExhibitList.P5Item.CostElementCategoryList.Software.NonRecurring.CostElementList.CostElement","6f849759560e292ae5d1247b4513cdf075cd2cb5-0-6f43e14a5da5287ba97537cfda7e30127ea0d4ad"
"Defense Engineering, Inc","Arlington, VA","0","0","0","0","0","0","0","0","root.record.ItemExhibitList.P5Item.CostElementCategoryList.Software.NonRecurring.CostElementList.CostElement.ManufacturerList.Manufacturer.HistoryPlanningList-6f849759560e292ae5d1247b4513cdf075cd2cb5-0-47aa5b05b1e555f4c41dfe13d3c11659fda97201","6f849759560e292ae5d1247b4513cdf075cd2cb5-0-6b572af7ccb9b269cd43457ae6ae1af4d126a868","6f849759560e292ae5d1247b4513cdf075cd2cb5","root.record.ItemExhibitList.P5Item.CostElementCategoryList.Software.NonRecurring.CostElementList.CostElement","6f849759560e292ae5d1247b4513cdf075cd2cb5-1-2f4e7f9a39e855a5d2813a2a588c56a5f64367b3"
"TBS","TBS","0","0","0","0","0","0","0","0","root.record.ItemExhibitList.P5Item.CostElementCategoryList.Software.NonRecurring.CostElementList.CostElement.ManufacturerList.Manufacturer.HistoryPlanningList-6f849759560e292ae5d1247b4513cdf075cd2cb5-1-504e85d6c013bd9131781ca581e6aa8c38593609","6f849759560e292ae5d1247b4513cdf075cd2cb5-1-b59a8e16f32bf560a4108c9acef5b7d1a7fccb74","6f849759560e292ae5d1247b4513cdf075cd2cb5","root.record.ItemExhibitList.P5Item.CostElementCategoryList.Software.NonRecurring.CostElementList.CostElement","6f849759560e292ae5d1247b4513cdf075cd2cb5-1-2f4e7f9a39e855a5d2813a2a588c56a5f64367b3"
"TBS","TBS","0","0","0","0","0","0","0","0","root.record.ItemExhibitList.P5Item.CostElementCategoryList.Software.NonRecurring.CostElementList.CostElement.ManufacturerList.Manufacturer.HistoryPlanningList-6f849759560e292ae5d1247b4513cdf075cd2cb5-0-eff1d742ec10eac4633ac370e72ff7baa276a456","6f849759560e292ae5d1247b4513cdf075cd2cb5-0-91863079421fc8f13ad89fd29d67500f59d68151","6f849759560e292ae5d1247b4513cdf075cd2cb5","root.record.ItemExhibitList.P5Item.CostElementCategoryList.Software.NonRecurring.CostElementList.CostElement","6f849759560e292ae5d1247b4513cdf075cd2cb5-0-e452fe3dc6f918fee7656e1df37e05cfb14e5590"
"Lintech Global, Inc.","Farmington Hills, MI","0","0","0","0","0","0","0","0","root.record.ItemExhibitList.P5Item.CostElementCategoryList.Software.NonRecurring.CostElementList.CostElement.ManufacturerList.Manufacturer.HistoryPlanningList-6f849759560e292ae5d1247b4513cdf075cd2cb5-0-067490f8566d2166d26f1b612e274eef59017788","6f849759560e292ae5d1247b4513cdf075cd2cb5-0-b364507f17826eb0090502f33cac813e48fc7c3e","6f849759560e292ae5d1247b4513cdf075cd2cb5","root.record.ItemExhibitList.P5Item.CostElementCategoryList.Software.NonRecurring.CostElementList.CostElement","6f849759560e292ae5d1247b4513cdf075cd2cb5-2-5c7ddbd7c7aeb7fa9ad80babe87e65b8f6cb0866"
"Dell Federal Systems LP","Rock Round, TX","0","0","0","0","0","0","0","0","root.record.ItemExhibitList.P5Item.CostElementCategoryList.Software.NonRecurring.CostElementList.CostElement.ManufacturerList.Manufacturer.HistoryPlanningList-6f849759560e292ae5d1247b4513cdf075cd2cb5-0-0948ed44ee760d04a2c7f9049dd9cd3fba2d3536","6f849759560e292ae5d1247b4513cdf075cd2cb5-0-188e696d6f88b8709e7724abdc6e10bfb5218d08","6f849759560e292ae5d1247b4513cdf075cd2cb5","root.record.ItemExhibitList.P5Item.CostElementCategoryList.Software.NonRecurring.CostElementList.CostElement","6f849759560e292ae5d1247b4513cdf075cd2cb5-3-eb4febf70fc89c8fdbe02b216566463fdd0767b7"
"TBS","TBS","0","0","0","0","0","0","0","0","root.record.ItemExhibitList.P5Item.CostElementCategoryList.Software.NonRecurring.CostElementList.CostElement.ManufacturerList.Manufacturer.HistoryPlanningList-6f849759560e292ae5d1247b4513cdf075cd2cb5-1-83c44e274a1e46c3bde84363f336fef0ba775e30","6f849759560e292ae5d1247b4513cdf075cd2cb5-1-82280100369f21b8431f692ab493d6a588f72257","6f849759560e292ae5d1247b4513cdf075cd2cb5","root.record.ItemExhibitList.P5Item.CostElementCategoryList.Software.NonRecurring.CostElementList.CostElement","6f849759560e292ae5d1247b4513cdf075cd2cb5-3-eb4febf70fc89c8fdbe02b216566463fdd0767b7"
"TBS","TBS","0","0","0","0","0","0","0","0","root.record.ItemExhibitList.P5Item.CostElementCategoryList.Software.NonRecurring.CostElementList.CostElement.ManufacturerList.Manufacturer.HistoryPlanningList-6f849759560e292ae5d1247b4513cdf075cd2cb5-0-13023377fdd667d2c5662b656bc5d97fd3ce670f","6f849759560e292ae5d1247b4513cdf075cd2cb5-0-bde175e1a1f99667c93b0f7877cff4d033d0c70a","6f849759560e292ae5d1247b4513cdf075cd2cb5","root.record.ItemExhibitList.P5Item.CostElementCategoryList.Software.NonRecurring.CostElementList.CostElement","6f849759560e292ae5d1247b4513cdf075cd2cb5-8-73da86def39323fd7922ec9bfb1eab687d7afce7"
"Rockwell-Collins","Richardson, TX","","","","","","","","","root.record.ItemExhibitList.P5Item.CostElementCategoryList.Software.NonRecurring.CostElementList.CostElement.ManufacturerList.Manufacturer.HistoryPlanningList-2716d37d44e85f0f34dc04267a41a58174f205ff-0-5ff453b1d2addd15b52e7d9dbd3911aa92e47275","2716d37d44e85f0f34dc04267a41a58174f205ff-0-d6cb704594310686569419862beb7db386ac6acd","2716d37d44e85f0f34dc04267a41a58174f205ff","root.record.ItemExhibitList.P5Item.CostElementCategoryList.Software.NonRecurring.CostElementList.CostElement","2716d37d44e85f0f34dc04267a41a58174f205ff-5-393c17d8dbf51a79c43d89e41ff228d709aeb467"
"SAIC Defense Solution Services","McLean, VA","0","0","0","0","0","0","0","0","root.record.ItemExhibitList.P5Item.CostElementCategoryList.Software.NonRecurring.CostElementList.CostElement.ManufacturerList.Manufacturer.HistoryPlanningList-571239ea242e1e673bae4fee7eb23020af5fa084-0-bc1ef439491c1d339547b69df3e2acf97dec6727","571239ea242e1e673bae4fee7eb23020af5fa084-0-ee8713dbb827afd946b120257d5417be56b5a924","571239ea242e1e673bae4fee7eb23020af5fa084","root.record.ItemExhibitList.P5Item.CostElementCategoryList.Software.NonRecurring.CostElementList.CostElement","571239ea242e1e673bae4fee7eb23020af5fa084-0-9937f4af93102a34896ccb9722cc19eef420208b"
"TBS","TBS","0","0","0","0","0","0","0","0","root.record.ItemExhibitList.P5Item.CostElementCategoryList.Software.NonRecurring.CostElementList.CostElement.ManufacturerList.Manufacturer.HistoryPlanningList-571239ea242e1e673bae4fee7eb23020af5fa084-1-bdd8f4634071b6c06d01f924b82e16d1c6e8a4ec","571239ea242e1e673bae4fee7eb23020af5fa084-1-950ade91a7a461018f460c82e4e7b2942cb413af","571239ea242e1e673bae4fee7eb23020af5fa084","root.record.ItemExhibitList.P5Item.CostElementCategoryList.Software.NonRecurring.CostElementList.CostElement","571239ea242e1e673bae4fee7eb23020af5fa084-0-9937f4af93102a34896ccb9722cc19eef420208b"
"TBS","TBS","0","0","0","0","0","0","0","0","root.record.ItemExhibitList.P5Item.CostElementCategoryList.Software.NonRecurring.CostElementList.CostElement.ManufacturerList.Manufacturer.HistoryPlanningList-571239ea242e1e673bae4fee7eb23020af5fa084-0-214b4eeb100f78fac6c4163419bfc8a95be8f2f4","571239ea242e1e673bae4fee7eb23020af5fa084-0-032677d34cf7fd819cf0a58bfcf78e9ba91c585f","571239ea242e1e673bae4fee7eb23020af5fa084","root.record.ItemExhibitList.P5Item.CostElementCategoryList.Software.NonRecurring.CostElementList.CostElement","571239ea242e1e673bae4fee7eb23020af5fa084-0-1fd0cb8f5be1b729438761f0d0a3dc26839e5a2b"
"Iron Bow Technologies, LLC","Chantilly, VA","0","0","0","0","0","0","0","0","root.record.ItemExhibitList.P5Item.CostElementCategoryList.Software.NonRecurring.CostElementList.CostElement.ManufacturerList.Manufacturer.HistoryPlanningList-571239ea242e1e673bae4fee7eb23020af5fa084-0-55d8a652929f116fb8a779b8f1dea04b6a66b252","571239ea242e1e673bae4fee7eb23020af5fa084-0-87517df50380f2ce241321ab4ab4bd64337b5b47","571239ea242e1e673bae4fee7eb23020af5fa084","root.record.ItemExhibitList.P5Item.CostElementCategoryList.Software.NonRecurring.CostElementList.CostElement","571239ea242e1e673bae4fee7eb23020af5fa084-1-9f89bc6787671942c2eb7ddb45c09f32f6d4797b"
"TBS","TBS","0","0","0","0","0","0","0","0","root.record.ItemExhibitList.P5Item.CostElementCategoryList.Software.NonRecurring.CostElementList.CostElement.ManufacturerList.Manufacturer.HistoryPlanningList-571239ea242e1e673bae4fee7eb23020af5fa084-1-1614ebfdc4085b837a0134cc1268fcdd644297a4","571239ea242e1e673bae4fee7eb23020af5fa084-1-8e9332ab01f6c501d6419e344f07a772b458c99f","571239ea242e1e673bae4fee7eb23020af5fa084","root.record.ItemExhibitList.P5Item.CostElementCategoryList.Software.NonRecurring.CostElementList.CostElement","571239ea242e1e673bae4fee7eb23020af5fa084-1-9f89bc6787671942c2eb7ddb45c09f32f6d4797b"
"TBS","TBS","0","0","0","0","0","0","0","0","root.record.ItemExhibitList.P5Item.CostElementCategoryList.Software.NonRecurring.CostElementList.CostElement.ManufacturerList.Manufacturer.HistoryPlanningList-571239ea242e1e673bae4fee7eb23020af5fa084-0-abffaabb41ee49b03294b7b7eecbd2cebb3e18e0","571239ea242e1e673bae4fee7eb23020af5fa084-0-00851556a993c7e297c1ae19ccaa799e11c3253c","571239ea242e1e673bae4fee7eb23020af5fa084","root.record.ItemExhibitList.P5Item.CostElementCategoryList.Software.NonRecurring.CostElementList.CostElement","571239ea242e1e673bae4fee7eb23020af5fa084-2-24b627582a922b5768969617c04dd610d0c8b015"
"TBS","TBS","0","0","0","0","0","0","0","0","root.record.ItemExhibitList.P5Item.CostElementCategoryList.Software.NonRecurring.CostElementList.CostElement.ManufacturerList.Manufacturer.HistoryPlanningList-571239ea242e1e673bae4fee7eb23020af5fa084-0-e3a715b170125f54fbbcd02c9004fde444b9753c","571239ea242e1e673bae4fee7eb23020af5fa084-0-07867cebb3a9aa13ee4e4a8c3a6cda542e782e5e","571239ea242e1e673bae4fee7eb23020af5fa084","root.record.ItemExhibitList.P5Item.CostElementCategoryList.Software.NonRecurring.CostElementList.CostElement","571239ea242e1e673bae4fee7eb23020af5fa084-0-03831724a8bde875cbcae4b844b93c78bb53a593"
"General Dynamics Info Tech","Fairfax, VA","0","0","0","0","0","0","0","0","root.record.ItemExhibitList.P5Item.CostElementCategoryList.Software.NonRecurring.CostElementList.CostElement.ManufacturerList.Manufacturer.HistoryPlanningList-571239ea242e1e673bae4fee7eb23020af5fa084-0-2fcdc572529395f825231667cec83cad4e1ad68f","571239ea242e1e673bae4fee7eb23020af5fa084-0-80fdf9b243705b7a6dd61db783ba593ad0f8d76d","571239ea242e1e673bae4fee7eb23020af5fa084","root.record.ItemExhibitList.P5Item.CostElementCategoryList.Software.NonRecurring.CostElementList.CostElement","571239ea242e1e673bae4fee7eb23020af5fa084-1-f19fa32a2ee2fe1c666757f0690e5a6da847f30d"
"TBS","TBS","0","0","0","0","0","0","0","0","root.record.ItemExhibitList.P5Item.CostElementCategoryList.Software.NonRecurring.CostElementList.CostElement.ManufacturerList.Manufacturer.HistoryPlanningList-571239ea242e1e673bae4fee7eb23020af5fa084-1-43ddfc16134d9b6156c1eed5a3e00fe6847f7d93","571239ea242e1e673bae4fee7eb23020af5fa084-1-bd0b1adf8452cca234399042b84d2f1affb57d7c","571239ea242e1e673bae4fee7eb23020af5fa084","root.record.ItemExhibitList.P5Item.CostElementCategoryList.Software.NonRecurring.CostElementList.CostElement","571239ea242e1e673bae4fee7eb23020af5fa084-1-f19fa32a2ee2fe1c666757f0690e5a6da847f30d"
"CHESS","Ft. Benning, GA","0","0","0","0","0","0","0","0","root.record.ItemExhibitList.P5Item.CostElementCategoryList.Software.NonRecurring.CostElementList.CostElement.ManufacturerList.Manufacturer.HistoryPlanningList-571239ea242e1e673bae4fee7eb23020af5fa084-0-04ba38ade4f986df20bc0006529b81302db10891","571239ea242e1e673bae4fee7eb23020af5fa084-0-3a10bc3d0b4482d1a56aee3d77a7ea975241bfee","571239ea242e1e673bae4fee7eb23020af5fa084","root.record.ItemExhibitList.P5Item.CostElementCategoryList.Software.NonRecurring.CostElementList.CostElement","571239ea242e1e673bae4fee7eb23020af5fa084-2-7f1574208c560edf8b41ad9b3737d29464501be2"
"TBS","TBS","0","0","0","0","0","0","0","0","root.record.ItemExhibitList.P5Item.CostElementCategoryList.Software.NonRecurring.CostElementList.CostElement.ManufacturerList.Manufacturer.HistoryPlanningList-571239ea242e1e673bae4fee7eb23020af5fa084-1-c7ae30e06400e3b4e3897b420c00a1ce54eb9ed4","571239ea242e1e673bae4fee7eb23020af5fa084-1-e88df7603f4a115fa660f233fff52a50d56c4812","571239ea242e1e673bae4fee7eb23020af5fa084","root.record.ItemExhibitList.P5Item.CostElementCategoryList.Software.NonRecurring.CostElementList.CostElement","571239ea242e1e673bae4fee7eb23020af5fa084-2-7f1574208c560edf8b41ad9b3737d29464501be2"
"Dell Federal Systems LP","Rock Round, TX","0","0","0","0","0","0","0","0","root.record.ItemExhibitList.P5Item.CostElementCategoryList.Software.NonRecurring.CostElementList.CostElement.ManufacturerList.Manufacturer.HistoryPlanningList-571239ea242e1e673bae4fee7eb23020af5fa084-0-cd10cf1cf712e14fde5225081b52be5d18f5d90e","571239ea242e1e673bae4fee7eb23020af5fa084-0-1ba8a0aa543524a88e12b17027598b9b9f10d09a","571239ea242e1e673bae4fee7eb23020af5fa084","root.record.ItemExhibitList.P5Item.CostElementCategoryList.Software.NonRecurring.CostElementList.CostElement","571239ea242e1e673bae4fee7eb23020af5fa084-3-72888f9a66bb0f32c18bc97c46944e247d4b671f"
"TBS","TBS","0","0","0","0","0","0","0","0","root.record.ItemExhibitList.P5Item.CostElementCategoryList.Software.NonRecurring.CostElementList.CostElement.ManufacturerList.Manufacturer.HistoryPlanningList-571239ea242e1e673bae4fee7eb23020af5fa084-1-28a622f45ad0959eff0ecc3125b985b9ff74de3a","571239ea242e1e673bae4fee7eb23020af5fa084-1-4ca5d9134f172b9219dc8c53c9c0b09b554f9ca7","571239ea242e1e673bae4fee7eb23020af5fa084","root.record.ItemExhibitList.P5Item.CostElementCategoryList.Software.NonRecurring.CostElementList.CostElement","571239ea242e1e673bae4fee7eb23020af5fa084-3-72888f9a66bb0f32c18bc97c46944e247d4b671f"
"TBS","TBS","0","0","0","0","0","0","0","0","root.record.ItemExhibitList.P5Item.CostElementCategoryList.Software.NonRecurring.CostElementList.CostElement.ManufacturerList.Manufacturer.HistoryPlanningList-571239ea242e1e673bae4fee7eb23020af5fa084-0-729663e2c9d1b6d1c40083599a49cc397cb36da0","571239ea242e1e673bae4fee7eb23020af5fa084-0-b8b5600fe31b6cedf5ee49b9c9b046ba9d5063c2","571239ea242e1e673bae4fee7eb23020af5fa084","root.record.ItemExhibitList.P5Item.CostElementCategoryList.Software.NonRecurring.CostElementList.CostElement","571239ea242e1e673bae4fee7eb23020af5fa084-4-3a41d320c21a11499f60e1e5a088c5897a622da5"
"TBS","TBS","0","0","0","0","0","0","0","0","root.record.ItemExhibitList.P5Item.CostElementCategoryList.Software.NonRecurring.CostElementList.CostElement.ManufacturerList.Manufacturer.HistoryPlanningList-571239ea242e1e673bae4fee7eb23020af5fa084-0-16f09ffb0a41ddf156cb9f48d593b7460c0d0eb1","571239ea242e1e673bae4fee7eb23020af5fa084-0-5398fbb0cea60a3b49f963fe954264809c4e200f","571239ea242e1e673bae4fee7eb23020af5fa084","root.record.ItemExhibitList.P5Item.CostElementCategoryList.Software.NonRecurring.CostElementList.CostElement","571239ea242e1e673bae4fee7eb23020af5fa084-5-2f62e062f44d6862e83f2ad2b2bed65c32377ace"
"TBS","TBS","0","0","0","0","0","0","0","0","root.record.ItemExhibitList.P5Item.CostElementCategoryList.Software.NonRecurring.CostElementList.CostElement.ManufacturerList.Manufacturer.HistoryPlanningList-571239ea242e1e673bae4fee7eb23020af5fa084-0-922afa4edafa534694a1f845708c1bdaf4ab207c","571239ea242e1e673bae4fee7eb23020af5fa084-0-d121646e8abab3b079df05b589973f4a0481c088","571239ea242e1e673bae4fee7eb23020af5fa084","root.record.ItemExhibitList.P5Item.CostElementCategoryList.Software.NonRecurring.CostElementList.CostElement","571239ea242e1e673bae4fee7eb23020af5fa084-6-4ae826aea7e092ad2802f6b698b30999d39c78b6"
"TBS","TBS","0","0","0","0","0","0","0","0","root.record.ItemExhibitList.P5Item.CostElementCategoryList.Software.NonRecurring.CostElementList.CostElement.ManufacturerList.Manufacturer.HistoryPlanningList-571239ea242e1e673bae4fee7eb23020af5fa084-0-bf8814d90e96a14cfe281cc8797e50dea18a3691","571239ea242e1e673bae4fee7eb23020af5fa084-0-dda05d64d69fa8884568a88673e1521585446ffb","571239ea242e1e673bae4fee7eb23020af5fa084","root.record.ItemExhibitList.P5Item.CostElementCategoryList.Software.NonRecurring.CostElementList.CostElement","571239ea242e1e673bae4fee7eb23020af5fa084-7-ce058b9a4f1dccfeea00132631438b0412866387"
"TBS","TBS","0","0","0","0","0","0","0","0","root.record.ItemExhibitList.P5Item.CostElementCategoryList.Software.NonRecurring.CostElementList.CostElement.ManufacturerList.Manufacturer.HistoryPlanningList-571239ea242e1e673bae4fee7eb23020af5fa084-0-0c0f0be729f88f7199c0b5842b349e8aa394c9ef","571239ea242e1e673bae4fee7eb23020af5fa084-0-a57ca4b937fdf451124a558c3f3cd7e95c65f96f","571239ea242e1e673bae4fee7eb23020af5fa084","root.record.ItemExhibitList.P5Item.CostElementCategoryList.Software.NonRecurring.CostElementList.CostElement","571239ea242e1e673bae4fee7eb23020af5fa084-0-f3b5b5edef3afbb15b309c982ee0f4911b5ca9c2"
"TBS","TBS","0","0","0","0","0","0","0","0","root.record.ItemExhibitList.P5Item.CostElementCategoryList.Software.NonRecurring.CostElementList.CostElement.ManufacturerList.Manufacturer.HistoryPlanningList-571239ea242e1e673bae4fee7eb23020af5fa084-0-3f9ac82dd63f0a2e24037d88cb1681777962d583","571239ea242e1e673bae4fee7eb23020af5fa084-0-d9774fee1da52d54cfee4c0bd44d9142de50fd63","571239ea242e1e673bae4fee7eb23020af5fa084","root.record.ItemExhibitList.P5Item.CostElementCategoryList.Software.NonRecurring.CostElementList.CostElement","571239ea242e1e673bae4fee7eb23020af5fa084-1-bfee04dce653f2eae27d6642ed7bd96f7430c9d8"
"TBS","TBS","0","0","0","0","0","0","0","0","root.record.ItemExhibitList.P5Item.CostElementCategoryList.Software.NonRecurring.CostElementList.CostElement.ManufacturerList.Manufacturer.HistoryPlanningList-a4b82838d22cfbf1da667ad790027d833a60a900-0-0be3534454f75339a1b8864776d0fa5d4d9a16e8","a4b82838d22cfbf1da667ad790027d833a60a900-0-5cc7b641ac44930d2170fc33f1dd190a0b84958c","a4b82838d22cfbf1da667ad790027d833a60a900","root.record.ItemExhibitList.P5Item.CostElementCategoryList.Software.NonRecurring.CostElementList.CostElement","a4b82838d22cfbf1da667ad790027d833a60a900-0-b64c29771a004e5ca9520559c0a2bcef8c80a5e1"
"TBS","TBS","0","0","0","0","0","0","0","0","root.record.ItemExhibitList.P5Item.CostElementCategoryList.Software.NonRecurring.CostElementList.CostElement.ManufacturerList.Manufacturer.HistoryPlanningList-a4b82838d22cfbf1da667ad790027d833a60a900-0-c2d41a9bae2ab06fc53b47c13e3f957c394db184","a4b82838d22cfbf1da667ad790027d833a60a900-0-cb340bc0bf22fbf0e66d7d9611546f0a8b8d33ac","a4b82838d22cfbf1da667ad790027d833a60a900","root.record.ItemExhibitList.P5Item.CostElementCategoryList.Software.NonRecurring.CostElementList.CostElement","a4b82838d22cfbf1da667ad790027d833a60a900-0-46ebb5699597ee15f7b533c9b87590db5b6bfe7a"
"Defense Engineering, Inc","Arlington, VA","0","0","0","0","0","0","0","0","root.record.ItemExhibitList.P5Item.CostElementCategoryList.Software.NonRecurring.CostElementList.CostElement.ManufacturerList.Manufacturer.HistoryPlanningList-a4b82838d22cfbf1da667ad790027d833a60a900-0-ab13173f1d223b8782945a9a5ae807fe86fc7986","a4b82838d22cfbf1da667ad790027d833a60a900-0-aa9c696579ef2d629bb39d2415af002cdd3d417e","a4b82838d22cfbf1da667ad790027d833a60a900","root.record.ItemExhibitList.P5Item.CostElementCategoryList.Software.NonRecurring.CostElementList.CostElement","a4b82838d22cfbf1da667ad790027d833a60a900-1-8d1c5f27424d48f54cea6e38e53dd9f1fae8e6c2"
"TBS","TBS","0","0","0","0","0","0","0","0","root.record.ItemExhibitList.P5Item.CostElementCategoryList.Software.NonRecurring.CostElementList.CostElement.ManufacturerList.Manufacturer.HistoryPlanningList-a4b82838d22cfbf1da667ad790027d833a60a900-1-066c3dc942555cb4513973bb259858a4c7c708ac","a4b82838d22cfbf1da667ad790027d833a60a900-1-9e48ffe6d7a63ce5f86f836322c37593c456c3eb","a4b82838d22cfbf1da667ad790027d833a60a900","root.record.ItemExhibitList.P5Item.CostElementCategoryList.Software.NonRecurring.CostElementList.CostElement","a4b82838d22cfbf1da667ad790027d833a60a900-1-8d1c5f27424d48f54cea6e38e53dd9f1fae8e6c2"
"TBS","TBS","0","0","0","0","0","0","0","0","root.record.ItemExhibitList.P5Item.CostElementCategoryList.Software.NonRecurring.CostElementList.CostElement.ManufacturerList.Manufacturer.HistoryPlanningList-a4b82838d22cfbf1da667ad790027d833a60a900-0-cf1dd2fd90e761f660c26a81308b1faa6483e570","a4b82838d22cfbf1da667ad790027d833a60a900-0-8ab06b42f7bc22ddd25ffaaa837af658fda77f6d","a4b82838d22cfbf1da667ad790027d833a60a900","root.record.ItemExhibitList.P5Item.CostElementCategoryList.Software.NonRecurring.CostElementList.CostElement","a4b82838d22cfbf1da667ad790027d833a60a900-2-b61001e97a9429a32534edb93d8123f9c38924bb"
"Dell","Columbus, OH","0","0","0","0","0","0","0","0","root.record.ItemExhibitList.P5Item.CostElementCategoryList.Software.NonRecurring.CostElementList.CostElement.ManufacturerList.Manufacturer.HistoryPlanningList-a4b82838d22cfbf1da667ad790027d833a60a900-0-7b2089678212a8d140d4439039dba94a0e99fbba","a4b82838d22cfbf1da667ad790027d833a60a900-0-04f7c3eb1bfaaed9534dd77f83bafe4586e5380c","a4b82838d22cfbf1da667ad790027d833a60a900","root.record.ItemExhibitList.P5Item.CostElementCategoryList.Software.NonRecurring.CostElementList.CostElement","a4b82838d22cfbf1da667ad790027d833a60a900-0-d19e2dc2ed7a0123263c030f00294da507839646"
"TBS","TBS","0","0","0","0","0","0","0","0","root.record.ItemExhibitList.P5Item.CostElementCategoryList.Software.NonRecurring.CostElementList.CostElement.ManufacturerList.Manufacturer.HistoryPlanningList-a4b82838d22cfbf1da667ad790027d833a60a900-0-28efe0544372bbeb3bd51e5bf0112a800b51e4b5","a4b82838d22cfbf1da667ad790027d833a60a900-0-fcbad1301438e9783d5cf6b2366a2ef3c1ef23a8","a4b82838d22cfbf1da667ad790027d833a60a900","root.record.ItemExhibitList.P5Item.CostElementCategoryList.Software.NonRecurring.CostElementList.CostElement","a4b82838d22cfbf1da667ad790027d833a60a900-2-57e26280d655314b1b739e9efdacc2db9e249164"
"TBS","TBS","0","0","0","0","0","0","0","0","root.record.ItemExhibitList.P5Item.CostElementCategoryList.Software.NonRecurring.CostElementList.CostElement.ManufacturerList.Manufacturer.HistoryPlanningList-a4b82838d22cfbf1da667ad790027d833a60a900-0-3d0136108c14872e140147998d25d1816b2e7605","a4b82838d22cfbf1da667ad790027d833a60a900-0-61125edd30b4d5f1447388d890e84b522c211078","a4b82838d22cfbf1da667ad790027d833a60a900","root.record.ItemExhibitList.P5Item.CostElementCategoryList.Software.NonRecurring.CostElementList.CostElement","a4b82838d22cfbf1da667ad790027d833a60a900-5-c19b762796173639f9f08b3fa4d2bacf6504d908"
"TBS","TBS","0","0","0","0","0","0","0","0","root.record.ItemExhibitList.P5Item.CostElementCategoryList.Software.NonRecurring.CostElementList.CostElement.ManufacturerList.Manufacturer.HistoryPlanningList-a4b82838d22cfbf1da667ad790027d833a60a900-0-7dced6cd41cef0db76b27f72a106686d46c300a8","a4b82838d22cfbf1da667ad790027d833a60a900-0-1c2086ddae2428ac72495904f9cecfb58cab554f","a4b82838d22cfbf1da667ad790027d833a60a900","root.record.ItemExhibitList.P5Item.CostElementCategoryList.Software.NonRecurring.CostElementList.CostElement","a4b82838d22cfbf1da667ad790027d833a60a900-6-c7b236b4acf3ce1aeb6bd97d101f23fd7b218bf1"
"TBS","TBS","0","0","0","0","0","0","0","0","root.record.ItemExhibitList.P5Item.CostElementCategoryList.Software.NonRecurring.CostElementList.CostElement.ManufacturerList.Manufacturer.HistoryPlanningList-a4b82838d22cfbf1da667ad790027d833a60a900-0-45bd68a84b5bf0a7e634479b77c72e99907d95f0","a4b82838d22cfbf1da667ad790027d833a60a900-0-cdaa1b37488036db91e9811eef544d4290000389","a4b82838d22cfbf1da667ad790027d833a60a900","root.record.ItemExhibitList.P5Item.CostElementCategoryList.Software.NonRecurring.CostElementList.CostElement","a4b82838d22cfbf1da667ad790027d833a60a900-0-0acc2bc3fe3a40b1051a098d34828c35ab8fbf7c"
"Accenture Federal Services LLC","Arlington, VA","0","0","0","0","0","0","0","0","root.record.ItemExhibitList.P5Item.CostElementCategoryList.Software.NonRecurring.CostElementList.CostElement.ManufacturerList.Manufacturer.HistoryPlanningList-a4b82838d22cfbf1da667ad790027d833a60a900-0-6e2995413d6abc8fe69ad6e8cb1b44b69665355e","a4b82838d22cfbf1da667ad790027d833a60a900-0-b8d87f163e539151eb23e9857abe229ff5910916","a4b82838d22cfbf1da667ad790027d833a60a900","root.record.ItemExhibitList.P5Item.CostElementCategoryList.Software.NonRecurring.CostElementList.CostElement","a4b82838d22cfbf1da667ad790027d833a60a900-1-ba44e30e85a992aef4f182a60ac0256945ca5ce9"
"Army","Wash DC","","","","","","","","","root.record.ItemExhibitList.P5Item.CostElementCategoryList.Software.NonRecurring.CostElementList.CostElement.ManufacturerList.Manufacturer.HistoryPlanningList-32b5db15db622ad4c5ac79f29e508fc93894e133-0-76f9b154c14c6738edbe44ab3e924d0ea5cc9563","32b5db15db622ad4c5ac79f29e508fc93894e133-0-fd0588e2d752980436b499e2ee7636ae88943a42","32b5db15db622ad4c5ac79f29e508fc93894e133","root.record.ItemExhibitList.P5Item.CostElementCategoryList.Software.NonRecurring.CostElementList.CostElement","32b5db15db622ad4c5ac79f29e508fc93894e133-0-64d614f555e520fd16b6e30fc221edf566f55497"
"Army","Wash DC","","","","","","","","","root.record.ItemExhibitList.P5Item.CostElementCategoryList.Software.NonRecurring.CostElementList.CostElement.ManufacturerList.Manufacturer.HistoryPlanningList-32b5db15db622ad4c5ac79f29e508fc93894e133-0-7c3a65764cacee8f702ac3b107e0273c8ec13646","32b5db15db622ad4c5ac79f29e508fc93894e133-0-f3908245f21cc3bf264ef1e39ed582a57c795f9c","32b5db15db622ad4c5ac79f29e508fc93894e133","root.record.ItemExhibitList.P5Item.CostElementCategoryList.Software.NonRecurring.CostElementList.CostElement","32b5db15db622ad4c5ac79f29e508fc93894e133-1-6172612204d165a0092f237607f21f4c70ad4a06"
"Army","Wash DC","","","","","","","","","root.record.ItemExhibitList.P5Item.CostElementCategoryList.Software.NonRecurring.CostElementList.CostElement.ManufacturerList.Manufacturer.HistoryPlanningList-6cb75a64ac78e9fa9e4ea55cd1e4d0dbed13a9b8-0-c201c978367d975df716344ed279ce44f81b6ce5","6cb75a64ac78e9fa9e4ea55cd1e4d0dbed13a9b8-0-9974d0533ae3e40e1a143ef5f76dc13247479037","6cb75a64ac78e9fa9e4ea55cd1e4d0dbed13a9b8","root.record.ItemExhibitList.P5Item.CostElementCategoryList.Software.NonRecurring.CostElementList.CostElement","6cb75a64ac78e9fa9e4ea55cd1e4d0dbed13a9b8-0-e1575c5ca2af635a4035e240a10f8bfec0d4cb08"
"Army","Wash DC","","","","","","","","","root.record.ItemExhibitList.P5Item.CostElementCategoryList.Software.NonRecurring.CostElementList.CostElement.ManufacturerList.Manufacturer.HistoryPlanningList-6cb75a64ac78e9fa9e4ea55cd1e4d0dbed13a9b8-0-0bfc25392b4994e5b03896c99cbb63018aa13fc1","6cb75a64ac78e9fa9e4ea55cd1e4d0dbed13a9b8-0-a5df94314e6d04662c73c03af8aadc4a47867df6","6cb75a64ac78e9fa9e4ea55cd1e4d0dbed13a9b8","root.record.ItemExhibitList.P5Item.CostElementCategoryList.Software.NonRecurring.CostElementList.CostElement","6cb75a64ac78e9fa9e4ea55cd1e4d0dbed13a9b8-1-45ce95e3a58412b8382276c7461ec31d7529e133"
"Wyle Laboratories","Huntsville, AL","0","0","0","0","0","0","0","0","root.record.ItemExhibitList.P5Item.CostElementCategoryList.Software.NonRecurring.CostElementList.CostElement.ManufacturerList.Manufacturer.HistoryPlanningList-0204da979f3fe83eede49dd470a5931a074cade4-0-286995d2fed711ab3af75e509483d8865c8e8c37","0204da979f3fe83eede49dd470a5931a074cade4-0-f626557bab61c7151768536c561cebeba2105e21","0204da979f3fe83eede49dd470a5931a074cade4","root.record.ItemExhibitList.P5Item.CostElementCategoryList.Software.NonRecurring.CostElementList.CostElement","0204da979f3fe83eede49dd470a5931a074cade4-0-a568a783a7c98b65491293743d0844a3cce9ce36"
"Leidos","McLean, VA","0","0","0","0","0","0","0","0","root.record.ItemExhibitList.P5Item.CostElementCategoryList.Software.NonRecurring.CostElementList.CostElement.ManufacturerList.Manufacturer.HistoryPlanningList-0204da979f3fe83eede49dd470a5931a074cade4-1-4a8e17e6f9f3091ec79be85728026c0f8f6bd72c","0204da979f3fe83eede49dd470a5931a074cade4-1-3c26cd918569296610b672f13cdea530b55092d5","0204da979f3fe83eede49dd470a5931a074cade4","root.record.ItemExhibitList.P5Item.CostElementCategoryList.Software.NonRecurring.CostElementList.CostElement","0204da979f3fe83eede49dd470a5931a074cade4-0-a568a783a7c98b65491293743d0844a3cce9ce36"
"TBS","TBS","0","0","0","0","0","0","0","0","root.record.ItemExhibitList.P5Item.CostElementCategoryList.Software.NonRecurring.CostElementList.CostElement.ManufacturerList.Manufacturer.HistoryPlanningList-0204da979f3fe83eede49dd470a5931a074cade4-2-92f8b7d66cb65b3c90a1e38869716fb803571520","0204da979f3fe83eede49dd470a5931a074cade4-2-981f3c8c37c5c155a22e2326394d8ae9c50500e9","0204da979f3fe83eede49dd470a5931a074cade4","root.record.ItemExhibitList.P5Item.CostElementCategoryList.Software.NonRecurring.CostElementList.CostElement","0204da979f3fe83eede49dd470a5931a074cade4-0-a568a783a7c98b65491293743d0844a3cce9ce36"
"Defense Engineering, Inc","Arlington, VA","0","0","0","0","0","0","0","0","root.record.ItemExhibitList.P5Item.CostElementCategoryList.Software.NonRecurring.CostElementList.CostElement.ManufacturerList.Manufacturer.HistoryPlanningList-0204da979f3fe83eede49dd470a5931a074cade4-0-b903a026a652dc185b3fe836d7be949a12a1d438","0204da979f3fe83eede49dd470a5931a074cade4-0-a5d3d429667afb34d469e518043167bcaa1868e6","0204da979f3fe83eede49dd470a5931a074cade4","root.record.ItemExhibitList.P5Item.CostElementCategoryList.Software.NonRecurring.CostElementList.CostElement","0204da979f3fe83eede49dd470a5931a074cade4-0-4f1cb2196c2fedada80440ad43f68019aa62201b"
"TBS","TBS","0","0","0","0","0","0","0","0","root.record.ItemExhibitList.P5Item.CostElementCategoryList.Software.NonRecurring.CostElementList.CostElement.ManufacturerList.Manufacturer.HistoryPlanningList-0204da979f3fe83eede49dd470a5931a074cade4-1-7d3a77492ff5bbbc07ff2b7bebb3ad15a4f2a1cf","0204da979f3fe83eede49dd470a5931a074cade4-1-21358d045b80e9913ed48b7145dc1d6c0915033a","0204da979f3fe83eede49dd470a5931a074cade4","root.record.ItemExhibitList.P5Item.CostElementCategoryList.Software.NonRecurring.CostElementList.CostElement","0204da979f3fe83eede49dd470a5931a074cade4-0-4f1cb2196c2fedada80440ad43f68019aa62201b"
"Carahsoft Tech Corp","Reston, VA","0","0","0","0","0","0","0","0","root.record.ItemExhibitList.P5Item.CostElementCategoryList.Software.NonRecurring.CostElementList.CostElement.ManufacturerList.Manufacturer.HistoryPlanningList-0204da979f3fe83eede49dd470a5931a074cade4-0-64ded53dd9654ad5b7d05b8e4d943fe1de7008d7","0204da979f3fe83eede49dd470a5931a074cade4-0-e3a9a7063ae97f1bbdb778d7e279520f69d0e05d","0204da979f3fe83eede49dd470a5931a074cade4","root.record.ItemExhibitList.P5Item.CostElementCategoryList.Software.NonRecurring.CostElementList.CostElement","0204da979f3fe83eede49dd470a5931a074cade4-1-accbb74c572b46bcc73eabe5c292cb5162e78143"
"DLT Solutions","Herndon, VA","0","0","0","0","0","0","0","0","root.record.ItemExhibitList.P5Item.CostElementCategoryList.Software.NonRecurring.CostElementList.CostElement.ManufacturerList.Manufacturer.HistoryPlanningList-0204da979f3fe83eede49dd470a5931a074cade4-1-8f8e2dadcf8982a21389d7617f34ef70caaa22ad","0204da979f3fe83eede49dd470a5931a074cade4-1-a023f2b3e48ba50295b8eebad77d4172fc748a31","0204da979f3fe83eede49dd470a5931a074cade4","root.record.ItemExhibitList.P5Item.CostElementCategoryList.Software.NonRecurring.CostElementList.CostElement","0204da979f3fe83eede49dd470a5931a074cade4-1-accbb74c572b46bcc73eabe5c292cb5162e78143"
"TBS","TBS","0","0","0","0","0","0","0","0","root.record.ItemExhibitList.P5Item.CostElementCategoryList.Software.NonRecurring.CostElementList.CostElement.ManufacturerList.Manufacturer.HistoryPlanningList-0204da979f3fe83eede49dd470a5931a074cade4-2-bd6316e072be9d7acaae57c6300955c02316cba7","0204da979f3fe83eede49dd470a5931a074cade4-2-47caa35671afe05b6c52f5b1d2b99eff43dec2bd","0204da979f3fe83eede49dd470a5931a074cade4","root.record.ItemExhibitList.P5Item.CostElementCategoryList.Software.NonRecurring.CostElementList.CostElement","0204da979f3fe83eede49dd470a5931a074cade4-1-accbb74c572b46bcc73eabe5c292cb5162e78143"
"TBS","TBS","0","0","0","0","0","0","0","0","root.record.ItemExhibitList.P5Item.CostElementCategoryList.Software.NonRecurring.CostElementList.CostElement.ManufacturerList.Manufacturer.HistoryPlanningList-0204da979f3fe83eede49dd470a5931a074cade4-0-9c3e50d3316efad3b999201feff84a14495f98c0","0204da979f3fe83eede49dd470a5931a074cade4-0-c314bb48a4e0195cd43dde771a8c03a6aea3f269","0204da979f3fe83eede49dd470a5931a074cade4","root.record.ItemExhibitList.P5Item.CostElementCategoryList.Software.NonRecurring.CostElementList.CostElement","0204da979f3fe83eede49dd470a5931a074cade4-2-7ec92349e17e815dd474464b8bfc3219a8f2d860"
"TBS","TBS","0","0","0","0","0","0","0","0","root.record.ItemExhibitList.P5Item.CostElementCategoryList.Software.NonRecurring.CostElementList.CostElement.ManufacturerList.Manufacturer.HistoryPlanningList-0204da979f3fe83eede49dd470a5931a074cade4-0-662a8af772845b82bc116d7873aca02800c9aef8","0204da979f3fe83eede49dd470a5931a074cade4-0-d9a54b3ba068b52e6bbfe0ab776dc651fc3a493b","0204da979f3fe83eede49dd470a5931a074cade4","root.record.ItemExhibitList.P5Item.CostElementCategoryList.Software.NonRecurring.CostElementList.CostElement","0204da979f3fe83eede49dd470a5931a074cade4-2-93083ff6addd16140999d3e2a8f0e0eefa924ed8"
"Iron Bow Technologies","Chantilly, VA","0","0","0","0","0","0","0","0","root.record.ItemExhibitList.P5Item.CostElementCategoryList.Software.NonRecurring.CostElementList.CostElement.ManufacturerList.Manufacturer.HistoryPlanningList-0204da979f3fe83eede49dd470a5931a074cade4-0-b0dd3f70f5457f3d63951363451612d931e54906","0204da979f3fe83eede49dd470a5931a074cade4-0-596b6b105d490ecc9b2a0c7d562fba568c8f7669","0204da979f3fe83eede49dd470a5931a074cade4","root.record.ItemExhibitList.P5Item.CostElementCategoryList.Software.NonRecurring.CostElementList.CostElement","0204da979f3fe83eede49dd470a5931a074cade4-3-bdd415e4dd9797bfe62712ca170538625c10d0d8"
"TBS","TBS","0","0","0","0","0","0","0","0","root.record.ItemExhibitList.P5Item.CostElementCategoryList.Software.NonRecurring.CostElementList.CostElement.ManufacturerList.Manufacturer.HistoryPlanningList-0204da979f3fe83eede49dd470a5931a074cade4-1-adf9ac95189c6b2877a48a08a6a5d4257527b933","0204da979f3fe83eede49dd470a5931a074cade4-1-6272c2669a7c14a8646527ddb3279510672f82ff","0204da979f3fe83eede49dd470a5931a074cade4","root.record.ItemExhibitList.P5Item.CostElementCategoryList.Software.NonRecurring.CostElementList.CostElement","0204da979f3fe83eede49dd470a5931a074cade4-3-bdd415e4dd9797bfe62712ca170538625c10d0d8"
"TBS","TBS","0","0","0","0","0","0","0","0","root.record.ItemExhibitList.P5Item.CostElementCategoryList.Software.NonRecurring.CostElementList.CostElement.ManufacturerList.Manufacturer.HistoryPlanningList-0204da979f3fe83eede49dd470a5931a074cade4-0-245e53ebb0c2a870f5034ea26ab829d93edbf76c","0204da979f3fe83eede49dd470a5931a074cade4-0-0a1a118b588fa406fac187ba4dc8c5b6d5204e51","0204da979f3fe83eede49dd470a5931a074cade4","root.record.ItemExhibitList.P5Item.CostElementCategoryList.Software.NonRecurring.CostElementList.CostElement","0204da979f3fe83eede49dd470a5931a074cade4-8-57bfb57b244af62df7adc9505584700004bff9dd"
"TBS","TBS","0","0","0","0","0","0","0","0","root.record.ItemExhibitList.P5Item.CostElementCategoryList.Software.NonRecurring.CostElementList.CostElement.ManufacturerList.Manufacturer.HistoryPlanningList-0204da979f3fe83eede49dd470a5931a074cade4-0-ada1160d2b9f694013f612f48b6b4b388946759d","0204da979f3fe83eede49dd470a5931a074cade4-0-9868b16d5eecba5df0aed2de78b65ada7f5ef5d9","0204da979f3fe83eede49dd470a5931a074cade4","root.record.ItemExhibitList.P5Item.CostElementCategoryList.Software.NonRecurring.CostElementList.CostElement","0204da979f3fe83eede49dd470a5931a074cade4-0-8ab02df76e2d382d690ead24260b9091c9410c0e"
"TBS","TBS","0","0","0","0","0","0","0","0","root.record.ItemExhibitList.P5Item.CostElementCategoryList.Software.NonRecurring.CostElementList.CostElement.ManufacturerList.Manufacturer.HistoryPlanningList-3db90f5a9d74a859d0737c60f14fdb161ea5f5cc-0-33455d7c817aa56ccd3621b9da3191f1e1d29ffa","3db90f5a9d74a859d0737c60f14fdb161ea5f5cc-0-d649ee798d9ab2473c0ff870d5bccf3386fac8e3","3db90f5a9d74a859d0737c60f14fdb161ea5f5cc","root.record.ItemExhibitList.P5Item.CostElementCategoryList.Software.NonRecurring.CostElementList.CostElement","3db90f5a9d74a859d0737c60f14fdb161ea5f5cc-0-c00f60e0ddd1316bd1e10aa31e96807feb03a1c2"
"SAIC Defense Solution Services","McLean, VA","0","0","0","0","0","0","0","0","root.record.ItemExhibitList.P5Item.CostElementCategoryList.Software.NonRecurring.CostElementList.CostElement.ManufacturerList.Manufacturer.HistoryPlanningList-3db90f5a9d74a859d0737c60f14fdb161ea5f5cc-0-44833b89063fb68cb98764234f0c0e0386e09091","3db90f5a9d74a859d0737c60f14fdb161ea5f5cc-0-27a85aec8092311123c914d636784fddda389816","3db90f5a9d74a859d0737c60f14fdb161ea5f5cc","root.record.ItemExhibitList.P5Item.CostElementCategoryList.Software.NonRecurring.CostElementList.CostElement","3db90f5a9d74a859d0737c60f14fdb161ea5f5cc-0-aac06bc8e6e5e785c090c22cf0bc1b2a85986216"
"TBS","TBS","0","0","0","0","0","0","0","0","root.record.ItemExhibitList.P5Item.CostElementCategoryList.Software.NonRecurring.CostElementList.CostElement.ManufacturerList.Manufacturer.HistoryPlanningList-3db90f5a9d74a859d0737c60f14fdb161ea5f5cc-1-f515797c7b75af52cfa3419bcd3e6dc59d7b5596","3db90f5a9d74a859d0737c60f14fdb161ea5f5cc-1-159dbd83567dc3b68a7c5095e933d08b1ac38976","3db90f5a9d74a859d0737c60f14fdb161ea5f5cc","root.record.ItemExhibitList.P5Item.CostElementCategoryList.Software.NonRecurring.CostElementList.CostElement","3db90f5a9d74a859d0737c60f14fdb161ea5f5cc-0-aac06bc8e6e5e785c090c22cf0bc1b2a85986216"
"Iron Bow Technologies, Inc.","Chantilly, VA","0","0","0","0","0","0","0","0","root.record.ItemExhibitList.P5Item.CostElementCategoryList.Software.NonRecurring.CostElementList.CostElement.ManufacturerList.Manufacturer.HistoryPlanningList-3db90f5a9d74a859d0737c60f14fdb161ea5f5cc-0-e777526f7635bf236a04ec547312d7bc1d6ee87f","3db90f5a9d74a859d0737c60f14fdb161ea5f5cc-0-4d2530c818563f0a463a4c53023466e25447dc1c","3db90f5a9d74a859d0737c60f14fdb161ea5f5cc","root.record.ItemExhibitList.P5Item.CostElementCategoryList.Software.NonRecurring.CostElementList.CostElement","3db90f5a9d74a859d0737c60f14fdb161ea5f5cc-0-8a00218e5e86ebc534d367457cd09643f3346fad"
"TBS","TBS","0","0","0","0","0","0","0","0","root.record.ItemExhibitList.P5Item.CostElementCategoryList.Software.NonRecurring.CostElementList.CostElement.ManufacturerList.Manufacturer.HistoryPlanningList-3db90f5a9d74a859d0737c60f14fdb161ea5f5cc-1-4383b0d841325813bc41f2ff915a0474f1bca13a","3db90f5a9d74a859d0737c60f14fdb161ea5f5cc-1-ce9d75bac1150b96ee56c259d3cc9f4d3dc5cfb8","3db90f5a9d74a859d0737c60f14fdb161ea5f5cc","root.record.ItemExhibitList.P5Item.CostElementCategoryList.Software.NonRecurring.CostElementList.CostElement","3db90f5a9d74a859d0737c60f14fdb161ea5f5cc-0-8a00218e5e86ebc534d367457cd09643f3346fad"
"Lockheed Martin","Sea Brook, MD","0","0","0","0","0","0","0","0","root.record.ItemExhibitList.P5Item.CostElementCategoryList.Software.NonRecurring.CostElementList.CostElement.ManufacturerList.Manufacturer.HistoryPlanningList-3db90f5a9d74a859d0737c60f14fdb161ea5f5cc-0-381c2974ccf6d62ea86d81a0cff6f0e1943d70c1","3db90f5a9d74a859d0737c60f14fdb161ea5f5cc-0-d40b7e68a04f2765a868d03e044ab631dd3a3a80","3db90f5a9d74a859d0737c60f14fdb161ea5f5cc","root.record.ItemExhibitList.P5Item.CostElementCategoryList.Software.NonRecurring.CostElementList.CostElement","3db90f5a9d74a859d0737c60f14fdb161ea5f5cc-1-2920fec85f2de1aee8518c1ff5f8e84234d78480"
"TBS","TBS","0","0","0","0","0","0","0","0","root.record.ItemExhibitList.P5Item.CostElementCategoryList.Software.NonRecurring.CostElementList.CostElement.ManufacturerList.Manufacturer.HistoryPlanningList-3db90f5a9d74a859d0737c60f14fdb161ea5f5cc-1-e98c63dbf4800e0027b07d7fd9b012947fbbe9c8","3db90f5a9d74a859d0737c60f14fdb161ea5f5cc-1-4a10bd82a03b0418c02ecedf35cf4cf8611fab4a","3db90f5a9d74a859d0737c60f14fdb161ea5f5cc","root.record.ItemExhibitList.P5Item.CostElementCategoryList.Software.NonRecurring.CostElementList.CostElement","3db90f5a9d74a859d0737c60f14fdb161ea5f5cc-1-2920fec85f2de1aee8518c1ff5f8e84234d78480"
"Corp of Engineers","Baltimore, MD","0","0","0","0","0","0","0","0","root.record.ItemExhibitList.P5Item.CostElementCategoryList.Software.NonRecurring.CostElementList.CostElement.ManufacturerList.Manufacturer.HistoryPlanningList-3db90f5a9d74a859d0737c60f14fdb161ea5f5cc-0-abf6e295f4f60a1a2e1497367c6a5001a46578e3","3db90f5a9d74a859d0737c60f14fdb161ea5f5cc-0-5c10b2378c7a0245d08a05e2c63ccb0245bc02dd","3db90f5a9d74a859d0737c60f14fdb161ea5f5cc","root.record.ItemExhibitList.P5Item.CostElementCategoryList.Software.NonRecurring.CostElementList.CostElement","3db90f5a9d74a859d0737c60f14fdb161ea5f5cc-2-3bef0286130d9e8c0f4baec9bded59af567f6838"
"TBS","TBS","0","0","0","0","0","0","0","0","root.record.ItemExhibitList.P5Item.CostElementCategoryList.Software.NonRecurring.CostElementList.CostElement.ManufacturerList.Manufacturer.HistoryPlanningList-3db90f5a9d74a859d0737c60f14fdb161ea5f5cc-1-1414b6e53bcd9986b775c329b0117c249f829d5a","3db90f5a9d74a859d0737c60f14fdb161ea5f5cc-1-e26c01eef1cb2e9abf20ae287ea4be00dd90cad5","3db90f5a9d74a859d0737c60f14fdb161ea5f5cc","root.record.ItemExhibitList.P5Item.CostElementCategoryList.Software.NonRecurring.CostElementList.CostElement","3db90f5a9d74a859d0737c60f14fdb161ea5f5cc-2-3bef0286130d9e8c0f4baec9bded59af567f6838"
"TBS","TBS","0","0","0","0","0","0","0","0","root.record.ItemExhibitList.P5Item.CostElementCategoryList.Software.NonRecurring.CostElementList.CostElement.ManufacturerList.Manufacturer.HistoryPlanningList-3db90f5a9d74a859d0737c60f14fdb161ea5f5cc-0-712ef9138bd20203aba6f05d9865f7f718091831","3db90f5a9d74a859d0737c60f14fdb161ea5f5cc-0-1447b9227b90e580e1209387c5625d59000ac2ef","3db90f5a9d74a859d0737c60f14fdb161ea5f5cc","root.record.ItemExhibitList.P5Item.CostElementCategoryList.Software.NonRecurring.CostElementList.CostElement","3db90f5a9d74a859d0737c60f14fdb161ea5f5cc-1-a1fd12df184784d873daed7e519a0e542ba2318d"
"DRS Technical Svcs","Herndon, VA","0","0","0","0","0","0","0","0","root.record.ItemExhibitList.P5Item.CostElementCategoryList.Software.NonRecurring.CostElementList.CostElement.ManufacturerList.Manufacturer.HistoryPlanningList-3db90f5a9d74a859d0737c60f14fdb161ea5f5cc-0-70bd2f014dd41a5b1a0f1edd26605de44c65fdd2","3db90f5a9d74a859d0737c60f14fdb161ea5f5cc-0-c85ad669afa59e0af874cf83357a046a986cc014","3db90f5a9d74a859d0737c60f14fdb161ea5f5cc","root.record.ItemExhibitList.P5Item.CostElementCategoryList.Software.NonRecurring.CostElementList.CostElement","3db90f5a9d74a859d0737c60f14fdb161ea5f5cc-2-3d5a9f275fac638a6d44f0689e8ddc24561d771d"
"TBS","TBS","0","0","0","0","0","0","0","0","root.record.ItemExhibitList.P5Item.CostElementCategoryList.Software.NonRecurring.CostElementList.CostElement.ManufacturerList.Manufacturer.HistoryPlanningList-3db90f5a9d74a859d0737c60f14fdb161ea5f5cc-1-4196878dae742ab963042acf917cf7ed24d34552","3db90f5a9d74a859d0737c60f14fdb161ea5f5cc-1-7ccce2bb8b13e4698704e0b121bfe01afd1cf184","3db90f5a9d74a859d0737c60f14fdb161ea5f5cc","root.record.ItemExhibitList.P5Item.CostElementCategoryList.Software.NonRecurring.CostElementList.CostElement","3db90f5a9d74a859d0737c60f14fdb161ea5f5cc-2-3d5a9f275fac638a6d44f0689e8ddc24561d771d"
"Snap, Inc.","Chantilly, VA","0","0","0","0","0","0","0","0","root.record.ItemExhibitList.P5Item.CostElementCategoryList.Software.NonRecurring.CostElementList.CostElement.ManufacturerList.Manufacturer.HistoryPlanningList-3db90f5a9d74a859d0737c60f14fdb161ea5f5cc-0-5a2bd64ceed7f8645358897747c77b6e18d1a873","3db90f5a9d74a859d0737c60f14fdb161ea5f5cc-0-02c2ac07c6b748caa76edd79944cd1968d38a9b1","3db90f5a9d74a859d0737c60f14fdb161ea5f5cc","root.record.ItemExhibitList.P5Item.CostElementCategoryList.Software.NonRecurring.CostElementList.CostElement","3db90f5a9d74a859d0737c60f14fdb161ea5f5cc-3-f91a2d7147bc8ca2ec025fc6c266201d4ab923f0"
"TBS","TBS","0","0","0","0","0","0","0","0","root.record.ItemExhibitList.P5Item.CostElementCategoryList.Software.NonRecurring.CostElementList.CostElement.ManufacturerList.Manufacturer.HistoryPlanningList-3db90f5a9d74a859d0737c60f14fdb161ea5f5cc-1-cf2005afe04423bfee42945f2d54f887399afc40","3db90f5a9d74a859d0737c60f14fdb161ea5f5cc-1-93f8d8b3fa96c0bcc4833b271e7c1c3fed639d91","3db90f5a9d74a859d0737c60f14fdb161ea5f5cc","root.record.ItemExhibitList.P5Item.CostElementCategoryList.Software.NonRecurring.CostElementList.CostElement","3db90f5a9d74a859d0737c60f14fdb161ea5f5cc-3-f91a2d7147bc8ca2ec025fc6c266201d4ab923f0"
"Dell Federal Systems LP","Rock Round, TX","0","0","0","0","0","0","0","0","root.record.ItemExhibitList.P5Item.CostElementCategoryList.Software.NonRecurring.CostElementList.CostElement.ManufacturerList.Manufacturer.HistoryPlanningList-3db90f5a9d74a859d0737c60f14fdb161ea5f5cc-0-3cd25bcc2a95fbd3a93b78af33a17d848368789e","3db90f5a9d74a859d0737c60f14fdb161ea5f5cc-0-19ec8a5740575fce360dbcaf490b88e28abd3f3f","3db90f5a9d74a859d0737c60f14fdb161ea5f5cc","root.record.ItemExhibitList.P5Item.CostElementCategoryList.Software.NonRecurring.CostElementList.CostElement","3db90f5a9d74a859d0737c60f14fdb161ea5f5cc-4-e7adb35ef693e085c82e9c0f7b33bdc69b982d34"
"TBS","TBS","0","0","0","0","0","0","0","0","root.record.ItemExhibitList.P5Item.CostElementCategoryList.Software.NonRecurring.CostElementList.CostElement.ManufacturerList.Manufacturer.HistoryPlanningList-3db90f5a9d74a859d0737c60f14fdb161ea5f5cc-1-0a3daf55f097cece80249bc6e75289924f93f255","3db90f5a9d74a859d0737c60f14fdb161ea5f5cc-1-9185d5d467561360f13bf5e03e2df0afe0fb0a55","3db90f5a9d74a859d0737c60f14fdb161ea5f5cc","root.record.ItemExhibitList.P5Item.CostElementCategoryList.Software.NonRecurring.CostElementList.CostElement","3db90f5a9d74a859d0737c60f14fdb161ea5f5cc-4-e7adb35ef693e085c82e9c0f7b33bdc69b982d34"
"World Wide Technology","Maryland Heights, MO","0","0","0","0","0","0","0","0","root.record.ItemExhibitList.P5Item.CostElementCategoryList.Software.NonRecurring.CostElementList.CostElement.ManufacturerList.Manufacturer.HistoryPlanningList-3db90f5a9d74a859d0737c60f14fdb161ea5f5cc-0-bd434ee83bd810b68590054ed46058e62a53d176","3db90f5a9d74a859d0737c60f14fdb161ea5f5cc-0-1bf6ac236879c29af4c13e3b6af22efaee2a6473","3db90f5a9d74a859d0737c60f14fdb161ea5f5cc","root.record.ItemExhibitList.P5Item.CostElementCategoryList.Software.NonRecurring.CostElementList.CostElement","3db90f5a9d74a859d0737c60f14fdb161ea5f5cc-5-9a9ffffb658fb653b6dc38101b62e3e92a55598b"
"TBS","TBS","0","0","0","0","0","0","0","0","root.record.ItemExhibitList.P5Item.CostElementCategoryList.Software.NonRecurring.CostElementList.CostElement.ManufacturerList.Manufacturer.HistoryPlanningList-3db90f5a9d74a859d0737c60f14fdb161ea5f5cc-1-e3e3f1fd3efe49f8c61ee7a7969014006d3b65db","3db90f5a9d74a859d0737c60f14fdb161ea5f5cc-1-306211c0f7a7def40a948cf25a5c83ecd010d58e","3db90f5a9d74a859d0737c60f14fdb161ea5f5cc","root.record.ItemExhibitList.P5Item.CostElementCategoryList.Software.NonRecurring.CostElementList.CostElement","3db90f5a9d74a859d0737c60f14fdb161ea5f5cc-5-9a9ffffb658fb653b6dc38101b62e3e92a55598b"
"TBS","TBS","0","0","0","0","0","0","0","0","root.record.ItemExhibitList.P5Item.CostElementCategoryList.Software.NonRecurring.CostElementList.CostElement.ManufacturerList.Manufacturer.HistoryPlanningList-3db90f5a9d74a859d0737c60f14fdb161ea5f5cc-0-3f0564937041e30e39735ec978fbd91ce2fc96ea","3db90f5a9d74a859d0737c60f14fdb161ea5f5cc-0-7623f09498ac2d7cf9f3de01eb9afb750c1c78cc","3db90f5a9d74a859d0737c60f14fdb161ea5f5cc","root.record.ItemExhibitList.P5Item.CostElementCategoryList.Software.NonRecurring.CostElementList.CostElement","3db90f5a9d74a859d0737c60f14fdb161ea5f5cc-6-79355d955fa1cdab9c70270df718dcca07763f69"
"TBS","TBS","0","0","0","0","0","0","0","0","root.record.ItemExhibitList.P5Item.CostElementCategoryList.Software.NonRecurring.CostElementList.CostElement.ManufacturerList.Manufacturer.HistoryPlanningList-3db90f5a9d74a859d0737c60f14fdb161ea5f5cc-0-b5e0417f1fe1da2efca259d6dfcc70c0e4116f98","3db90f5a9d74a859d0737c60f14fdb161ea5f5cc-0-bb94959c6a6bfbd7dfe0dfbd83aeaf2c788e47a0","3db90f5a9d74a859d0737c60f14fdb161ea5f5cc","root.record.ItemExhibitList.P5Item.CostElementCategoryList.Software.NonRecurring.CostElementList.CostElement","3db90f5a9d74a859d0737c60f14fdb161ea5f5cc-7-62eaa85c774bcca3d0de017fe9c365fc5e825f1d"
"TBS","TBS","0","0","0","0","0","0","0","0","root.record.ItemExhibitList.P5Item.CostElementCategoryList.Software.NonRecurring.CostElementList.CostElement.ManufacturerList.Manufacturer.HistoryPlanningList-3db90f5a9d74a859d0737c60f14fdb161ea5f5cc-0-094fa962efcb40237b8b35a0957d9393da8f1047","3db90f5a9d74a859d0737c60f14fdb161ea5f5cc-0-d26b24991f06bb3b4b79759d27b9933894a8be38","3db90f5a9d74a859d0737c60f14fdb161ea5f5cc","root.record.ItemExhibitList.P5Item.CostElementCategoryList.Software.NonRecurring.CostElementList.CostElement","3db90f5a9d74a859d0737c60f14fdb161ea5f5cc-8-64d17b8481c9848b0124c9a325e75b8ae2c171ad"
"TBS","TBS","0","0","0","0","0","0","0","0","root.record.ItemExhibitList.P5Item.CostElementCategoryList.Software.NonRecurring.CostElementList.CostElement.ManufacturerList.Manufacturer.HistoryPlanningList-3db90f5a9d74a859d0737c60f14fdb161ea5f5cc-0-085c676555126cdf139487f27e8e447fe7931bec","3db90f5a9d74a859d0737c60f14fdb161ea5f5cc-0-ed698fe0a2f1aac7b0a71a1b83982f9f2feb7853","3db90f5a9d74a859d0737c60f14fdb161ea5f5cc","root.record.ItemExhibitList.P5Item.CostElementCategoryList.Software.NonRecurring.CostElementList.CostElement","3db90f5a9d74a859d0737c60f14fdb161ea5f5cc-9-b2cd597e4e68e7a6d22c1d5b9e03a44f6fe40203"
"TBS","TBS","0","0","0","0","0","0","0","0","root.record.ItemExhibitList.P5Item.CostElementCategoryList.Software.NonRecurring.CostElementList.CostElement.ManufacturerList.Manufacturer.HistoryPlanningList-3db90f5a9d74a859d0737c60f14fdb161ea5f5cc-0-39f910c2202d363ac451b288cb736abcc13908a0","3db90f5a9d74a859d0737c60f14fdb161ea5f5cc-0-1bbac2f0349204d7c729d2d4669ca3cb2bf09692","3db90f5a9d74a859d0737c60f14fdb161ea5f5cc","root.record.ItemExhibitList.P5Item.CostElementCategoryList.Software.NonRecurring.CostElementList.CostElement","3db90f5a9d74a859d0737c60f14fdb161ea5f5cc-10-23f3a38714af82157dd8dc4862f76e873c94bbc1"
"TBS","TBS","0","0","0","0","0","0","0","0","root.record.ItemExhibitList.P5Item.CostElementCategoryList.Software.NonRecurring.CostElementList.CostElement.ManufacturerList.Manufacturer.HistoryPlanningList-3db90f5a9d74a859d0737c60f14fdb161ea5f5cc-0-a0786d2e7632508108fabb9afcf45a957a094e7d","3db90f5a9d74a859d0737c60f14fdb161ea5f5cc-0-dff3f32b76fa2caafec4806774aa504ca3289af3","3db90f5a9d74a859d0737c60f14fdb161ea5f5cc","root.record.ItemExhibitList.P5Item.CostElementCategoryList.Software.NonRecurring.CostElementList.CostElement","3db90f5a9d74a859d0737c60f14fdb161ea5f5cc-11-826dc66e6ee7810d77c1aeba8803a62954cb0152"
"TBS","TBS","0","0","0","0","0","0","0","0","root.record.ItemExhibitList.P5Item.CostElementCategoryList.Software.NonRecurring.CostElementList.CostElement.ManufacturerList.Manufacturer.HistoryPlanningList-3db90f5a9d74a859d0737c60f14fdb161ea5f5cc-0-ebb4122b41fbed5aeb225ee82f78e67a76df9630","3db90f5a9d74a859d0737c60f14fdb161ea5f5cc-0-923db046854c1355338e3c4f8c9c557bbf969d22","3db90f5a9d74a859d0737c60f14fdb161ea5f5cc","root.record.ItemExhibitList.P5Item.CostElementCategoryList.Software.NonRecurring.CostElementList.CostElement","3db90f5a9d74a859d0737c60f14fdb161ea5f5cc-12-761f8bc794b8c89abef2da5e79402cca7c116325"
"TBS","TBS","0","0","0","0","0","0","0","0","root.record.ItemExhibitList.P5Item.CostElementCategoryList.Software.NonRecurring.CostElementList.CostElement.ManufacturerList.Manufacturer.HistoryPlanningList-3db90f5a9d74a859d0737c60f14fdb161ea5f5cc-0-d8ff243d4b70317765ab3c22f60db29f2d15db01","3db90f5a9d74a859d0737c60f14fdb161ea5f5cc-0-01412cc42b217fc478aa0c352d491cca7242299b","3db90f5a9d74a859d0737c60f14fdb161ea5f5cc","root.record.ItemExhibitList.P5Item.CostElementCategoryList.Software.NonRecurring.CostElementList.CostElement","3db90f5a9d74a859d0737c60f14fdb161ea5f5cc-0-81c142ee5a792136aa9171ce6ad98b67019998fa"
"Mythics","Virginia Beach, VA","0","0","0","0","0","0","0","0","root.record.ItemExhibitList.P5Item.CostElementCategoryList.Software.NonRecurring.CostElementList.CostElement.ManufacturerList.Manufacturer.HistoryPlanningList-3db90f5a9d74a859d0737c60f14fdb161ea5f5cc-0-c02af1567e9ead8fc9fe6afefab06c66b9638582","3db90f5a9d74a859d0737c60f14fdb161ea5f5cc-0-c76774f10e3e7625e51b8071a6cdec23ca0bbf5f","3db90f5a9d74a859d0737c60f14fdb161ea5f5cc","root.record.ItemExhibitList.P5Item.CostElementCategoryList.Software.NonRecurring.CostElementList.CostElement","3db90f5a9d74a859d0737c60f14fdb161ea5f5cc-1-55944303ab750e72c0a21ed29279aaf6d4179487"
"TBS","TBS","0","0","0","0","0","0","0","0","root.record.ItemExhibitList.P5Item.CostElementCategoryList.Software.NonRecurring.CostElementList.CostElement.ManufacturerList.Manufacturer.HistoryPlanningList-3db90f5a9d74a859d0737c60f14fdb161ea5f5cc-1-4a4fa8d4e722d43b6791a1e6468c7ce75ffe8fa3","3db90f5a9d74a859d0737c60f14fdb161ea5f5cc-1-e2d882858141a271813eb0795fcbf92647b47f59","3db90f5a9d74a859d0737c60f14fdb161ea5f5cc","root.record.ItemExhibitList.P5Item.CostElementCategoryList.Software.NonRecurring.CostElementList.CostElement","3db90f5a9d74a859d0737c60f14fdb161ea5f5cc-1-55944303ab750e72c0a21ed29279aaf6d4179487"
"Lockheed Martin Space Systems","Sunnyvale, CA","","","","","","","","","root.record.ItemExhibitList.P5Item.CostElementCategoryList.Software.NonRecurring.CostElementList.CostElement.ManufacturerList.Manufacturer.HistoryPlanningList-c7f44f432c7c0c9be3e9a45d47ce17c1fb47d584-0-32cc8dc60841b90b749928273b6dc48f3c0096ba","c7f44f432c7c0c9be3e9a45d47ce17c1fb47d584-0-ce56805c60a7fce3baea9bdbc571aef14c59c0a9","c7f44f432c7c0c9be3e9a45d47ce17c1fb47d584","root.record.ItemExhibitList.P5Item.CostElementCategoryList.Software.NonRecurring.CostElementList.CostElement","c7f44f432c7c0c9be3e9a45d47ce17c1fb47d584-0-89710e6a45f061b88941581ddc0a7ca3c6ba33be"
"Lockheed Martin Space Systems","Sunnyvale, CA","","","","","","","","","root.record.ItemExhibitList.P5Item.CostElementCategoryList.Software.NonRecurring.CostElementList.CostElement.ManufacturerList.Manufacturer.HistoryPlanningList-c7f44f432c7c0c9be3e9a45d47ce17c1fb47d584-0-709de2039dbaf534fb4adc856e58f2248d998526","c7f44f432c7c0c9be3e9a45d47ce17c1fb47d584-0-599471a8504e57cc09ae6f86371c3ffaffcd2bf9","c7f44f432c7c0c9be3e9a45d47ce17c1fb47d584","root.record.ItemExhibitList.P5Item.CostElementCategoryList.Software.NonRecurring.CostElementList.CostElement","c7f44f432c7c0c9be3e9a45d47ce17c1fb47d584-0-48bb8111b15f50db66abfaac9c17893868f92da3"
