"Name_val","Cost_BudgetYearOneBase_Quantity_val","Cost_BudgetYearOneBase_TotalCost_val","Cost_BudgetYearOne_Quantity_val","Cost_BudgetYearOne_TotalCost_val","Cost_BudgetYearTwo_Quantity_val","Cost_BudgetYearTwo_TotalCost_val","Cost_CurrentYear_Quantity_val","Cost_CurrentYear_TotalCost_val","Cost_BudgetYearOneOCO_Quantity_val","Cost_BudgetYearOneOCO_TotalCost_val","Cost_BudgetYearThree_Quantity_val","Cost_BudgetYearThree_TotalCost_val","Cost_BudgetYearFour_Quantity_val","Cost_BudgetYearFour_TotalCost_val","@ROWID","@RECORDID","@PARENT","@PARENTROWID"
"Air National Guard","1","0.01","1","0.01","0","0.498","","","","","","","","","4bbc89d7eaf8aacc114b630658dc50ad13ce884c-0-7b88bca146870f3e6a786f23fa252b6bdce41975","4bbc89d7eaf8aacc114b630658dc50ad13ce884c","root.record.ItemExhibitList.P3AModificationItemGroup.ModificationItemList.ModificationItem.Installation.ImplementationMethodList.ImplementationMethod","4bbc89d7eaf8aacc114b630658dc50ad13ce884c-0-057a9cde88980bb809c6c169fbeee3fc93b3ba60"
"Air Force Reserve","","","","","0","0.202","","","","","","","","","4bbc89d7eaf8aacc114b630658dc50ad13ce884c-1-5ad62ade586fea65ac1baf0dbf21a3a1179a0539","4bbc89d7eaf8aacc114b630658dc50ad13ce884c","root.record.ItemExhibitList.P3AModificationItemGroup.ModificationItemList.ModificationItem.Installation.ImplementationMethodList.ImplementationMethod","4bbc89d7eaf8aacc114b630658dc50ad13ce884c-0-057a9cde88980bb809c6c169fbeee3fc93b3ba60"
"Air Force Active","","","","","","","0","10.7","","","","","","","5018dd4c7845656349319a2a7b4a2f59e8a2f92f-0-78277f3d1cb19c6d665115d490cbf6f1c55651d1","5018dd4c7845656349319a2a7b4a2f59e8a2f92f","root.record.ItemExhibitList.P3AModificationItemGroup.ModificationItemList.ModificationItem.Installation.ImplementationMethodList.ImplementationMethod","5018dd4c7845656349319a2a7b4a2f59e8a2f92f-0-3a38f95a7a62352e92419f80c6cad0c4c76e9c8f"
"Air Force Active","0","1.826","0","1.826","","","","","","","","","","","5018dd4c7845656349319a2a7b4a2f59e8a2f92f-0-edb4c7f6739d40f1aacacc40a296f7b626a5c024","5018dd4c7845656349319a2a7b4a2f59e8a2f92f","root.record.ItemExhibitList.P3AModificationItemGroup.ModificationItemList.ModificationItem.Installation.ImplementationMethodList.ImplementationMethod","5018dd4c7845656349319a2a7b4a2f59e8a2f92f-0-df624c079710a0e6497ec0b39d0ea036b4112f2a"
"Air Force Active","0","0.000","0","2","0","0.000","0","3.24","0","2","","","","","5018dd4c7845656349319a2a7b4a2f59e8a2f92f-0-9df1f69b0685254776c081e774b78d714dd21088","5018dd4c7845656349319a2a7b4a2f59e8a2f92f","root.record.ItemExhibitList.P3AModificationItemGroup.ModificationItemList.ModificationItem.Installation.ImplementationMethodList.ImplementationMethod","5018dd4c7845656349319a2a7b4a2f59e8a2f92f-0-2418bca6ad9094d8174cf6710d16b0bf6bd1ff30"
"Air Force Active","2","25.4","2","25.4","","","0","0.000","","","","","","","623b26c75395e99c34d94c512302e43728d68e67-0-08c47a2720b70c4202f490c71bb56db776fe794d","623b26c75395e99c34d94c512302e43728d68e67","root.record.ItemExhibitList.P3AModificationItemGroup.ModificationItemList.ModificationItem.Installation.ImplementationMethodList.ImplementationMethod","623b26c75395e99c34d94c512302e43728d68e67-0-e360c54f9c9c1f4d3cd19748baa34d253312acf5"
"Air Force Active","1","4.772","1","4.772","","","","","","","","","","","ca16302675076d2663282e9f2cfbe844250f4edc-0-cf56bb865e824a456da241db4735d945c8105554","ca16302675076d2663282e9f2cfbe844250f4edc","root.record.ItemExhibitList.P3AModificationItemGroup.ModificationItemList.ModificationItem.Installation.ImplementationMethodList.ImplementationMethod","ca16302675076d2663282e9f2cfbe844250f4edc-0-4d466508f1636d436d398271b1b0cde9542618d7"
"Air Force Active","4","44.553","4","44.553","","","","","","","","","","","ca16302675076d2663282e9f2cfbe844250f4edc-0-d5dbb8616013df7a40e5f40ef00c03cd545ffdb8","ca16302675076d2663282e9f2cfbe844250f4edc","root.record.ItemExhibitList.P3AModificationItemGroup.ModificationItemList.ModificationItem.Installation.ImplementationMethodList.ImplementationMethod","ca16302675076d2663282e9f2cfbe844250f4edc-0-6cfd75dfc586f82fa2afb28f87650a69cff377f1"
"Air Force Active","1","5.076","1","5.076","","","","","","","","","","","ca16302675076d2663282e9f2cfbe844250f4edc-0-6622d2d26efa358cdf334b8e3427087c52dea3dc","ca16302675076d2663282e9f2cfbe844250f4edc","root.record.ItemExhibitList.P3AModificationItemGroup.ModificationItemList.ModificationItem.Installation.ImplementationMethodList.ImplementationMethod","ca16302675076d2663282e9f2cfbe844250f4edc-0-ae73caa75ef494a1461c6995f34a93050e4074e1"
"Air Force Active","1","0.9","1","0.9","10","7.49","","","","","","","","","008176b99bc3e2318c128fb469e6c0ccb2a1cb76-0-aed55162c7c29daade0429e44eca50389051008b","008176b99bc3e2318c128fb469e6c0ccb2a1cb76","root.record.ItemExhibitList.P3AModificationItemGroup.ModificationItemList.ModificationItem.Installation.ImplementationMethodList.ImplementationMethod","008176b99bc3e2318c128fb469e6c0ccb2a1cb76-0-3954f49b3a7b3f6030aafbfe987e4afc2714a579"
"Air Force Active","25","0.436","25","0.436","9","1.209","","","","","","","","","0424d8adc0de12753a0a7dc939dc55b0785cce8b-0-5b09ec4b92fdee5cd714f91c8066442ac8e3623c","0424d8adc0de12753a0a7dc939dc55b0785cce8b","root.record.ItemExhibitList.P3AModificationItemGroup.ModificationItemList.ModificationItem.Installation.ImplementationMethodList.ImplementationMethod","0424d8adc0de12753a0a7dc939dc55b0785cce8b-0-2ea359caf32ffad4fbf677b1bce57fb0cfdfd717"
"Air Force Active","","","","","","","4","1.125","","","","","","","159534d0b57648a4377405fd524fece23ff28718-0-deb8686925219afc169b41baa7a4c4c388eec953","159534d0b57648a4377405fd524fece23ff28718","root.record.ItemExhibitList.P3AModificationItemGroup.ModificationItemList.ModificationItem.Installation.ImplementationMethodList.ImplementationMethod","159534d0b57648a4377405fd524fece23ff28718-0-12b97abbcc135ac27f1d11105c6eea73a923b0b2"
"Air Force Active","","","","","","","1","3.95","","","","","","","2146b39417826335bc8c06e6e86906e33c6d1dfd-0-28cb49125bf2225f743d9bbf734453f698c570f2","2146b39417826335bc8c06e6e86906e33c6d1dfd","root.record.ItemExhibitList.P3AModificationItemGroup.ModificationItemList.ModificationItem.Installation.ImplementationMethodList.ImplementationMethod","2146b39417826335bc8c06e6e86906e33c6d1dfd-0-34fa183152b9d98e4341378196b584c5635ca38f"
"Air National Guard","","","","","","","","","","","9","3.703","2","0.836","2ddb26aef7cdb76cf8890008685d942b11569883-0-0a30e3695f38c982c7332e7aeb23018bd7df1d29","2ddb26aef7cdb76cf8890008685d942b11569883","root.record.ItemExhibitList.P3AModificationItemGroup.ModificationItemList.ModificationItem.Installation.ImplementationMethodList.ImplementationMethod","2ddb26aef7cdb76cf8890008685d942b11569883-0-a58090d8df482f202c96b6cd3be42b30f602a0a2"
"Air Force Active","","","","","","","441","55.726","","","","","","","2ddb26aef7cdb76cf8890008685d942b11569883-0-fcef0b903eec94f685cf6efe4ab887d640ae3f60","2ddb26aef7cdb76cf8890008685d942b11569883","root.record.ItemExhibitList.P3AModificationItemGroup.ModificationItemList.ModificationItem.Installation.ImplementationMethodList.ImplementationMethod","2ddb26aef7cdb76cf8890008685d942b11569883-0-2b779269a9d4fee94ecb69ba3622c8ead7730db6"
"Air National Guard","","","","","","","60","9.319","","","","","","","2ddb26aef7cdb76cf8890008685d942b11569883-1-80ce9eb05bdb848f69d8876dd3aeef30f5db1803","2ddb26aef7cdb76cf8890008685d942b11569883","root.record.ItemExhibitList.P3AModificationItemGroup.ModificationItemList.ModificationItem.Installation.ImplementationMethodList.ImplementationMethod","2ddb26aef7cdb76cf8890008685d942b11569883-0-2b779269a9d4fee94ecb69ba3622c8ead7730db6"
"Air Force Active","1076","0.857","1076","0.857","","","","","","","","","","","2ddb26aef7cdb76cf8890008685d942b11569883-0-1e183cc69ce12df63db2d486745052b5b7db6ee9","2ddb26aef7cdb76cf8890008685d942b11569883","root.record.ItemExhibitList.P3AModificationItemGroup.ModificationItemList.ModificationItem.Installation.ImplementationMethodList.ImplementationMethod","2ddb26aef7cdb76cf8890008685d942b11569883-0-56b7fe584aba9574d0240d58da0626fb5591b9c2"
"Air National Guard","119","0.095","119","0.095","","","","","","","","","","","2ddb26aef7cdb76cf8890008685d942b11569883-1-d91b329d20eb559b2ad35dca3337a1e2943a050b","2ddb26aef7cdb76cf8890008685d942b11569883","root.record.ItemExhibitList.P3AModificationItemGroup.ModificationItemList.ModificationItem.Installation.ImplementationMethodList.ImplementationMethod","2ddb26aef7cdb76cf8890008685d942b11569883-0-56b7fe584aba9574d0240d58da0626fb5591b9c2"
"Air Force Active","25","26.415","25","26.415","","","","","","","","","","","2ddb26aef7cdb76cf8890008685d942b11569883-0-c8d5c3e20c0de88cbca4e4ab181462a671af49c0","2ddb26aef7cdb76cf8890008685d942b11569883","root.record.ItemExhibitList.P3AModificationItemGroup.ModificationItemList.ModificationItem.Installation.ImplementationMethodList.ImplementationMethod","2ddb26aef7cdb76cf8890008685d942b11569883-0-567f4aeecdd559f8935de38d3a3c66d9981205b4"
"Air National Guard","5","6.72","5","6.72","","","","","","","","","","","2ddb26aef7cdb76cf8890008685d942b11569883-1-2915ebc927b79508bf911d2bdf8e10101c175580","2ddb26aef7cdb76cf8890008685d942b11569883","root.record.ItemExhibitList.P3AModificationItemGroup.ModificationItemList.ModificationItem.Installation.ImplementationMethodList.ImplementationMethod","2ddb26aef7cdb76cf8890008685d942b11569883-0-567f4aeecdd559f8935de38d3a3c66d9981205b4"
"Air Force Active","7","0.197","7","0.197","3","2.43","","","","","","","","","2ddb26aef7cdb76cf8890008685d942b11569883-0-2d7688236048dda377dc482a598ff4ed2deba143","2ddb26aef7cdb76cf8890008685d942b11569883","root.record.ItemExhibitList.P3AModificationItemGroup.ModificationItemList.ModificationItem.Installation.ImplementationMethodList.ImplementationMethod","2ddb26aef7cdb76cf8890008685d942b11569883-0-8834ac8213a8b2019cd0588a13b9950886b68319"
"Air Force Active","","","","","24","3.216","","","","","","","","","317dd0dd137201d7eadda21f2fc98ab75c61265a-0-ef0133edc8b4588282b7e045c7663e6f7ae04c1b","317dd0dd137201d7eadda21f2fc98ab75c61265a","root.record.ItemExhibitList.P3AModificationItemGroup.ModificationItemList.ModificationItem.Installation.ImplementationMethodList.ImplementationMethod","317dd0dd137201d7eadda21f2fc98ab75c61265a-0-9aafce3e4ecdc40bfad2e0320bbabf39c64ca198"
"Air Force Active","6","2.187","6","2.187","30","9.615","","","","","","","","","317dd0dd137201d7eadda21f2fc98ab75c61265a-0-8b17c6adfdb656779f17b2c606e3c895e154d493","317dd0dd137201d7eadda21f2fc98ab75c61265a","root.record.ItemExhibitList.P3AModificationItemGroup.ModificationItemList.ModificationItem.Installation.ImplementationMethodList.ImplementationMethod","317dd0dd137201d7eadda21f2fc98ab75c61265a-0-efdf047e658f4474ad0f7b83529e5a358ef9aebb"
"Air National Guard","","","","","6","1.923","","","","","","","","","317dd0dd137201d7eadda21f2fc98ab75c61265a-1-e8f530ee20accc4a49d3fabed443631bb27795b1","317dd0dd137201d7eadda21f2fc98ab75c61265a","root.record.ItemExhibitList.P3AModificationItemGroup.ModificationItemList.ModificationItem.Installation.ImplementationMethodList.ImplementationMethod","317dd0dd137201d7eadda21f2fc98ab75c61265a-0-efdf047e658f4474ad0f7b83529e5a358ef9aebb"
"Air Force Reserve","","","","","30","9.615","","","","","","","","","317dd0dd137201d7eadda21f2fc98ab75c61265a-2-2c36712166282d062001f2f7bc011eb48be3c85b","317dd0dd137201d7eadda21f2fc98ab75c61265a","root.record.ItemExhibitList.P3AModificationItemGroup.ModificationItemList.ModificationItem.Installation.ImplementationMethodList.ImplementationMethod","317dd0dd137201d7eadda21f2fc98ab75c61265a-0-efdf047e658f4474ad0f7b83529e5a358ef9aebb"
"Air Force Active","38","2.071","38","2.071","","","","","","","","","","","317dd0dd137201d7eadda21f2fc98ab75c61265a-0-23d07d5a3c9d1d14a603ead19a9c2808f93a29da","317dd0dd137201d7eadda21f2fc98ab75c61265a","root.record.ItemExhibitList.P3AModificationItemGroup.ModificationItemList.ModificationItem.Installation.ImplementationMethodList.ImplementationMethod","317dd0dd137201d7eadda21f2fc98ab75c61265a-0-685b5931689e7f7451d837c1c7b18241771121a0"
"Air Force Active","","","","","20","0.46","","","","","","","","","381cd9596be7077445ddb8dc36f57e679b43cd6b-0-24b14eb8fdc89b32006b2511f388b606db642597","381cd9596be7077445ddb8dc36f57e679b43cd6b","root.record.ItemExhibitList.P3AModificationItemGroup.ModificationItemList.ModificationItem.Installation.ImplementationMethodList.ImplementationMethod","381cd9596be7077445ddb8dc36f57e679b43cd6b-0-7ffbe0acfcdeee384ff4f2e5756125e659ed0552"
"Air National Guard","","","","","6","0.138","","","","","","","","","381cd9596be7077445ddb8dc36f57e679b43cd6b-1-c7594b90dd6b6bd0738c9ad92a126b26122fd758","381cd9596be7077445ddb8dc36f57e679b43cd6b","root.record.ItemExhibitList.P3AModificationItemGroup.ModificationItemList.ModificationItem.Installation.ImplementationMethodList.ImplementationMethod","381cd9596be7077445ddb8dc36f57e679b43cd6b-0-7ffbe0acfcdeee384ff4f2e5756125e659ed0552"
"Air Force Reserve","","","","","5","0.115","","","","","","","","","381cd9596be7077445ddb8dc36f57e679b43cd6b-2-3d5ca600164652b5f8329a71ccdff368fbe658a5","381cd9596be7077445ddb8dc36f57e679b43cd6b","root.record.ItemExhibitList.P3AModificationItemGroup.ModificationItemList.ModificationItem.Installation.ImplementationMethodList.ImplementationMethod","381cd9596be7077445ddb8dc36f57e679b43cd6b-0-7ffbe0acfcdeee384ff4f2e5756125e659ed0552"
"Air Force Active","1","4.772","1","4.772","","","","","","","","","","","399d00516df75cfb2d765289abba47af25f6f783-0-508aa36977246525b563ae3e5153bdb0fdb2fb1d","399d00516df75cfb2d765289abba47af25f6f783","root.record.ItemExhibitList.P3AModificationItemGroup.ModificationItemList.ModificationItem.Installation.ImplementationMethodList.ImplementationMethod","399d00516df75cfb2d765289abba47af25f6f783-0-f1ea530fe1b2f038beb30360bc752c479ab9cea0"
"Air Force Active","4","44.553","4","44.553","","","","","","","","","","","399d00516df75cfb2d765289abba47af25f6f783-0-4381fa54b0f03cbfe4656873cde9f1bc220e7d81","399d00516df75cfb2d765289abba47af25f6f783","root.record.ItemExhibitList.P3AModificationItemGroup.ModificationItemList.ModificationItem.Installation.ImplementationMethodList.ImplementationMethod","399d00516df75cfb2d765289abba47af25f6f783-0-0eb373530916f456bdd36f55ad6ad68c43b96387"
"Air Force Active","1","5.076","1","5.076","","","","","","","","","","","399d00516df75cfb2d765289abba47af25f6f783-0-7e8cae3b51ff9e823561900c4f2a59a417f71454","399d00516df75cfb2d765289abba47af25f6f783","root.record.ItemExhibitList.P3AModificationItemGroup.ModificationItemList.ModificationItem.Installation.ImplementationMethodList.ImplementationMethod","399d00516df75cfb2d765289abba47af25f6f783-0-6bc10decd9d6f5e2cf9509819c5e0d4cf3a2cc24"
"Air Force Active","","","","","","","","","","","24","3.735","8","0.969","3d27c1594c7a2348c61d9379e8e80131ca1d9545-0-7e119997896bdbe8c49d93be4d15b0556b005b63","3d27c1594c7a2348c61d9379e8e80131ca1d9545","root.record.ItemExhibitList.P3AModificationItemGroup.ModificationItemList.ModificationItem.Installation.ImplementationMethodList.ImplementationMethod","3d27c1594c7a2348c61d9379e8e80131ca1d9545-0-848d5db9115d11013c94a3e366401a7598a311f7"
"Air Force Active","2","25.4","2","25.4","","","0","0.000","","","","","","","408958287be1d4449ef97c9ae3794e1c4dc1ed5a-0-1a7309406c3f2994ba20b1a038ec0b95ff46d518","408958287be1d4449ef97c9ae3794e1c4dc1ed5a","root.record.ItemExhibitList.P3AModificationItemGroup.ModificationItemList.ModificationItem.Installation.ImplementationMethodList.ImplementationMethod","408958287be1d4449ef97c9ae3794e1c4dc1ed5a-0-e3d6167feb0008e1d9c3de9fa1915358298d00df"
"Air Force Active","","","","","","","1","0.6","","","","","","","54a96df817b9d5263953371373536571cc395220-0-28cb5878284154cae18492342843e49f40551d9f","54a96df817b9d5263953371373536571cc395220","root.record.ItemExhibitList.P3AModificationItemGroup.ModificationItemList.ModificationItem.Installation.ImplementationMethodList.ImplementationMethod","54a96df817b9d5263953371373536571cc395220-0-6588ba5c41bc572fadef5cd29f284fe073dade20"
"Air Force Active","","","","","","","2","10.321","","","","","","","6d28d75aa6a7a427ef76cbe2069740b9fe6cf44f-0-c6f337af1a84e2cf9d6b070c09a4b0733dfcfd9b","6d28d75aa6a7a427ef76cbe2069740b9fe6cf44f","root.record.ItemExhibitList.P3AModificationItemGroup.ModificationItemList.ModificationItem.Installation.ImplementationMethodList.ImplementationMethod","6d28d75aa6a7a427ef76cbe2069740b9fe6cf44f-0-1f12610c2024ebdb5e02764e87f9dc71054221e6"
"Air Force Active","","","","","","","9","4.5","","","","","","","7486c8171a92c0b428c8e18f6b1b83b98774c743-0-aa2dea975a3c2d7b88375fda49c48503c738ea83","7486c8171a92c0b428c8e18f6b1b83b98774c743","root.record.ItemExhibitList.P3AModificationItemGroup.ModificationItemList.ModificationItem.Installation.ImplementationMethodList.ImplementationMethod","7486c8171a92c0b428c8e18f6b1b83b98774c743-0-383c85c4e5bd5b5b61cfb0a18ef40eeeda801b3b"
"Air Force Active","","","","","2","16.316","","","","","","","","","85597cd913ea3d5ba176a2f874646a4ea8fb1587-0-133837503eae5c152000a9fa992d9e866d91d8ea","85597cd913ea3d5ba176a2f874646a4ea8fb1587","root.record.ItemExhibitList.P3AModificationItemGroup.ModificationItemList.ModificationItem.Installation.ImplementationMethodList.ImplementationMethod","85597cd913ea3d5ba176a2f874646a4ea8fb1587-0-f81f7edc721f36ff59ffbe16e3e321f3fe816d90"
"Air Force Active","8","2.186","8","2.186","","","","","","","","","","","862e2d15d0f822c8485aa65674eee94dde4da08d-0-7985a54c4c4d595193f3b6c442ce0d8442610d0d","862e2d15d0f822c8485aa65674eee94dde4da08d","root.record.ItemExhibitList.P3AModificationItemGroup.ModificationItemList.ModificationItem.Installation.ImplementationMethodList.ImplementationMethod","862e2d15d0f822c8485aa65674eee94dde4da08d-0-37213ac8da388350e5797ca4249ecc21643d9326"
"Air National Guard","8","2.186","8","2.186","","","","","","","","","","","862e2d15d0f822c8485aa65674eee94dde4da08d-1-27439d6e8c5c506be556a9c9d01306d62b9022eb","862e2d15d0f822c8485aa65674eee94dde4da08d","root.record.ItemExhibitList.P3AModificationItemGroup.ModificationItemList.ModificationItem.Installation.ImplementationMethodList.ImplementationMethod","862e2d15d0f822c8485aa65674eee94dde4da08d-0-37213ac8da388350e5797ca4249ecc21643d9326"
"Air Force Reserve","3","0.821","3","0.821","","","","","","","","","","","862e2d15d0f822c8485aa65674eee94dde4da08d-2-78a9a7b41829a9137c28c2e14fe647761d5d79b9","862e2d15d0f822c8485aa65674eee94dde4da08d","root.record.ItemExhibitList.P3AModificationItemGroup.ModificationItemList.ModificationItem.Installation.ImplementationMethodList.ImplementationMethod","862e2d15d0f822c8485aa65674eee94dde4da08d-0-37213ac8da388350e5797ca4249ecc21643d9326"
"Air Force Active","6","148.645","6","148.645","","","","","","","","","","","9282c1681681500f80124b54352c8721ab25cc67-0-de3e5349973483486713ff8b892ceb3ac3ee8d58","9282c1681681500f80124b54352c8721ab25cc67","root.record.ItemExhibitList.P3AModificationItemGroup.ModificationItemList.ModificationItem.Installation.ImplementationMethodList.ImplementationMethod","9282c1681681500f80124b54352c8721ab25cc67-0-85127af9bdfd8998da53f35c07f92da3d8106ccb"
"Air Force Reserve","5","123.87","5","123.87","","","","","","","","","","","9282c1681681500f80124b54352c8721ab25cc67-1-e2c9530b21dea8a0e959a601a6d7e98fda47adcc","9282c1681681500f80124b54352c8721ab25cc67","root.record.ItemExhibitList.P3AModificationItemGroup.ModificationItemList.ModificationItem.Installation.ImplementationMethodList.ImplementationMethod","9282c1681681500f80124b54352c8721ab25cc67-0-85127af9bdfd8998da53f35c07f92da3d8106ccb"
"Air Force Active","25","13.464","25","13.464","","","","","","","","","","","9de970bd63155a8bb67dc6d2bcb69d63844fb920-0-c3439d23c14f6091eae53bc44a4b1dae77aa420c","9de970bd63155a8bb67dc6d2bcb69d63844fb920","root.record.ItemExhibitList.P3AModificationItemGroup.ModificationItemList.ModificationItem.Installation.ImplementationMethodList.ImplementationMethod","9de970bd63155a8bb67dc6d2bcb69d63844fb920-0-05dc145824abedc965b8e2465912a1b3eb590db6"
"Air Force Active","","","","","10","6.846","","","","","5","5.243","","","a0eb6503204411293638c6f0c3c3ebda07d5d2a4-0-6586e731cc6ebe2e4e5fa768774310584c8dda3c","a0eb6503204411293638c6f0c3c3ebda07d5d2a4","root.record.ItemExhibitList.P3AModificationItemGroup.ModificationItemList.ModificationItem.Installation.ImplementationMethodList.ImplementationMethod","a0eb6503204411293638c6f0c3c3ebda07d5d2a4-0-0fedad4be96199188f97c3c9f3205d6c9792a237"
"Air National Guard","1","0.01","1","0.01","0","0.498","","","","","","","","","a28e603a31ab3a36341c9e22da942c39ec237c28-0-09e53792333c70e4bcbfa0ae150be02a92906638","a28e603a31ab3a36341c9e22da942c39ec237c28","root.record.ItemExhibitList.P3AModificationItemGroup.ModificationItemList.ModificationItem.Installation.ImplementationMethodList.ImplementationMethod","a28e603a31ab3a36341c9e22da942c39ec237c28-0-54215d47ce5a0d4016c7581435dec5e02e653111"
"Air Force Reserve","","","","","0","0.202","","","","","","","","","a28e603a31ab3a36341c9e22da942c39ec237c28-1-5650b9c6f8ca835cc5d17669288e0c1d57a3ab20","a28e603a31ab3a36341c9e22da942c39ec237c28","root.record.ItemExhibitList.P3AModificationItemGroup.ModificationItemList.ModificationItem.Installation.ImplementationMethodList.ImplementationMethod","a28e603a31ab3a36341c9e22da942c39ec237c28-0-54215d47ce5a0d4016c7581435dec5e02e653111"
"Air Force Active","","","","","7","4.514","","","","","6","3.938","","","adc0fd1f1425b4f60a521474479b1b300340fbc4-0-413d558067a3a41dfc3baf4be6f68fe5c6760417","adc0fd1f1425b4f60a521474479b1b300340fbc4","root.record.ItemExhibitList.P3AModificationItemGroup.ModificationItemList.ModificationItem.Installation.ImplementationMethodList.ImplementationMethod","adc0fd1f1425b4f60a521474479b1b300340fbc4-0-19572ed89b0b00e34d7b994196c7abab6774adbc"
"Air Force Active","","","","","","","","","","","2","0.992","","","adc0fd1f1425b4f60a521474479b1b300340fbc4-0-ab429c60846a74e5e142f630e49389de76b0fdd2","adc0fd1f1425b4f60a521474479b1b300340fbc4","root.record.ItemExhibitList.P3AModificationItemGroup.ModificationItemList.ModificationItem.Installation.ImplementationMethodList.ImplementationMethod","adc0fd1f1425b4f60a521474479b1b300340fbc4-0-7238f35f7f254e81db811ef9900fdc77444e1d15"
"Air Force Active","","","","","10","1.217","","","","","","","","","adc0fd1f1425b4f60a521474479b1b300340fbc4-0-e0b39239a84b3b001356fe803a613e3fa9ecd150","adc0fd1f1425b4f60a521474479b1b300340fbc4","root.record.ItemExhibitList.P3AModificationItemGroup.ModificationItemList.ModificationItem.Installation.ImplementationMethodList.ImplementationMethod","adc0fd1f1425b4f60a521474479b1b300340fbc4-0-fd6b7b79219f3f037f3f29e3b3294511ced9f281"
"Air Force Active","50","2.202","50","2.202","","","","","","","","","","","adc0fd1f1425b4f60a521474479b1b300340fbc4-0-3005b57df11307b3f8448368b2ba7160c5fac383","adc0fd1f1425b4f60a521474479b1b300340fbc4","root.record.ItemExhibitList.P3AModificationItemGroup.ModificationItemList.ModificationItem.Installation.ImplementationMethodList.ImplementationMethod","adc0fd1f1425b4f60a521474479b1b300340fbc4-0-b97b8a722ded8211d0a6d85bf1844861319cb35a"
"Air Force Active","","","","","53","0.6","","","","","12","0.15","","","adc0fd1f1425b4f60a521474479b1b300340fbc4-0-d6cbc91745266284042e1d284efac98ed3fab58c","adc0fd1f1425b4f60a521474479b1b300340fbc4","root.record.ItemExhibitList.P3AModificationItemGroup.ModificationItemList.ModificationItem.Installation.ImplementationMethodList.ImplementationMethod","adc0fd1f1425b4f60a521474479b1b300340fbc4-0-f8009fe4b38523cbb890824176726ff09b36229a"
"Air National Guard","","","","","","","","","","","2","0.022","","","adc0fd1f1425b4f60a521474479b1b300340fbc4-1-16c85ac8d074d4c5a20b0ca8a2b0427a7b0f693e","adc0fd1f1425b4f60a521474479b1b300340fbc4","root.record.ItemExhibitList.P3AModificationItemGroup.ModificationItemList.ModificationItem.Installation.ImplementationMethodList.ImplementationMethod","adc0fd1f1425b4f60a521474479b1b300340fbc4-0-f8009fe4b38523cbb890824176726ff09b36229a"
"Air Force Active","","","","","","","14","1.25","","","","","","","b1ee92e162c25302d94da3c5fb1c45a78b78db58-0-0e34cbb62b1b797134643c7c971e9048ba852592","b1ee92e162c25302d94da3c5fb1c45a78b78db58","root.record.ItemExhibitList.P3AModificationItemGroup.ModificationItemList.ModificationItem.Installation.ImplementationMethodList.ImplementationMethod","b1ee92e162c25302d94da3c5fb1c45a78b78db58-0-792f76ddf9a97ac325b187f39b6aecb5125da7ad"
"Air National Guard","5","9.73","5","9.73","","","","","","","","","","","c70a9627ffd057d80be1f80f67fc2c78f9ac7780-0-4a9662855b41488a0e8520b20b857469cf4f660b","c70a9627ffd057d80be1f80f67fc2c78f9ac7780","root.record.ItemExhibitList.P3AModificationItemGroup.ModificationItemList.ModificationItem.Installation.ImplementationMethodList.ImplementationMethod","c70a9627ffd057d80be1f80f67fc2c78f9ac7780-0-db9c1586854d90cb7dd1e5c47087bd6a2fad093e"
"Air Force Active","","","","","8","12.292","","","","","2","3.25","","","c9ad62ffdba5a9559a77aee838a4c5af880cb7bc-0-030e394bac803adad2a21efa14d78a3eb532e628","c9ad62ffdba5a9559a77aee838a4c5af880cb7bc","root.record.ItemExhibitList.P3AModificationItemGroup.ModificationItemList.ModificationItem.Installation.ImplementationMethodList.ImplementationMethod","c9ad62ffdba5a9559a77aee838a4c5af880cb7bc-0-1e36537770f861139b52b6653c29fd5f1935e269"
"Air Force Active","","","","","8","7.539","","","","","2","1.878","","","c9ad62ffdba5a9559a77aee838a4c5af880cb7bc-0-f2ab43f2191a5057d6c457f844ae0b0091a44853","c9ad62ffdba5a9559a77aee838a4c5af880cb7bc","root.record.ItemExhibitList.P3AModificationItemGroup.ModificationItemList.ModificationItem.Installation.ImplementationMethodList.ImplementationMethod","c9ad62ffdba5a9559a77aee838a4c5af880cb7bc-0-e8c2f3d5a77ad11841468113e4359b006f197020"
"Air Force Active","","","","","12","3.604","","","","","","","","","c9ad62ffdba5a9559a77aee838a4c5af880cb7bc-0-207a60d7cc87d83c3784dec41741c4b7d7d97db3","c9ad62ffdba5a9559a77aee838a4c5af880cb7bc","root.record.ItemExhibitList.P3AModificationItemGroup.ModificationItemList.ModificationItem.Installation.ImplementationMethodList.ImplementationMethod","c9ad62ffdba5a9559a77aee838a4c5af880cb7bc-0-02217d2db937731160512c4140696b4612681903"
"Air Force Active","","","","","8","16.12","","","","","2","4.652","","","c9ad62ffdba5a9559a77aee838a4c5af880cb7bc-0-760851ed480c2561697cf988d3a4f4bebf1e8de2","c9ad62ffdba5a9559a77aee838a4c5af880cb7bc","root.record.ItemExhibitList.P3AModificationItemGroup.ModificationItemList.ModificationItem.Installation.ImplementationMethodList.ImplementationMethod","c9ad62ffdba5a9559a77aee838a4c5af880cb7bc-0-a609c2b0244bad5358bfb7e44eb24fd3be5b8fa5"
"Air Force Active","","","","","","","0","10.7","","","","","","","fb54e06467b731bf13ac60b5c589758d4131acbd-0-2797c1027396874f620e970be0331f1d52baecba","fb54e06467b731bf13ac60b5c589758d4131acbd","root.record.ItemExhibitList.P3AModificationItemGroup.ModificationItemList.ModificationItem.Installation.ImplementationMethodList.ImplementationMethod","fb54e06467b731bf13ac60b5c589758d4131acbd-0-5053e2970b442747be133be3d320cc65695dd97f"
"Air Force Active","0","1.826","0","1.826","","","","","","","","","","","fb54e06467b731bf13ac60b5c589758d4131acbd-0-5c6c761fbde5313cb38809bf0d32e3c54e92e81f","fb54e06467b731bf13ac60b5c589758d4131acbd","root.record.ItemExhibitList.P3AModificationItemGroup.ModificationItemList.ModificationItem.Installation.ImplementationMethodList.ImplementationMethod","fb54e06467b731bf13ac60b5c589758d4131acbd-0-24192e78b10a8583381c236f347cc70089f050a8"
"Air Force Active","2","1.786","2","1.786","4","3.532","","","","","","","","","00d39061bb6cf1a3704c757ddeffe08ad768d434-0-46f7607085737b8f5187f5c909a82cb116c3d284","00d39061bb6cf1a3704c757ddeffe08ad768d434","root.record.ItemExhibitList.P3AModificationItemGroup.ModificationItemList.ModificationItem.Installation.ImplementationMethodList.ImplementationMethod","00d39061bb6cf1a3704c757ddeffe08ad768d434-0-c2b8c132a0a24150eea01694fec4bb4b8db6baef"
"Air Force Active","2","10.321","2","10.321","","","","","","","","","","","086f5258b19005be4593baa1c9cdf9eec7cd1cad-0-1098ee61ded084a1c0b0aa8be6f92fb4e2fb0718","086f5258b19005be4593baa1c9cdf9eec7cd1cad","root.record.ItemExhibitList.P3AModificationItemGroup.ModificationItemList.ModificationItem.Installation.ImplementationMethodList.ImplementationMethod","086f5258b19005be4593baa1c9cdf9eec7cd1cad-0-02764f06dd5dac7f84fd40bff3e5d2ac0b721cce"
"Air Force Active","","","","","","","","","","","14","5.551","9","3.634","094b114b010621064be6b19ba691583e52d3c19b-0-b5d034f830c83f72c31e51b0cc32deee0813c5cb","094b114b010621064be6b19ba691583e52d3c19b","root.record.ItemExhibitList.P3AModificationItemGroup.ModificationItemList.ModificationItem.Installation.ImplementationMethodList.ImplementationMethod","094b114b010621064be6b19ba691583e52d3c19b-0-4bf1404c4b268ac938c37b53698de97282f2688b"
"Air National Guard","","","","","","","","","","","","","9","3.636","094b114b010621064be6b19ba691583e52d3c19b-1-9745ca1ca5028ec46faec8b3e9120e661b40f861","094b114b010621064be6b19ba691583e52d3c19b","root.record.ItemExhibitList.P3AModificationItemGroup.ModificationItemList.ModificationItem.Installation.ImplementationMethodList.ImplementationMethod","094b114b010621064be6b19ba691583e52d3c19b-0-4bf1404c4b268ac938c37b53698de97282f2688b"
"Air Force Active","","","","","","","619","65.724","","","","","","","094b114b010621064be6b19ba691583e52d3c19b-0-3a0456d8d58641fb59a1bd86e60e2c2222327822","094b114b010621064be6b19ba691583e52d3c19b","root.record.ItemExhibitList.P3AModificationItemGroup.ModificationItemList.ModificationItem.Installation.ImplementationMethodList.ImplementationMethod","094b114b010621064be6b19ba691583e52d3c19b-0-1c6e1a1f238793947c5da9a88f364782018896f6"
"Air National Guard","","","","","","","77","9.141","","","","","","","094b114b010621064be6b19ba691583e52d3c19b-1-467962bcd4223fe637ba98789b802a35533c84d4","094b114b010621064be6b19ba691583e52d3c19b","root.record.ItemExhibitList.P3AModificationItemGroup.ModificationItemList.ModificationItem.Installation.ImplementationMethodList.ImplementationMethod","094b114b010621064be6b19ba691583e52d3c19b-0-1c6e1a1f238793947c5da9a88f364782018896f6"
"Air Force Active","1037","0.596","1037","0.596","","","","","","","","","","","094b114b010621064be6b19ba691583e52d3c19b-0-caa1b3eaa21b1704207e8a5f288bc493bdad9648","094b114b010621064be6b19ba691583e52d3c19b","root.record.ItemExhibitList.P3AModificationItemGroup.ModificationItemList.ModificationItem.Installation.ImplementationMethodList.ImplementationMethod","094b114b010621064be6b19ba691583e52d3c19b-0-8979fbfb1fa54053e5e1f75f785ba1a86af06302"
"Air National Guard","90","0.052","90","0.052","","","","","","","","","","","094b114b010621064be6b19ba691583e52d3c19b-1-602e6338e3bb405ff55cb4f30ce84b24b7f43e1f","094b114b010621064be6b19ba691583e52d3c19b","root.record.ItemExhibitList.P3AModificationItemGroup.ModificationItemList.ModificationItem.Installation.ImplementationMethodList.ImplementationMethod","094b114b010621064be6b19ba691583e52d3c19b-0-8979fbfb1fa54053e5e1f75f785ba1a86af06302"
"Air Force Active","24","35.091","24","35.091","9","11.74","","","","","","","","","094b114b010621064be6b19ba691583e52d3c19b-0-19c39bcc8aacb10b49a144918c09321397617196","094b114b010621064be6b19ba691583e52d3c19b","root.record.ItemExhibitList.P3AModificationItemGroup.ModificationItemList.ModificationItem.Installation.ImplementationMethodList.ImplementationMethod","094b114b010621064be6b19ba691583e52d3c19b-0-0bc814c3444c607c8362ab864516d645f34d3284"
"Air Force Active","","","","","15","1.314","","","","","","","","","1b51331fa8cfd17504ac0810da6ec4ab9ae45834-0-040c5d4f2c0834c9daacbc8053fa83ec324536a7","1b51331fa8cfd17504ac0810da6ec4ab9ae45834","root.record.ItemExhibitList.P3AModificationItemGroup.ModificationItemList.ModificationItem.Installation.ImplementationMethodList.ImplementationMethod","1b51331fa8cfd17504ac0810da6ec4ab9ae45834-0-d4717e656296001bd2e0e869de55b77daef8be8c"
"Air Force Active","","","","","27","13.338","","","","","","","","","1b51331fa8cfd17504ac0810da6ec4ab9ae45834-0-08c38ad311f215e20deccd42f9e3bf5516f1a5fc","1b51331fa8cfd17504ac0810da6ec4ab9ae45834","root.record.ItemExhibitList.P3AModificationItemGroup.ModificationItemList.ModificationItem.Installation.ImplementationMethodList.ImplementationMethod","1b51331fa8cfd17504ac0810da6ec4ab9ae45834-0-e2337f8f7b676fc0b108e359c5d0203ff4dd96aa"
"Air National Guard","","","","","55","27.17","","","","","","","","","1b51331fa8cfd17504ac0810da6ec4ab9ae45834-1-528b79dd8ca4d8e8b16a2cbd8bf5cd7e1e9538a2","1b51331fa8cfd17504ac0810da6ec4ab9ae45834","root.record.ItemExhibitList.P3AModificationItemGroup.ModificationItemList.ModificationItem.Installation.ImplementationMethodList.ImplementationMethod","1b51331fa8cfd17504ac0810da6ec4ab9ae45834-0-e2337f8f7b676fc0b108e359c5d0203ff4dd96aa"
"Air Force Reserve","","","","","21","10.374","","","","","","","","","1b51331fa8cfd17504ac0810da6ec4ab9ae45834-2-67fa4a2db763610f0c1b80be8a511bd44a67f9cb","1b51331fa8cfd17504ac0810da6ec4ab9ae45834","root.record.ItemExhibitList.P3AModificationItemGroup.ModificationItemList.ModificationItem.Installation.ImplementationMethodList.ImplementationMethod","1b51331fa8cfd17504ac0810da6ec4ab9ae45834-0-e2337f8f7b676fc0b108e359c5d0203ff4dd96aa"
"Air Force Active","2","0.292","2","0.292","8","0.624","","","","","","","","","1b51331fa8cfd17504ac0810da6ec4ab9ae45834-0-72fb51b50a3ec34969dbcf060a532e5bcda60837","1b51331fa8cfd17504ac0810da6ec4ab9ae45834","root.record.ItemExhibitList.P3AModificationItemGroup.ModificationItemList.ModificationItem.Installation.ImplementationMethodList.ImplementationMethod","1b51331fa8cfd17504ac0810da6ec4ab9ae45834-0-8a88b70e5d09e6748a58faff450f9515fdf1cace"
"Air Force Active","","","","","2","5.6","","","","","","","","","1b51331fa8cfd17504ac0810da6ec4ab9ae45834-0-a85adeca4329dfc2e2e7e9d242bb6b3f9957f0d5","1b51331fa8cfd17504ac0810da6ec4ab9ae45834","root.record.ItemExhibitList.P3AModificationItemGroup.ModificationItemList.ModificationItem.Installation.ImplementationMethodList.ImplementationMethod","1b51331fa8cfd17504ac0810da6ec4ab9ae45834-0-ae161b717324266a5e922e230bf8a530b36f50c8"
"Air Force Active","","","","","2","13.345","","","","","","","","","1b51331fa8cfd17504ac0810da6ec4ab9ae45834-0-ebd0a451dcc0c59bda0fddf0f78acb7d8cfec6a0","1b51331fa8cfd17504ac0810da6ec4ab9ae45834","root.record.ItemExhibitList.P3AModificationItemGroup.ModificationItemList.ModificationItem.Installation.ImplementationMethodList.ImplementationMethod","1b51331fa8cfd17504ac0810da6ec4ab9ae45834-0-59f33e7be084d5eb9f837d7f8b7efc57fa8f11bf"
"Air Force Active","","","","","","","9","0.204","","","","","","","21b292cf6c6abee07374aa359f4f727f23b5accd-0-0138191840122f9d068244863a673f8be0876682","21b292cf6c6abee07374aa359f4f727f23b5accd","root.record.ItemExhibitList.P3AModificationItemGroup.ModificationItemList.ModificationItem.Installation.ImplementationMethodList.ImplementationMethod","21b292cf6c6abee07374aa359f4f727f23b5accd-0-d2630182cae71164487209c59da8d3abe2bdc0ee"
"Air National Guard","","","","","","","8","0.181","","","","","","","21b292cf6c6abee07374aa359f4f727f23b5accd-1-b0851237d0d62095539a2f2a935794d0ac85b341","21b292cf6c6abee07374aa359f4f727f23b5accd","root.record.ItemExhibitList.P3AModificationItemGroup.ModificationItemList.ModificationItem.Installation.ImplementationMethodList.ImplementationMethod","21b292cf6c6abee07374aa359f4f727f23b5accd-0-d2630182cae71164487209c59da8d3abe2bdc0ee"
"Air Force Reserve","","","","","","","8","0.181","","","","","","","21b292cf6c6abee07374aa359f4f727f23b5accd-2-1a0127c4b5bcc6a328b61ee55a7f4c3d2932b7ea","21b292cf6c6abee07374aa359f4f727f23b5accd","root.record.ItemExhibitList.P3AModificationItemGroup.ModificationItemList.ModificationItem.Installation.ImplementationMethodList.ImplementationMethod","21b292cf6c6abee07374aa359f4f727f23b5accd-0-d2630182cae71164487209c59da8d3abe2bdc0ee"
"Air Force Active","","","","","","","28","2.7","","","","","","","21b292cf6c6abee07374aa359f4f727f23b5accd-0-2b44f59f29e3b04d189e57c2681b2717b66083fa","21b292cf6c6abee07374aa359f4f727f23b5accd","root.record.ItemExhibitList.P3AModificationItemGroup.ModificationItemList.ModificationItem.Installation.ImplementationMethodList.ImplementationMethod","21b292cf6c6abee07374aa359f4f727f23b5accd-0-3c742b94b8395a30ac221d8da2b4f18316200271"
"Air Force Active","26","2.509","26","2.509","1","0.174","2","0.348","","","","","","","243848b289cde74724b57b7a20a2699c5b50464b-0-8c5e2f04e96c2c4f9811daf2090912864c08799d","243848b289cde74724b57b7a20a2699c5b50464b","root.record.ItemExhibitList.P3AModificationItemGroup.ModificationItemList.ModificationItem.Installation.ImplementationMethodList.ImplementationMethod","243848b289cde74724b57b7a20a2699c5b50464b-0-403440a884b75ab10f01eb55dfa1c4c840d5ff8e"
"Air Force Active","","","","","","","14","1.047","","","","","","","40fd9fc6c2ac48cf939a246b71e8f0ee9f461d97-0-12c4037da3f3940211fcdbd68f3af27bfcdbb5b8","40fd9fc6c2ac48cf939a246b71e8f0ee9f461d97","root.record.ItemExhibitList.P3AModificationItemGroup.ModificationItemList.ModificationItem.Installation.ImplementationMethodList.ImplementationMethod","40fd9fc6c2ac48cf939a246b71e8f0ee9f461d97-0-4298eea71786d0a2a50102fa1cb8c39a0411b1b8"
"Air Force Active","","","","","","","1","0.16","","","","","","","40fd9fc6c2ac48cf939a246b71e8f0ee9f461d97-0-65e32024cfdf42b894b0cfc9db9af7e052b473f6","40fd9fc6c2ac48cf939a246b71e8f0ee9f461d97","root.record.ItemExhibitList.P3AModificationItemGroup.ModificationItemList.ModificationItem.Installation.ImplementationMethodList.ImplementationMethod","40fd9fc6c2ac48cf939a246b71e8f0ee9f461d97-0-0c6602321d8830ca9fe8a671b242359a13428325"
"Air Force Active","","","","","39","5.381","","","","","0","0.000","","","4a50bcc3d4d4cf4d2aac2801f050c14f17c5a6ef-0-b5eaa402c0e0244d7171e26f7fa99d9b3262ea07","4a50bcc3d4d4cf4d2aac2801f050c14f17c5a6ef","root.record.ItemExhibitList.P3AModificationItemGroup.ModificationItemList.ModificationItem.Installation.ImplementationMethodList.ImplementationMethod","4a50bcc3d4d4cf4d2aac2801f050c14f17c5a6ef-0-5bc5f9f96a3cc853f48b2fd469cf8e0d69b768f1"
"Air Force Active","","","","","","","1","0.606","","","","","","","59be73e034389a010dbcc3a981c4115536ebaee8-0-f54d04750e58b6962945c4e0159b67e6cd4460ed","59be73e034389a010dbcc3a981c4115536ebaee8","root.record.ItemExhibitList.P3AModificationItemGroup.ModificationItemList.ModificationItem.Installation.ImplementationMethodList.ImplementationMethod","59be73e034389a010dbcc3a981c4115536ebaee8-0-6fcc691c8c673a6951fca7ff56273e1350e87a2d"
"Air Force Active","","","","","","","13","0.000","","","","","","","774511d4a3470732389a6f7ea6920e28e9168865-0-db62c8d30f9ce3aad7c8cff630b0efef72f156fa","774511d4a3470732389a6f7ea6920e28e9168865","root.record.ItemExhibitList.P3AModificationItemGroup.ModificationItemList.ModificationItem.Installation.ImplementationMethodList.ImplementationMethod","774511d4a3470732389a6f7ea6920e28e9168865-0-40f19cc2024b23cd0f5c3868e8257f5abaac194a"
"Air Force Active","9","1.804","9","1.804","","","","","","","","","","","80c314a08d629cf8ab4d43a0a1a5135314197657-0-d0242ba6ec6b1a4471989a96a96af189aade349b","80c314a08d629cf8ab4d43a0a1a5135314197657","root.record.ItemExhibitList.P3AModificationItemGroup.ModificationItemList.ModificationItem.Installation.ImplementationMethodList.ImplementationMethod","80c314a08d629cf8ab4d43a0a1a5135314197657-0-97d8b3e5a53afb67045b9f7690246c3def54a845"
"Air Force Active","","","","","32","6.908","","","","","","","","","80c314a08d629cf8ab4d43a0a1a5135314197657-0-1b02bce81d489a7d60c45adb9d46e4b7ad599684","80c314a08d629cf8ab4d43a0a1a5135314197657","root.record.ItemExhibitList.P3AModificationItemGroup.ModificationItemList.ModificationItem.Installation.ImplementationMethodList.ImplementationMethod","80c314a08d629cf8ab4d43a0a1a5135314197657-0-b993e931a33d166440712ecfdcaacdc9bc234c8a"
"Air Force Active","","","","","","","45","2.028","","","","","","","80c314a08d629cf8ab4d43a0a1a5135314197657-0-b98f8af418638a1aaf7c635b1b5d89300c13aa78","80c314a08d629cf8ab4d43a0a1a5135314197657","root.record.ItemExhibitList.P3AModificationItemGroup.ModificationItemList.ModificationItem.Installation.ImplementationMethodList.ImplementationMethod","80c314a08d629cf8ab4d43a0a1a5135314197657-0-e9a748cfff9001299012c578f14663b09c9f9a32"
"Air Force Active","","","","","17","2.284","","","","","1","1.11","","","80c314a08d629cf8ab4d43a0a1a5135314197657-0-4799a1da4cc1342113cfcf207e13a08d4cdba259","80c314a08d629cf8ab4d43a0a1a5135314197657","root.record.ItemExhibitList.P3AModificationItemGroup.ModificationItemList.ModificationItem.Installation.ImplementationMethodList.ImplementationMethod","80c314a08d629cf8ab4d43a0a1a5135314197657-0-5159712a36953d7f389cebcafe5637e33a95bd84"
"Air Force Active","","","","","","","106","8.343","","","","","","","80c314a08d629cf8ab4d43a0a1a5135314197657-0-304d98b7f4d0832b4e16e7924a1eaf0f55b89486","80c314a08d629cf8ab4d43a0a1a5135314197657","root.record.ItemExhibitList.P3AModificationItemGroup.ModificationItemList.ModificationItem.Installation.ImplementationMethodList.ImplementationMethod","80c314a08d629cf8ab4d43a0a1a5135314197657-0-58d3063b504a9c5b1c355f406038f614677b1799"
"Air Force Active","","","","","","","1","0.000","","","","","","","81fec39e367b83589f17cef5412d90681667d36f-0-fed53e746b765455a85b0b1bfc41c3823c12b93c","81fec39e367b83589f17cef5412d90681667d36f","root.record.ItemExhibitList.P3AModificationItemGroup.ModificationItemList.ModificationItem.Installation.ImplementationMethodList.ImplementationMethod","81fec39e367b83589f17cef5412d90681667d36f-0-a22e2ebb3a88fc6097477faee69e2eb656714e05"
"Air Force Active","110","1.122","110","1.122","25","0.26","","","","","","","","","8c8ae26141464ecd714278ca073e0e9447d4198a-0-db2c273a68eb113cbb245710a700d86410950d91","8c8ae26141464ecd714278ca073e0e9447d4198a","root.record.ItemExhibitList.P3AModificationItemGroup.ModificationItemList.ModificationItem.Installation.ImplementationMethodList.ImplementationMethod","8c8ae26141464ecd714278ca073e0e9447d4198a-0-4eafa1dabe532e7d4ee3f6719ec5f228345adeda"
"Air National Guard","90","0.918","90","0.918","12","0.125","","","","","","","","","8c8ae26141464ecd714278ca073e0e9447d4198a-1-c1240dac192330bda4f93e297c4edbcf5cfa1059","8c8ae26141464ecd714278ca073e0e9447d4198a","root.record.ItemExhibitList.P3AModificationItemGroup.ModificationItemList.ModificationItem.Installation.ImplementationMethodList.ImplementationMethod","8c8ae26141464ecd714278ca073e0e9447d4198a-0-4eafa1dabe532e7d4ee3f6719ec5f228345adeda"
"Air Force Reserve","45","0.459","45","0.459","8","0.083","","","","","","","","","8c8ae26141464ecd714278ca073e0e9447d4198a-2-58fdfd2beef4434160b1ececba65f8874f90aedb","8c8ae26141464ecd714278ca073e0e9447d4198a","root.record.ItemExhibitList.P3AModificationItemGroup.ModificationItemList.ModificationItem.Installation.ImplementationMethodList.ImplementationMethod","8c8ae26141464ecd714278ca073e0e9447d4198a-0-4eafa1dabe532e7d4ee3f6719ec5f228345adeda"
"Air Force Active","1","6.762","1","6.762","","","","","","","","","","","8d7c7dd71f2621f7c2e23873d891c962c3228d48-0-0aaf5075ceec2ba7734565734eaf38fa46aa9ee9","8d7c7dd71f2621f7c2e23873d891c962c3228d48","root.record.ItemExhibitList.P3AModificationItemGroup.ModificationItemList.ModificationItem.Installation.ImplementationMethodList.ImplementationMethod","8d7c7dd71f2621f7c2e23873d891c962c3228d48-0-e96996890b7912feaab3050b80c866cec212d41c"
"Air Force Active","2","42.993","2","42.993","","","","","","","","","","","8d7c7dd71f2621f7c2e23873d891c962c3228d48-0-2f037561960bc8e8e2fd3e305e81ee1b004e692b","8d7c7dd71f2621f7c2e23873d891c962c3228d48","root.record.ItemExhibitList.P3AModificationItemGroup.ModificationItemList.ModificationItem.Installation.ImplementationMethodList.ImplementationMethod","8d7c7dd71f2621f7c2e23873d891c962c3228d48-0-50903599dbbd3fadcbc5c5c349bd65f8b9019732"
"Air Force Active","1","5.119","1","5.119","","","","","","","","","","","8d7c7dd71f2621f7c2e23873d891c962c3228d48-0-96e0ce586cf1bed3314269ce665b0e038e34daf5","8d7c7dd71f2621f7c2e23873d891c962c3228d48","root.record.ItemExhibitList.P3AModificationItemGroup.ModificationItemList.ModificationItem.Installation.ImplementationMethodList.ImplementationMethod","8d7c7dd71f2621f7c2e23873d891c962c3228d48-0-26d1c30efd6abd30a86b940a20022a62bf6514c3"
"Air Force Active","","","","","","","327","0.000","","","","","","","8f9993f845d52dd295769d91ecf2500389b6cdf6-0-dd427042d96687fde7116dd9984671be7eb6f403","8f9993f845d52dd295769d91ecf2500389b6cdf6","root.record.ItemExhibitList.P3AModificationItemGroup.ModificationItemList.ModificationItem.Installation.ImplementationMethodList.ImplementationMethod","8f9993f845d52dd295769d91ecf2500389b6cdf6-0-d18e9d9a98055175db79f92bd322bc83b6255161"
"Air Force Active","","","","","8","4.455","","","","","2","1.133","","","97092ba11b429a6f7046ccc267083d82ef7c2035-0-a8e5c7f3a22d2536b8a78dfa09e7b477dfbad5e7","97092ba11b429a6f7046ccc267083d82ef7c2035","root.record.ItemExhibitList.P3AModificationItemGroup.ModificationItemList.ModificationItem.Installation.ImplementationMethodList.ImplementationMethod","97092ba11b429a6f7046ccc267083d82ef7c2035-0-ae54cf8649ecb64465a1a58a58e802971539f2dd"
"Air Force Active","","","","","","","","","","","7","2.863","","","97092ba11b429a6f7046ccc267083d82ef7c2035-0-85bafb7b5067725772f89382b142e39ff8bd300d","97092ba11b429a6f7046ccc267083d82ef7c2035","root.record.ItemExhibitList.P3AModificationItemGroup.ModificationItemList.ModificationItem.Installation.ImplementationMethodList.ImplementationMethod","97092ba11b429a6f7046ccc267083d82ef7c2035-0-654573c4111789054f5b42d4e03383d13bb17528"
"Air National Guard","","","","","","","","","","","7","0.000","","","97092ba11b429a6f7046ccc267083d82ef7c2035-1-bb4cb3ac56483b73cf1e3d0a05c755ff7a932fcd","97092ba11b429a6f7046ccc267083d82ef7c2035","root.record.ItemExhibitList.P3AModificationItemGroup.ModificationItemList.ModificationItem.Installation.ImplementationMethodList.ImplementationMethod","97092ba11b429a6f7046ccc267083d82ef7c2035-0-654573c4111789054f5b42d4e03383d13bb17528"
"Air Force Active","35","1.905","35","1.905","","","","","","","","","","","97092ba11b429a6f7046ccc267083d82ef7c2035-0-182f7ba979bff961b3b3a9387f5c6807b101e346","97092ba11b429a6f7046ccc267083d82ef7c2035","root.record.ItemExhibitList.P3AModificationItemGroup.ModificationItemList.ModificationItem.Installation.ImplementationMethodList.ImplementationMethod","97092ba11b429a6f7046ccc267083d82ef7c2035-0-10e169e9b21dacaa142e71b37905bda10fee76a0"
"Air National Guard","25","1.325","25","1.325","","","","","","","","","","","97092ba11b429a6f7046ccc267083d82ef7c2035-1-ce565146d444b2a4832c0f9697d18360a5259b7b","97092ba11b429a6f7046ccc267083d82ef7c2035","root.record.ItemExhibitList.P3AModificationItemGroup.ModificationItemList.ModificationItem.Installation.ImplementationMethodList.ImplementationMethod","97092ba11b429a6f7046ccc267083d82ef7c2035-0-10e169e9b21dacaa142e71b37905bda10fee76a0"
"Air Force Active","1","1.852","1","1.852","8","14.995","","","","","","","","","9d0635e6b065ec52f615adb4acd6b2f1a2460f79-0-c4a8750e0784ecca86753982a28412bd28e9b0b1","9d0635e6b065ec52f615adb4acd6b2f1a2460f79","root.record.ItemExhibitList.P3AModificationItemGroup.ModificationItemList.ModificationItem.Installation.ImplementationMethodList.ImplementationMethod","9d0635e6b065ec52f615adb4acd6b2f1a2460f79-0-fed842a870d1dc74f6025619d6e64474439b27f1"
"Air Force Active","1","1","1","1","8","8.022","","","","","","","","","9d0635e6b065ec52f615adb4acd6b2f1a2460f79-0-4d891dce18ee86f4c9cbdbcbe9d2199089f9f77c","9d0635e6b065ec52f615adb4acd6b2f1a2460f79","root.record.ItemExhibitList.P3AModificationItemGroup.ModificationItemList.ModificationItem.Installation.ImplementationMethodList.ImplementationMethod","9d0635e6b065ec52f615adb4acd6b2f1a2460f79-0-fa25afe0e1864e000589b1767f8273c1a0da06c9"
"Air Force Active","","","","","28","10.766","","","","","","","","","9d0635e6b065ec52f615adb4acd6b2f1a2460f79-0-0e66605f7b3e7aac06621634711c046e7494f9e1","9d0635e6b065ec52f615adb4acd6b2f1a2460f79","root.record.ItemExhibitList.P3AModificationItemGroup.ModificationItemList.ModificationItem.Installation.ImplementationMethodList.ImplementationMethod","9d0635e6b065ec52f615adb4acd6b2f1a2460f79-0-21a4f81d3f8bf7075e9bf7bd580a41ef912b9011"
"Air Force Active","1","2.588","1","2.588","8","20.675","","","","","","","","","9d0635e6b065ec52f615adb4acd6b2f1a2460f79-0-0357186771b59f88cdf4de261eb6d71264f5dafa","9d0635e6b065ec52f615adb4acd6b2f1a2460f79","root.record.ItemExhibitList.P3AModificationItemGroup.ModificationItemList.ModificationItem.Installation.ImplementationMethodList.ImplementationMethod","9d0635e6b065ec52f615adb4acd6b2f1a2460f79-0-ae081e0eac5b87c6f1fb1c73d5eb133c80e6bdf6"
"Air Force Active","","","","","","","19","4.667","","","","","","","9dd5c833a9006fb3270153c2362e25e05dd0bbaf-0-f5502424835b89550d28f286737869318795a41d","9dd5c833a9006fb3270153c2362e25e05dd0bbaf","root.record.ItemExhibitList.P3AModificationItemGroup.ModificationItemList.ModificationItem.Installation.ImplementationMethodList.ImplementationMethod","9dd5c833a9006fb3270153c2362e25e05dd0bbaf-0-e094dff16044f908fc27a4766922e7dfd095f485"
"Air National Guard","2","1.116","2","1.116","1","0.335","4","6.948","","","","","","","a6c04085369658f15474f3c1a6a8dcd27adbdf87-0-365cb43a6a740f62dd19e876206882a61fcbfecc","a6c04085369658f15474f3c1a6a8dcd27adbdf87","root.record.ItemExhibitList.P3AModificationItemGroup.ModificationItemList.ModificationItem.Installation.ImplementationMethodList.ImplementationMethod","a6c04085369658f15474f3c1a6a8dcd27adbdf87-0-143a3793ffb2469c7d528171f11cb427a4d00264"
"Air Force Active","15","4.029","15","4.029","","","","","","","","","","","b32444cd918b9b031e8603a60192752f78862d75-0-a21208860f6affd8478f244665ba68d4cdfda387","b32444cd918b9b031e8603a60192752f78862d75","root.record.ItemExhibitList.P3AModificationItemGroup.ModificationItemList.ModificationItem.Installation.ImplementationMethodList.ImplementationMethod","b32444cd918b9b031e8603a60192752f78862d75-0-4d9c3b446b548d55aedca0c2ea6f98b9060ecd1e"
"Air Force Active","","","","","7","2.513","","","","","","","","","b327130cfc79546df0dba3a09801fedad12be124-0-5b70083207e56fbd3c43cdaa3c540a68cdb83421","b327130cfc79546df0dba3a09801fedad12be124","root.record.ItemExhibitList.P3AModificationItemGroup.ModificationItemList.ModificationItem.Installation.ImplementationMethodList.ImplementationMethod","b327130cfc79546df0dba3a09801fedad12be124-0-55cc97493eb60aba71761f58f5489e26c8580b7d"
"Air Force Active","","","","","","","1","0.000","","","","","","","bd18b0371a78c52c2adfe6a945abcf473f7ada72-0-50e8902e4a5920ab3c735d5e65cd594dc53e8f97","bd18b0371a78c52c2adfe6a945abcf473f7ada72","root.record.ItemExhibitList.P3AModificationItemGroup.ModificationItemList.ModificationItem.Installation.ImplementationMethodList.ImplementationMethod","bd18b0371a78c52c2adfe6a945abcf473f7ada72-0-05fb72c14b3c602c99e6c3744b7d75209624ac59"
"Air Force Active","","","","","","","1","3.1","","","","","","","db18bd00825789823c33bc7ec22afd3752dfccb6-0-e4dbcfd53d7bd055913aee48d86606994b7021af","db18bd00825789823c33bc7ec22afd3752dfccb6","root.record.ItemExhibitList.P3AModificationItemGroup.ModificationItemList.ModificationItem.Installation.ImplementationMethodList.ImplementationMethod","db18bd00825789823c33bc7ec22afd3752dfccb6-0-ad2f2223cbebf6ac1d197a8c479ae65237e9fb26"
"Air Force Active","","","","","","","1","0.000","","","","","","","db18bd00825789823c33bc7ec22afd3752dfccb6-0-7bcd4e1d9727a5d494703c133d1c515f136ef901","db18bd00825789823c33bc7ec22afd3752dfccb6","root.record.ItemExhibitList.P3AModificationItemGroup.ModificationItemList.ModificationItem.Installation.ImplementationMethodList.ImplementationMethod","db18bd00825789823c33bc7ec22afd3752dfccb6-0-b35e0e2cb35ddccefd1abae5c702f8026c76ba1c"
"Air Force Active","","","","","6","8.198","","","","","6","8.2","","","f44dca61b9b1e835d69d006aa1c3680d9e5ec17c-0-eac5b170c468cc853f5426ae121dc6cbad50114c","f44dca61b9b1e835d69d006aa1c3680d9e5ec17c","root.record.ItemExhibitList.P3AModificationItemGroup.ModificationItemList.ModificationItem.Installation.ImplementationMethodList.ImplementationMethod","f44dca61b9b1e835d69d006aa1c3680d9e5ec17c-0-359287c582515387c5a0876c3d4d38bce18632de"
"Air Force Active","11","212.996","11","212.996","","","","","","","","","","","f470f9c50df2b28d2aa6cfc64cab69bc99a8fdee-0-faba9e3c806bd9c2523057e641ae31993a4dc1aa","f470f9c50df2b28d2aa6cfc64cab69bc99a8fdee","root.record.ItemExhibitList.P3AModificationItemGroup.ModificationItemList.ModificationItem.Installation.ImplementationMethodList.ImplementationMethod","f470f9c50df2b28d2aa6cfc64cab69bc99a8fdee-0-6a17684104d0f1fd06e1bff7f55e4fb089bc3016"
"Air Force Active","2","1","2","1","","","","","","","","","","","f608d47e7fc02be2d5e71c386e20ebeff98b3f96-0-d8a9aa4f8885db1be488c31a2e536ddfc2940286","f608d47e7fc02be2d5e71c386e20ebeff98b3f96","root.record.ItemExhibitList.P3AModificationItemGroup.ModificationItemList.ModificationItem.Installation.ImplementationMethodList.ImplementationMethod","f608d47e7fc02be2d5e71c386e20ebeff98b3f96-0-cb9e3431042fc1ad83db254fbbe9704e539409c2"
