"id","timestamp.meta.partial.fields","timestamp_iso8601.meta.partial.fields","fiscal_year.meta.partial.fields","source.meta.partial.fields","catalog.meta.partial.fields","data_type.meta.partial.fields","classification.meta.partial.fields","resource.meta.partial.fields","source_filename.meta.partial.fields","type.meta.partial.fields","value.Name.P18Item.ItemExhibitList.record.partial.fields","value.BudgetYearOneBase.SubtotalSparesCost.InitialSpares.P18Item.ItemExhibitList.record.partial.fields","value.PriorYear.SubtotalSparesCost.InitialSpares.P18Item.ItemExhibitList.record.partial.fields","value.CurrentYear.SubtotalSparesCost.InitialSpares.P18Item.ItemExhibitList.record.partial.fields","value.BudgetYearOne.SubtotalSparesCost.InitialSpares.P18Item.ItemExhibitList.record.partial.fields","value.BudgetActivityNumber.EndItemBudgetActivity.InitialSpares.P18Item.ItemExhibitList.record.partial.fields","value.Name.EndItem.EndItemList.EndItemBudgetActivity.InitialSpares.P18Item.ItemExhibitList.record.partial.fields","value.BudgetYearOneBase.Cost.EndItem.EndItemList.EndItemBudgetActivity.InitialSpares.P18Item.ItemExhibitList.record.partial.fields","value.PriorYear.Cost.EndItem.EndItemList.EndItemBudgetActivity.InitialSpares.P18Item.ItemExhibitList.record.partial.fields","value.CurrentYear.Cost.EndItem.EndItemList.EndItemBudgetActivity.InitialSpares.P18Item.ItemExhibitList.record.partial.fields","value.BudgetYearOne.Cost.EndItem.EndItemList.EndItemBudgetActivity.InitialSpares.P18Item.ItemExhibitList.record.partial.fields","value.LineItemNumber.EndItem.EndItemList.EndItemBudgetActivity.InitialSpares.P18Item.ItemExhibitList.record.partial.fields","value.BudgetActivityTitle.EndItemBudgetActivity.InitialSpares.P18Item.ItemExhibitList.record.partial.fields","value.BudgetYearOneBase.TotalSparesCost.P18Item.ItemExhibitList.record.partial.fields","value.PriorYear.TotalSparesCost.P18Item.ItemExhibitList.record.partial.fields","value.CurrentYear.TotalSparesCost.P18Item.ItemExhibitList.record.partial.fields","value.BudgetYearOne.TotalSparesCost.P18Item.ItemExhibitList.record.partial.fields","value.BudgetYearFour.SubtotalSparesCost.InitialSpares.P18Item.ItemExhibitList.record.partial.fields","value.BudgetYearThree.SubtotalSparesCost.InitialSpares.P18Item.ItemExhibitList.record.partial.fields","value.BudgetYearFive.SubtotalSparesCost.InitialSpares.P18Item.ItemExhibitList.record.partial.fields","value.BudgetYearTwo.SubtotalSparesCost.InitialSpares.P18Item.ItemExhibitList.record.partial.fields","value.BudgetYearOneOCO.SubtotalSparesCost.InitialSpares.P18Item.ItemExhibitList.record.partial.fields","value.Total.SubtotalSparesCost.InitialSpares.P18Item.ItemExhibitList.record.partial.fields","value.BudgetYearFour.Cost.EndItem.EndItemList.EndItemBudgetActivity.InitialSpares.P18Item.ItemExhibitList.record.partial.fields","value.BudgetYearThree.Cost.EndItem.EndItemList.EndItemBudgetActivity.InitialSpares.P18Item.ItemExhibitList.record.partial.fields","value.BudgetYearFive.Cost.EndItem.EndItemList.EndItemBudgetActivity.InitialSpares.P18Item.ItemExhibitList.record.partial.fields","value.BudgetYearTwo.Cost.EndItem.EndItemList.EndItemBudgetActivity.InitialSpares.P18Item.ItemExhibitList.record.partial.fields","value.BudgetYearOneOCO.Cost.EndItem.EndItemList.EndItemBudgetActivity.InitialSpares.P18Item.ItemExhibitList.record.partial.fields","value.Total.Cost.EndItem.EndItemList.EndItemBudgetActivity.InitialSpares.P18Item.ItemExhibitList.record.partial.fields","value.BudgetYearFour.TotalSparesCost.P18Item.ItemExhibitList.record.partial.fields","value.BudgetYearThree.TotalSparesCost.P18Item.ItemExhibitList.record.partial.fields","value.BudgetYearFive.TotalSparesCost.P18Item.ItemExhibitList.record.partial.fields","value.BudgetYearTwo.TotalSparesCost.P18Item.ItemExhibitList.record.partial.fields","value.BudgetYearOneOCO.TotalSparesCost.P18Item.ItemExhibitList.record.partial.fields","value.Total.TotalSparesCost.P18Item.ItemExhibitList.record.partial.fields","value.MDAPCode.EndItem.EndItemList.EndItemBudgetActivity.InitialSpares.P18Item.ItemExhibitList.record.partial.fields","value.Remarks.P18Item.ItemExhibitList.record.partial.fields","value.ToComplete.TotalSparesCost.P18Item.ItemExhibitList.record.partial.fields","value.AllPriorYears.TotalSparesCost.P18Item.ItemExhibitList.record.partial.fields","value.Name.EndItem.EndItemList.EndItemBudgetActivity.ReplenishmentSpares.P18Item.ItemExhibitList.record.partial.fields","value.BudgetYearFour.Cost.EndItem.EndItemList.EndItemBudgetActivity.ReplenishmentSpares.P18Item.ItemExhibitList.record.partial.fields","value.ToComplete.Cost.EndItem.EndItemList.EndItemBudgetActivity.ReplenishmentSpares.P18Item.ItemExhibitList.record.partial.fields","value.BudgetYearThree.Cost.EndItem.EndItemList.EndItemBudgetActivity.ReplenishmentSpares.P18Item.ItemExhibitList.record.partial.fields","value.BudgetYearFive.Cost.EndItem.EndItemList.EndItemBudgetActivity.ReplenishmentSpares.P18Item.ItemExhibitList.record.partial.fields","value.BudgetYearOneBase.Cost.EndItem.EndItemList.EndItemBudgetActivity.ReplenishmentSpares.P18Item.ItemExhibitList.record.partial.fields","value.AllPriorYears.Cost.EndItem.EndItemList.EndItemBudgetActivity.ReplenishmentSpares.P18Item.ItemExhibitList.record.partial.fields","value.BudgetYearTwo.Cost.EndItem.EndItemList.EndItemBudgetActivity.ReplenishmentSpares.P18Item.ItemExhibitList.record.partial.fields","value.CurrentYear.Cost.EndItem.EndItemList.EndItemBudgetActivity.ReplenishmentSpares.P18Item.ItemExhibitList.record.partial.fields","value.PriorYear.Cost.EndItem.EndItemList.EndItemBudgetActivity.ReplenishmentSpares.P18Item.ItemExhibitList.record.partial.fields","value.BudgetYearOne.Cost.EndItem.EndItemList.EndItemBudgetActivity.ReplenishmentSpares.P18Item.ItemExhibitList.record.partial.fields","value.Total.Cost.EndItem.EndItemList.EndItemBudgetActivity.ReplenishmentSpares.P18Item.ItemExhibitList.record.partial.fields","value.BudgetYearOneOCO.Cost.EndItem.EndItemList.EndItemBudgetActivity.ReplenishmentSpares.P18Item.ItemExhibitList.record.partial.fields","value.LineItemNumber.EndItem.EndItemList.EndItemBudgetActivity.ReplenishmentSpares.P18Item.ItemExhibitList.record.partial.fields","value.MDAPCode.EndItem.EndItemList.EndItemBudgetActivity.ReplenishmentSpares.P18Item.ItemExhibitList.record.partial.fields","value.BudgetActivityNumber.EndItemBudgetActivity.ReplenishmentSpares.P18Item.ItemExhibitList.record.partial.fields","value.BudgetActivityTitle.EndItemBudgetActivity.ReplenishmentSpares.P18Item.ItemExhibitList.record.partial.fields","value.BudgetYearFour.SubtotalSparesCost.ReplenishmentSpares.P18Item.ItemExhibitList.record.partial.fields","value.ToComplete.SubtotalSparesCost.ReplenishmentSpares.P18Item.ItemExhibitList.record.partial.fields","value.BudgetYearThree.SubtotalSparesCost.ReplenishmentSpares.P18Item.ItemExhibitList.record.partial.fields","value.BudgetYearFive.SubtotalSparesCost.ReplenishmentSpares.P18Item.ItemExhibitList.record.partial.fields","value.BudgetYearOneBase.SubtotalSparesCost.ReplenishmentSpares.P18Item.ItemExhibitList.record.partial.fields","value.AllPriorYears.SubtotalSparesCost.ReplenishmentSpares.P18Item.ItemExhibitList.record.partial.fields","value.BudgetYearTwo.SubtotalSparesCost.ReplenishmentSpares.P18Item.ItemExhibitList.record.partial.fields","value.CurrentYear.SubtotalSparesCost.ReplenishmentSpares.P18Item.ItemExhibitList.record.partial.fields","value.PriorYear.SubtotalSparesCost.ReplenishmentSpares.P18Item.ItemExhibitList.record.partial.fields","value.BudgetYearOne.SubtotalSparesCost.ReplenishmentSpares.P18Item.ItemExhibitList.record.partial.fields","value.Total.SubtotalSparesCost.ReplenishmentSpares.P18Item.ItemExhibitList.record.partial.fields","value.BudgetYearOneOCO.SubtotalSparesCost.ReplenishmentSpares.P18Item.ItemExhibitList.record.partial.fields",
"87296b90b24f36e3cf62a8a014677147","1418691391","2014-12-16T00:56:31+00:00","2015","http://comptroller.defense.gov/budgetmaterials.aspx","dodbudget","record","public","procurement-base","PROCUREMENT_MasterJustificationBook_Air_Force_PB_2015.xml","2015","Initial Spares/Repair Parts","","","","","","A-10 Squadrons","0.000","1.514","0.027","0.000","A01000","","466.562","680.703","398.286","466.562","","","","","","","0.000","0.000","0.000","0.000","0.000","1.541","655.894","661.157","755.931","679.681","0.000","4298.214","","","","","","","","","","","","","","","","","","","","","","","","","","","","","","","","","",
"87296b90b24f36e3cf62a8a014677147","1418691391","2014-12-16T00:56:31+00:00","2015","http://comptroller.defense.gov/budgetmaterials.aspx","dodbudget","record","public","procurement-base","PROCUREMENT_MasterJustificationBook_Air_Force_PB_2015.xml","2015","Initial Spares/Repair Parts","","","","","","Precision Attack Systems Procurement","4.131","1.917","2.386","4.131","OTHACF","","466.562","680.703","398.286","466.562","","","","","","","3.337","3.296","3.398","3.598","0.000","22.063","655.894","661.157","755.931","679.681","0.000","4298.214","","","","","","","","","","","","","","","","","","","","","","","","","","","","","","","","","",
"87296b90b24f36e3cf62a8a014677147","1418691391","2014-12-16T00:56:31+00:00","2015","http://comptroller.defense.gov/budgetmaterials.aspx","dodbudget","record","public","procurement-base","PROCUREMENT_MasterJustificationBook_Air_Force_PB_2015.xml","2015","Initial Spares/Repair Parts","","","","","","B-1B Squadrons","9.793","16.735","14.267","9.793","B01B00","","466.562","680.703","398.286","466.562","","","","","","","3.224","8.96","3.47","18.883","0.000","75.332","655.894","661.157","755.931","679.681","0.000","4298.214","","","","","","","","","","","","","","","","","","","","","","","","","","","","","","","","","",
"87296b90b24f36e3cf62a8a014677147","1418691391","2014-12-16T00:56:31+00:00","2015","http://comptroller.defense.gov/budgetmaterials.aspx","dodbudget","record","public","procurement-base","PROCUREMENT_MasterJustificationBook_Air_Force_PB_2015.xml","2015","Initial Spares/Repair Parts","","","","","","B-2 Squadrons","0.421","6.029","3.078","0.421","B00200","","466.562","680.703","398.286","466.562","","","","","","","2.595","2.255","5.824","0.767","0.000","20.969","655.894","661.157","755.931","679.681","0.000","4298.214","224","","","","","","","","","","","","","","","","","","","","","","","","","","","","","","","","",
"87296b90b24f36e3cf62a8a014677147","1418691391","2014-12-16T00:56:31+00:00","2015","http://comptroller.defense.gov/budgetmaterials.aspx","dodbudget","record","public","procurement-base","PROCUREMENT_MasterJustificationBook_Air_Force_PB_2015.xml","2015","Initial Spares/Repair Parts","","","","","","B-52 Squadrons","7.894","0.000","2.753","7.894","B05200","","466.562","680.703","398.286","466.562","","","","","","","1.688","5.318","2","6.719","0.000","26.372","655.894","661.157","755.931","679.681","0.000","4298.214","","","","","","","","","","","","","","","","","","","","","","","","","","","","","","","","","",
"87296b90b24f36e3cf62a8a014677147","1418691391","2014-12-16T00:56:31+00:00","2015","http://comptroller.defense.gov/budgetmaterials.aspx","dodbudget","record","public","procurement-base","PROCUREMENT_MasterJustificationBook_Air_Force_PB_2015.xml","2015","Initial Spares/Repair Parts","","","","","","C-130 Airlift Squadron","0.000","0.000","0.000","0.000","C13000","","466.562","680.703","398.286","466.562","","","","","","","6.172","6.057","6.288","5.054","0.000","23.571","655.894","661.157","755.931","679.681","0.000","4298.214","","","","","","","","","","","","","","","","","","","","","","","","","","","","","","","","","",
"87296b90b24f36e3cf62a8a014677147","1418691391","2014-12-16T00:56:31+00:00","2015","http://comptroller.defense.gov/budgetmaterials.aspx","dodbudget","record","public","procurement-base","PROCUREMENT_MasterJustificationBook_Air_Force_PB_2015.xml","2015","Initial Spares/Repair Parts","","","","","","C-5 Airlift Squadrons (IF)","0.000","117.097","131.933","0.000","C005M0","","466.562","680.703","398.286","466.562","","","","","","","0.000","0.000","0.000","0.000","0.000","249.03","655.894","661.157","755.931","679.681","0.000","4298.214","327","","","","","","","","","","","","","","","","","","","","","","","","","","","","","","","","",
"87296b90b24f36e3cf62a8a014677147","1418691391","2014-12-16T00:56:31+00:00","2015","http://comptroller.defense.gov/budgetmaterials.aspx","dodbudget","record","public","procurement-base","PROCUREMENT_MasterJustificationBook_Air_Force_PB_2015.xml","2015","Initial Spares/Repair Parts","","","","","","Compass Call","12.458","26.663","10.222","12.458","CALL00","","466.562","680.703","398.286","466.562","","","","","","","10.706","10.508","10.902","11.662","0.000","93.121","655.894","661.157","755.931","679.681","0.000","4298.214","","","","","","","","","","","","","","","","","","","","","","","","","","","","","","","","","",
"87296b90b24f36e3cf62a8a014677147","1418691391","2014-12-16T00:56:31+00:00","2015","http://comptroller.defense.gov/budgetmaterials.aspx","dodbudget","record","public","procurement-base","PROCUREMENT_MasterJustificationBook_Air_Force_PB_2015.xml","2015","Initial Spares/Repair Parts","","","","","","Combat Developments","0.171","0.127","0.097","0.171","OTHACF","","466.562","680.703","398.286","466.562","","","","","","","0.153","0.15","0.156","0.161","0.000","1.015","655.894","661.157","755.931","679.681","0.000","4298.214","","","","","","","","","","","","","","","","","","","","","","","","","","","","","","","","","",
"87296b90b24f36e3cf62a8a014677147","1418691391","2014-12-16T00:56:31+00:00","2015","http://comptroller.defense.gov/budgetmaterials.aspx","dodbudget","record","public","procurement-base","PROCUREMENT_MasterJustificationBook_Air_Force_PB_2015.xml","2015","Initial Spares/Repair Parts","","","","","","Combat Training Range Equipment","1.489","1.526","1.181","1.489","000075","","466.562","680.703","398.286","466.562","","","","","","","1.836","2.026","1.87","2.277","0.000","12.205","655.894","661.157","755.931","679.681","0.000","4298.214","","","","","","","","","","","","","","","","","","","","","","","","","","","","","","","","","",
"87296b90b24f36e3cf62a8a014677147","1418691391","2014-12-16T00:56:31+00:00","2015","http://comptroller.defense.gov/budgetmaterials.aspx","dodbudget","record","public","procurement-base","PROCUREMENT_MasterJustificationBook_Air_Force_PB_2015.xml","2015","Initial Spares/Repair Parts","","","","","","CV-22","2.659","84.07","7.461","2.659","V022A0","","466.562","680.703","398.286","466.562","","","","","","","0.000","0.526","0.000","6.799","0.000","101.515","655.894","661.157","755.931","679.681","0.000","4298.214","212","","","","","","","","","","","","","","","","","","","","","","","","","","","","","","","","",
"87296b90b24f36e3cf62a8a014677147","1418691391","2014-12-16T00:56:31+00:00","2015","http://comptroller.defense.gov/budgetmaterials.aspx","dodbudget","record","public","procurement-base","PROCUREMENT_MasterJustificationBook_Air_Force_PB_2015.xml","2015","Initial Spares/Repair Parts","","","","","","Aerial Targets","0.653","0.485","0.376","0.653","10TRGT","","466.562","680.703","398.286","466.562","","","","","","","0.584","0.573","0.595","0.618","0.000","3.884","655.894","661.157","755.931","679.681","0.000","4298.214","","","","","","","","","","","","","","","","","","","","","","","","","","","","","","","","","",
"87296b90b24f36e3cf62a8a014677147","1418691391","2014-12-16T00:56:31+00:00","2015","http://comptroller.defense.gov/budgetmaterials.aspx","dodbudget","record","public","procurement-base","PROCUREMENT_MasterJustificationBook_Air_Force_PB_2015.xml","2015","Initial Spares/Repair Parts","","","","","","Airborne Warning and Control System (AWACS)","2.957","16.278","11.681","2.957","E00300","","466.562","680.703","398.286","466.562","","","","","","","21.621","22.173","24.273","33.756","0.000","132.739","655.894","661.157","755.931","679.681","0.000","4298.214","","","","","","","","","","","","","","","","","","","","","","","","","","","","","","","","","",
"87296b90b24f36e3cf62a8a014677147","1418691391","2014-12-16T00:56:31+00:00","2015","http://comptroller.defense.gov/budgetmaterials.aspx","dodbudget","record","public","procurement-base","PROCUREMENT_MasterJustificationBook_Air_Force_PB_2015.xml","2015","Initial Spares/Repair Parts","","","","","","E-4B National Airborne Operations Center (NAOC)","8.718","1.295","0.703","8.718","E00400","","466.562","680.703","398.286","466.562","","","","","","","0.33","8.558","0.336","3.012","0.000","22.952","655.894","661.157","755.931","679.681","0.000","4298.214","","","","","","","","","","","","","","","","","","","","","","","","","","","","","","","","","",
"87296b90b24f36e3cf62a8a014677147","1418691391","2014-12-16T00:56:31+00:00","2015","http://comptroller.defense.gov/budgetmaterials.aspx","dodbudget","record","public","procurement-base","PROCUREMENT_MasterJustificationBook_Air_Force_PB_2015.xml","2015","Initial Spares/Repair Parts","","","","","","Joint Surveillance/Target Attack Radar System (JSTARS)","0.000","3.184","1.101","0.000","E00800","","466.562","680.703","398.286","466.562","","","","","","","0.000","0.000","0.000","0.000","0.000","4.285","655.894","661.157","755.931","679.681","0.000","4298.214","","","","","","","","","","","","","","","","","","","","","","","","","","","","","","","","","",
"87296b90b24f36e3cf62a8a014677147","1418691391","2014-12-16T00:56:31+00:00","2015","http://comptroller.defense.gov/budgetmaterials.aspx","dodbudget","record","public","procurement-base","PROCUREMENT_MasterJustificationBook_Air_Force_PB_2015.xml","2015","Initial Spares/Repair Parts","","","","","","F-15A/B/C/D Squadrons","11.104","0.09","5.977","11.104","F01500","","466.562","680.703","398.286","466.562","","","","","","","22.206","27.033","22.621","30.099","0.000","119.13","655.894","661.157","755.931","679.681","0.000","4298.214","","","","","","","","","","","","","","","","","","","","","","","","","","","","","","","","","",
"87296b90b24f36e3cf62a8a014677147","1418691391","2014-12-16T00:56:31+00:00","2015","http://comptroller.defense.gov/budgetmaterials.aspx","dodbudget","record","public","procurement-base","PROCUREMENT_MasterJustificationBook_Air_Force_PB_2015.xml","2015","Initial Spares/Repair Parts","","","","","","F-15E Squadrons","9.795","20.984","13.904","9.795","F01500","","466.562","680.703","398.286","466.562","","","","","","","15.125","30.765","15.408","31.017","0.000","136.998","655.894","661.157","755.931","679.681","0.000","4298.214","","","","","","","","","","","","","","","","","","","","","","","","","","","","","","","","","",
"87296b90b24f36e3cf62a8a014677147","1418691391","2014-12-16T00:56:31+00:00","2015","http://comptroller.defense.gov/budgetmaterials.aspx","dodbudget","record","public","procurement-base","PROCUREMENT_MasterJustificationBook_Air_Force_PB_2015.xml","2015","Initial Spares/Repair Parts","","","","","","F-16 Squadrons","0.09","4.491","0.161","0.09","F01600","","466.562","680.703","398.286","466.562","","","","","","","2.48","1.279","2.995","0.495","0.000","11.991","655.894","661.157","755.931","679.681","0.000","4298.214","","","","","","","","","","","","","","","","","","","","","","","","","","","","","","","","","",
"87296b90b24f36e3cf62a8a014677147","1418691391","2014-12-16T00:56:31+00:00","2015","http://comptroller.defense.gov/budgetmaterials.aspx","dodbudget","record","public","procurement-base","PROCUREMENT_MasterJustificationBook_Air_Force_PB_2015.xml","2015","Initial Spares/Repair Parts","","","","","","Full Combat Mission Training","0.13","1.302","0.177","0.13","OTHACF","","466.562","680.703","398.286","466.562","","","","","","","0.212","0.27","0.216","0.322","0.000","2.629","655.894","661.157","755.931","679.681","0.000","4298.214","","","","","","","","","","","","","","","","","","","","","","","","","","","","","","","","","",
"87296b90b24f36e3cf62a8a014677147","1418691391","2014-12-16T00:56:31+00:00","2015","http://comptroller.defense.gov/budgetmaterials.aspx","dodbudget","record","public","procurement-base","PROCUREMENT_MasterJustificationBook_Air_Force_PB_2015.xml","2015","Initial Spares/Repair Parts","","","","","","Fighter Tactical Data Link","0.000","0.000","0.000","0.000","F01500","","466.562","680.703","398.286","466.562","","","","","","","1.102","1.081","1.122","1.081","0.000","4.386","655.894","661.157","755.931","679.681","0.000","4298.214","","","","","","","","","","","","","","","","","","","","","","","","","","","","","","","","","",
"87296b90b24f36e3cf62a8a014677147","1418691391","2014-12-16T00:56:31+00:00","2015","http://comptroller.defense.gov/budgetmaterials.aspx","dodbudget","record","public","procurement-base","PROCUREMENT_MasterJustificationBook_Air_Force_PB_2015.xml","2015","Initial Spares/Repair Parts","","","","","","RQ-4 UAV","10.928","0.000","0.000","10.928","HAEUAV","","466.562","680.703","398.286","466.562","","","","","","","15.514","14.147","13.405","13.815","0.000","67.809","655.894","661.157","755.931","679.681","0.000","4298.214","252","","","","","","","","","","","","","","","","","","","","","","","","","","","","","","","","",
"87296b90b24f36e3cf62a8a014677147","1418691391","2014-12-16T00:56:31+00:00","2015","http://comptroller.defense.gov/budgetmaterials.aspx","dodbudget","record","public","procurement-base","PROCUREMENT_MasterJustificationBook_Air_Force_PB_2015.xml","2015","Initial Spares/Repair Parts","","","","","","Combat Rescue and Recovery","0.9","1.46","1.137","0.9","H060MH","","466.562","680.703","398.286","466.562","","","","","","","1.801","2.199","1.834","2.517","0.000","11.848","655.894","661.157","755.931","679.681","0.000","4298.214","","","","","","","","","","","","","","","","","","","","","","","","","","","","","","","","","",
"87296b90b24f36e3cf62a8a014677147","1418691391","2014-12-16T00:56:31+00:00","2015","http://comptroller.defense.gov/budgetmaterials.aspx","dodbudget","record","public","procurement-base","PROCUREMENT_MasterJustificationBook_Air_Force_PB_2015.xml","2015","Initial Spares/Repair Parts","","","","","","F-35 Squadrons","236.418","163.151","89.05","236.418","ATA000","","466.562","680.703","398.286","466.562","","","","","","","380.165","278.552","457.051","270.431","0.000","1874.818","655.894","661.157","755.931","679.681","0.000","4298.214","198","","","","","","","","","","","","","","","","","","","","","","","","","","","","","","","","",
"87296b90b24f36e3cf62a8a014677147","1418691391","2014-12-16T00:56:31+00:00","2015","http://comptroller.defense.gov/budgetmaterials.aspx","dodbudget","record","public","procurement-base","PROCUREMENT_MasterJustificationBook_Air_Force_PB_2015.xml","2015","Initial Spares/Repair Parts","","","","","","KC-10s","8.412","4.516","6.86","8.412","C01000","","466.562","680.703","398.286","466.562","","","","","","","0.000","0.001","0.000","0.996","0.000","20.785","655.894","661.157","755.931","679.681","0.000","4298.214","","","","","","","","","","","","","","","","","","","","","","","","","","","","","","","","","",
"87296b90b24f36e3cf62a8a014677147","1418691391","2014-12-16T00:56:31+00:00","2015","http://comptroller.defense.gov/budgetmaterials.aspx","dodbudget","record","public","procurement-base","PROCUREMENT_MasterJustificationBook_Air_Force_PB_2015.xml","2015","Initial Spares/Repair Parts","","","","","","KC-135S","4.181","20.627","5.39","4.181","C13500","","466.562","680.703","398.286","466.562","","","","","","","8.153","10.001","8.305","11.629","0.000","68.286","655.894","661.157","755.931","679.681","0.000","4298.214","","","","","","","","","","","","","","","","","","","","","","","","","","","","","","","","","",
"87296b90b24f36e3cf62a8a014677147","1418691391","2014-12-16T00:56:31+00:00","2015","http://comptroller.defense.gov/budgetmaterials.aspx","dodbudget","record","public","procurement-base","PROCUREMENT_MasterJustificationBook_Air_Force_PB_2015.xml","2015","Initial Spares/Repair Parts","","","","","","MILSATCOM Terminals","5.54","0.000","0.000","5.54","OTHACF","","466.562","680.703","398.286","466.562","","","","","","","1.232","1.208","1.254","3.726","0.000","12.96","655.894","661.157","755.931","679.681","0.000","4298.214","","","","","","","","","","","","","","","","","","","","","","","","","","","","","","","","","",
"87296b90b24f36e3cf62a8a014677147","1418691391","2014-12-16T00:56:31+00:00","2015","http://comptroller.defense.gov/budgetmaterials.aspx","dodbudget","record","public","procurement-base","PROCUREMENT_MasterJustificationBook_Air_Force_PB_2015.xml","2015","Initial Spares/Repair Parts","","","","","","MQ-1 Predator A UAV","1.821","4.507","2.12","1.821","PRDTA1","","466.562","680.703","398.286","466.562","","","","","","","0.000","0.871","0.000","1.613","0.000","10.932","655.894","661.157","755.931","679.681","0.000","4298.214","","","","","","","","","","","","","","","","","","","","","","","","","","","","","","","","","",
"87296b90b24f36e3cf62a8a014677147","1418691391","2014-12-16T00:56:31+00:00","2015","http://comptroller.defense.gov/budgetmaterials.aspx","dodbudget","record","public","procurement-base","PROCUREMENT_MasterJustificationBook_Air_Force_PB_2015.xml","2015","Initial Spares/Repair Parts","","","","","","Manned Reconnaissance Systems","57.119","41.047","28.28","57.119","DARP01","","466.562","680.703","398.286","466.562","","","","","","","49.407","48.632","50.331","54.016","0.000","328.832","655.894","661.157","755.931","679.681","0.000","4298.214","","","","","","","","","","","","","","","","","","","","","","","","","","","","","","","","","",
"87296b90b24f36e3cf62a8a014677147","1418691391","2014-12-16T00:56:31+00:00","2015","http://comptroller.defense.gov/budgetmaterials.aspx","dodbudget","record","public","procurement-base","PROCUREMENT_MasterJustificationBook_Air_Force_PB_2015.xml","2015","Initial Spares/Repair Parts","","","","","","VC-25","0.065","0.515","0.397","0.065","C02500","","466.562","680.703","398.286","466.562","","","","","","","0.236","0.162","0.44","0.285","0.000","2.1","655.894","661.157","755.931","679.681","0.000","4298.214","","","","","","","","","","","","","","","","","","","","","","","","","","","","","","","","","",
"87296b90b24f36e3cf62a8a014677147","1418691391","2014-12-16T00:56:31+00:00","2015","http://comptroller.defense.gov/budgetmaterials.aspx","dodbudget","record","public","procurement-base","PROCUREMENT_MasterJustificationBook_Air_Force_PB_2015.xml","2015","Initial Spares/Repair Parts","","","","","","MQ-9 UAV","38.629","99.507","30.711","38.629","PRDTB1","","466.562","680.703","398.286","466.562","","","","","","","79.768","137.441","95.113","129.863","0.000","611.032","655.894","661.157","755.931","679.681","0.000","4298.214","424","","","","","","","","","","","","","","","","","","","","","","","","","","","","","","","","",
"87296b90b24f36e3cf62a8a014677147","1418691391","2014-12-16T00:56:31+00:00","2015","http://comptroller.defense.gov/budgetmaterials.aspx","dodbudget","record","public","procurement-base","PROCUREMENT_MasterJustificationBook_Air_Force_PB_2015.xml","2015","Initial Spares/Repair Parts","","","","","","C-17 Aircraft (IF)","14.105","7.401","10.218","14.105","C01700","","466.562","680.703","398.286","466.562","","","","","","","12.951","13.099","13.194","14.336","0.000","85.304","655.894","661.157","755.931","679.681","0.000","4298.214","","","","","","","","","","","","","","","","","","","","","","","","","","","","","","","","","",
"87296b90b24f36e3cf62a8a014677147","1418691391","2014-12-16T00:56:31+00:00","2015","http://comptroller.defense.gov/budgetmaterials.aspx","dodbudget","record","public","procurement-base","PROCUREMENT_MasterJustificationBook_Air_Force_PB_2015.xml","2015","Initial Spares/Repair Parts","","","","","","Dragon U-2","0.000","8.545","5.71","0.000","11U200","","466.562","680.703","398.286","466.562","","","","","","","0.000","0.679","0.000","1.009","0.000","15.943","655.894","661.157","755.931","679.681","0.000","4298.214","","","","","","","","","","","","","","","","","","","","","","","","","","","","","","","","","",
"87296b90b24f36e3cf62a8a014677147","1418691391","2014-12-16T00:56:31+00:00","2015","http://comptroller.defense.gov/budgetmaterials.aspx","dodbudget","record","public","procurement-base","PROCUREMENT_MasterJustificationBook_Air_Force_PB_2015.xml","2015","Initial Spares/Repair Parts","","","","","","F-22A Squadrons","3.233","11.874","0.057","3.233","F02200","","466.562","680.703","398.286","466.562","","","","","","","9.667","16.517","9.846","9.348","0.000","60.542","655.894","661.157","755.931","679.681","0.000","4298.214","265","","","","","","","","","","","","","","","","","","","","","","","","","","","","","","","","",
"87296b90b24f36e3cf62a8a014677147","1418691391","2014-12-16T00:56:31+00:00","2015","http://comptroller.defense.gov/budgetmaterials.aspx","dodbudget","record","public","procurement-base","PROCUREMENT_MasterJustificationBook_Air_Force_PB_2015.xml","2015","Initial Spares/Repair Parts","","","","","","Automated Test Systems","3.886","0.000","0.932","3.886","000999","","466.562","680.703","398.286","466.562","","","","","","","0.000","0.000","0.000","0.38","0.000","5.198","655.894","661.157","755.931","679.681","0.000","4298.214","","","","","","","","","","","","","","","","","","","","","","","","","","","","","","","","","",
"87296b90b24f36e3cf62a8a014677147","1418691391","2014-12-16T00:56:31+00:00","2015","http://comptroller.defense.gov/budgetmaterials.aspx","dodbudget","record","public","procurement-base","PROCUREMENT_MasterJustificationBook_Air_Force_PB_2015.xml","2015","Initial Spares/Repair Parts","","","","","","C-27J Airlift Squadrons","0.000","1.909","0.000","0.000","A01000","","466.562","680.703","398.286","466.562","","","","","","","0.000","0.000","0.000","0.000","0.000","1.909","655.894","661.157","755.931","679.681","0.000","4298.214","","","","","","","","","","","","","","","","","","","","","","","","","","","","","","","","","",
"87296b90b24f36e3cf62a8a014677147","1418691391","2014-12-16T00:56:31+00:00","2015","http://comptroller.defense.gov/budgetmaterials.aspx","dodbudget","record","public","procurement-base","PROCUREMENT_MasterJustificationBook_Air_Force_PB_2015.xml","2015","Initial Spares/Repair Parts","","","","","","Bomber Tactical Data Link","1.087","0.000","0.953","1.087","B01B00","","466.562","680.703","398.286","466.562","","","","","","","0.000","0.000","0.000","1.364","0.000","3.404","655.894","661.157","755.931","679.681","0.000","4298.214","","","","","","","","","","","","","","","","","","","","","","","","","","","","","","","","","",
"87296b90b24f36e3cf62a8a014677147","1418691391","2014-12-16T00:56:31+00:00","2015","http://comptroller.defense.gov/budgetmaterials.aspx","dodbudget","record","public","procurement-base","PROCUREMENT_MasterJustificationBook_Air_Force_PB_2015.xml","2015","Initial Spares/Repair Parts","","","","","","C2ISR Tactical Data Link","0.037","0.000","0.192","0.037","OTHACF","","466.562","680.703","398.286","466.562","","","","","","","0.261","0.256","0.266","0.275","0.000","1.287","655.894","661.157","755.931","679.681","0.000","4298.214","","","","","","","","","","","","","","","","","","","","","","","","","","","","","","","","","",
"87296b90b24f36e3cf62a8a014677147","1418691391","2014-12-16T00:56:31+00:00","2015","http://comptroller.defense.gov/budgetmaterials.aspx","dodbudget","record","public","procurement-base","PROCUREMENT_MasterJustificationBook_Air_Force_PB_2015.xml","2015","Initial Spares/Repair Parts","","","","","","Airborne Reconnaissance Systems","6.79","11.837","8.256","6.79","PRDTB3","","466.562","680.703","398.286","466.562","","","","","","","0.000","3.248","0.000","6.098","0.000","36.229","655.894","661.157","755.931","679.681","0.000","4298.214","","","","","","","","","","","","","","","","","","","","","","","","","","","","","","","","","",
"87296b90b24f36e3cf62a8a014677147","1418691391","2014-12-16T00:56:31+00:00","2015","http://comptroller.defense.gov/budgetmaterials.aspx","dodbudget","record","public","procurement-base","PROCUREMENT_MasterJustificationBook_Air_Force_PB_2015.xml","2015","Initial Spares/Repair Parts","","","","","","New AETC Aircraft Systems","0.948","0.02","0.538","0.948","JPAT00","","466.562","680.703","398.286","466.562","","","","","","","2.619","2.571","2.668","0.918","0.000","10.282","655.894","661.157","755.931","679.681","0.000","4298.214","","","","","","","","","","","","","","","","","","","","","","","","","","","","","","","","","",
"87296b90b24f36e3cf62a8a014677147","1418691391","2014-12-16T00:56:31+00:00","2015","http://comptroller.defense.gov/budgetmaterials.aspx","dodbudget","record","public","procurement-base","PROCUREMENT_MasterJustificationBook_Air_Force_PB_2015.xml","2015","Initial Spares/Repair Parts","466.562","680.703","398.286","466.562","6","Undergraduate Pilot Training (UPT)","0.000","0.000","0.000","0.000","T03800","Aircraft Spares and Repair Parts","466.562","680.703","398.286","466.562","655.894","661.157","755.931","679.681","0.000","4298.214","0.749","0.745","0.75","0.742","0.000","2.986","655.894","661.157","755.931","679.681","0.000","4298.214","","","","","","","","","","","","","","","","","","","","","","","","","","","","","","","","","",
"0f12b75fa1d561aadda291228c04d311","1418691410","2014-12-16T00:56:50+00:00","2015","http://comptroller.defense.gov/budgetmaterials.aspx","dodbudget","record","public","procurement-base","PROCUREMENT_JustificationBook_Air_Force_PB_2015.xml","2015","Replen Spares/Repair Parts","","","","","","","","","","","","","87.366","74.275","72.08","87.366","","","","","","","","","","","","","84.928","75.969","84.126","66.486","0.000","545.23","","","0.000","0.000","AGM-65D Maverick","1.56","0.000","1.532","1.588","1.481","0.000","1.503","1.497","1.401","1.481","10.562","0.000","M65DAG","","","","","","","","","","","","","","","",
"0f12b75fa1d561aadda291228c04d311","1418691410","2014-12-16T00:56:50+00:00","2015","http://comptroller.defense.gov/budgetmaterials.aspx","dodbudget","record","public","procurement-base","PROCUREMENT_JustificationBook_Air_Force_PB_2015.xml","2015","Replen Spares/Repair Parts","","","","","","","","","","","","","87.366","74.275","72.08","87.366","","","","","","","","","","","","","84.928","75.969","84.126","66.486","0.000","545.23","","","0.000","0.000","AGM-86 Air Launched Cruise Missile (ALCM)","2.299","0.000","2.258","2.342","4.767","0.000","2.216","4.561","5.206","4.767","23.649","0.000","MALCBG","","","","","","","","","","","","","","","",
"0f12b75fa1d561aadda291228c04d311","1418691410","2014-12-16T00:56:50+00:00","2015","http://comptroller.defense.gov/budgetmaterials.aspx","dodbudget","record","public","procurement-base","PROCUREMENT_JustificationBook_Air_Force_PB_2015.xml","2015","Replen Spares/Repair Parts","","","","","","","","","","","","","87.366","74.275","72.08","87.366","","","","","","","","","","","","","84.928","75.969","84.126","66.486","0.000","545.23","","","0.000","0.000","AGM-88A Tactical AGM Missile (HARM)","3.642","0.000","3.576","3.709","3.44","0.000","3.509","3.488","3.245","3.44","24.609","0.000","M88AAG","","","","","","","","","","","","","","","",
"0f12b75fa1d561aadda291228c04d311","1418691410","2014-12-16T00:56:50+00:00","2015","http://comptroller.defense.gov/budgetmaterials.aspx","dodbudget","record","public","procurement-base","PROCUREMENT_JustificationBook_Air_Force_PB_2015.xml","2015","Replen Spares/Repair Parts","","","","","","","","","","","","","87.366","74.275","72.08","87.366","","","","","","","","","","","","","84.928","75.969","84.126","66.486","0.000","545.23","","","0.000","0.000","AIM-120 Advanced Medium Range Air to Air Missile  (AMRAAM)","0.846","0.000","0.831","0.862","0.799","0.000","0.816","0.809","0.805","0.799","5.768","0.000","MAMRA0","185","","","","","","","","","","","","","","",
"0f12b75fa1d561aadda291228c04d311","1418691410","2014-12-16T00:56:50+00:00","2015","http://comptroller.defense.gov/budgetmaterials.aspx","dodbudget","record","public","procurement-base","PROCUREMENT_JustificationBook_Air_Force_PB_2015.xml","2015","Replen Spares/Repair Parts","","","","","","","","","","","","","87.366","74.275","72.08","87.366","","","","","","","","","","","","","84.928","75.969","84.126","66.486","0.000","545.23","","","0.000","0.000","AIM-9 Tactical Air Intercept Missile","11.347","0.000","11.143","11.556","10.72","0.000","10.933","10.728","8.854","10.72","75.281","0.000","M09HA1","581","","","","","","","","","","","","","","",
"0f12b75fa1d561aadda291228c04d311","1418691410","2014-12-16T00:56:50+00:00","2015","http://comptroller.defense.gov/budgetmaterials.aspx","dodbudget","record","public","procurement-base","PROCUREMENT_JustificationBook_Air_Force_PB_2015.xml","2015","Replen Spares/Repair Parts","","","","","","","","","","","","","87.366","74.275","72.08","87.366","","","","","","","","","","","","","84.928","75.969","84.126","66.486","0.000","545.23","","","0.000","0.000","Arms Control Implementation","0.000","0.000","0.697","0.000","0.695","0.000","0.697","0.703","0.000","0.695","2.792","0.000","0305145F","","","","","","","","","","","","","","","",
"0f12b75fa1d561aadda291228c04d311","1418691410","2014-12-16T00:56:50+00:00","2015","http://comptroller.defense.gov/budgetmaterials.aspx","dodbudget","record","public","procurement-base","PROCUREMENT_JustificationBook_Air_Force_PB_2015.xml","2015","Replen Spares/Repair Parts","","","","","","","","","","","","","87.366","74.275","72.08","87.366","","","","","","","","","","","","","84.928","75.969","84.126","66.486","0.000","545.23","","","0.000","0.000","LGM-30 MINUTEMAN  (MM III)","44.961","0.000","43.446","51.404","40.538","0.000","34.771","40.261","36.908","40.538","292.289","0.000","M30MLG","","","","","","","","","","","","","","","",
"0f12b75fa1d561aadda291228c04d311","1418691410","2014-12-16T00:56:50+00:00","2015","http://comptroller.defense.gov/budgetmaterials.aspx","dodbudget","record","public","procurement-base","PROCUREMENT_JustificationBook_Air_Force_PB_2015.xml","2015","Replen Spares/Repair Parts","","","","","","","","","","","","","87.366","74.275","72.08","87.366","","","","","","","","","","","","","84.928","75.969","84.126","66.486","0.000","545.23","","","0.000","0.000","Predator Hellfire Missile","0.302","0.000","0.297","0.307","0.296","0.000","0.296","0.299","0.3","0.296","2.097","0.000","PRDTA2","","","","","","","","","","","","","","","",
"0f12b75fa1d561aadda291228c04d311","1418691410","2014-12-16T00:56:50+00:00","2015","http://comptroller.defense.gov/budgetmaterials.aspx","dodbudget","record","public","procurement-base","PROCUREMENT_JustificationBook_Air_Force_PB_2015.xml","2015","Replen Spares/Repair Parts","","","","","","Tactical AIM Missiles","1.717","1.593","1.65","1.717","M09HA1","","87.366","74.275","72.08","87.366","","","","","","","1.816","1.784","1.85","1.75","0.000","12.16","84.928","75.969","84.126","66.486","0.000","545.23","","","0.000","0.000","Small Diameter Bomb","8.082","0.000","7.936","8.231","7.913","0.000","7.927","8","14.755","7.913","62.844","0.000","SDB000","439","4","Spares and Repair Parts","73.039","0.000","71.716","79.999","70.649","0.000","62.668","70.346","71.474","70.649","499.891","0.000",
"0f12b75fa1d561aadda291228c04d311","1418691410","2014-12-16T00:56:50+00:00","2015","http://comptroller.defense.gov/budgetmaterials.aspx","dodbudget","record","public","procurement-base","PROCUREMENT_JustificationBook_Air_Force_PB_2015.xml","2015","Replen Spares/Repair Parts","","","","","","AMRAAM DWCF INITIAL SPARES","2.062","0.000","0.084","2.062","MAMRA0","","87.366","74.275","72.08","87.366","","","","","","","2.075","2.072","2.078","2.068","0.000","10.439","84.928","75.969","84.126","66.486","0.000","545.23","185","","0.000","0.000","Small Diameter Bomb","8.082","0.000","7.936","8.231","7.913","0.000","7.927","8","14.755","7.913","62.844","0.000","SDB000","439","4","Spares and Repair Parts","73.039","0.000","71.716","79.999","70.649","0.000","62.668","70.346","71.474","70.649","499.891","0.000",
"0f12b75fa1d561aadda291228c04d311","1418691410","2014-12-16T00:56:50+00:00","2015","http://comptroller.defense.gov/budgetmaterials.aspx","dodbudget","record","public","procurement-base","PROCUREMENT_JustificationBook_Air_Force_PB_2015.xml","2015","Replen Spares/Repair Parts","16.717","2.801","1.734","16.717","4","Minuteman Squadrons","12.938","1.208","0.000","12.938","M30MLG","Spares and Repair Parts","87.366","74.275","72.08","87.366","11.889","4.253","4.127","3.818","0.000","45.339","7.998","0.397","0.199","0.000","0.000","22.74","84.928","75.969","84.126","66.486","0.000","545.23","","","0.000","0.000","Small Diameter Bomb","8.082","0.000","7.936","8.231","7.913","0.000","7.927","8","14.755","7.913","62.844","0.000","SDB000","439","4","Spares and Repair Parts","73.039","0.000","71.716","79.999","70.649","0.000","62.668","70.346","71.474","70.649","499.891","0.000",
"406401fc5ff8318326c6285187f0ee44","1418691606","2014-12-16T01:00:06+00:00","2015","http://comptroller.defense.gov/budgetmaterials.aspx","dodbudget","record","public","procurement-base","PROCUREMENT_JustificationBook_Missile_Defense_Agency_PB_2015.xml","2015","Initial Spares","","10.901","","","1","Initial Spares","","10.901","","","1","Major Equipment","","10.901","","","","","","","","10.901","","","","","","10.901","","","","","","10.901","","Procure initial spares for one AN/TPY-2 BMDS radar.","","","","","","","","","","","","","","","","","","","","","","","","","","","","","","","",
"d0d8cf1dc321c8f5b060ff19475cb859","1418691425","2014-12-16T00:57:05+00:00","2015","http://comptroller.defense.gov/budgetmaterials.aspx","dodbudget","record","public","procurement-base","PROCUREMENT_JustificationBook_Air_Force_PB_2015.xml","2015","Spares and Repair Parts","32.813","12.231","21.596","32.813","5","Air Traffic Control Approach and Landing System (ATCALS)","5.987","1.995","2.753","5.987","833010","","","","","","37.667","65.275","63.268","55.502","0.000","288.352","4.432","6.476","4.13","5.756","0.000","31.529","","","","","","","","","","","","","","","","","","","","","","","","","","","","","","","","","","","","","","","",
"d0d8cf1dc321c8f5b060ff19475cb859","1418691425","2014-12-16T00:57:05+00:00","2015","http://comptroller.defense.gov/budgetmaterials.aspx","dodbudget","record","public","procurement-base","PROCUREMENT_JustificationBook_Air_Force_PB_2015.xml","2015","Spares and Repair Parts","32.813","12.231","21.596","32.813","5","C-17 AIRCRAFT (IF)","1.069","0.000","0.000","1.069","861900","","","","","","37.667","65.275","63.268","55.502","0.000","288.352","0.000","0.000","0.000","1.107","0.000","2.176","","","","","","","","","","","","","","","","","","","","","","","","","","","","","","","","","","","","","","","",
"d0d8cf1dc321c8f5b060ff19475cb859","1418691425","2014-12-16T00:57:05+00:00","2015","http://comptroller.defense.gov/budgetmaterials.aspx","dodbudget","record","public","procurement-base","PROCUREMENT_JustificationBook_Air_Force_PB_2015.xml","2015","Spares and Repair Parts","32.813","12.231","21.596","32.813","5","COMBAT TRAINING RANGES  PE 0207249F","0.9","0.779","3.102","0.9","834190","","","","","","37.667","65.275","63.268","55.502","0.000","288.352","0.673","0.834","0.685","1.37","0.000","8.343","","","","","","","","","","","","","","","","","","","","","","","","","","","","","","","","","","","","","","","",
"d0d8cf1dc321c8f5b060ff19475cb859","1418691425","2014-12-16T00:57:05+00:00","2015","http://comptroller.defense.gov/budgetmaterials.aspx","dodbudget","record","public","procurement-base","PROCUREMENT_JustificationBook_Air_Force_PB_2015.xml","2015","Spares and Repair Parts","32.813","12.231","21.596","32.813","5","Expeditionary Airfield Basing Assets","1.462","2.412","1.15","1.462","845420","","","","","","37.667","65.275","63.268","55.502","0.000","288.352","2.185","2.409","2.224","2.825","0.000","14.667","","","","","","","","","","","","","","","","","","","","","","","","","","","","","","","","","","","","","","","",
"d0d8cf1dc321c8f5b060ff19475cb859","1418691425","2014-12-16T00:57:05+00:00","2015","http://comptroller.defense.gov/budgetmaterials.aspx","dodbudget","record","public","procurement-base","PROCUREMENT_JustificationBook_Air_Force_PB_2015.xml","2015","Spares and Repair Parts","32.813","12.231","21.596","32.813","5","Information Systems Security Program","4.567","1.39","9.575","4.567","835070","","","","","","37.667","65.275","63.268","55.502","0.000","288.352","1.746","2.587","1.778","2.992","0.000","24.635","","","","","","","","","","","","","","","","","","","","","","","","","","","","","","","","","","","","","","","",
"d0d8cf1dc321c8f5b060ff19475cb859","1418691425","2014-12-16T00:57:05+00:00","2015","http://comptroller.defense.gov/budgetmaterials.aspx","dodbudget","record","public","procurement-base","PROCUREMENT_JustificationBook_Air_Force_PB_2015.xml","2015","Spares and Repair Parts","32.813","12.231","21.596","32.813","5","MILSATCOM Terminals","12.267","0.000","0.000","12.267","836780","","","","","","37.667","65.275","63.268","55.502","0.000","288.352","24.624","48.674","50.371","36.683","0.000","172.619","","","","","","","199","","","","","","","","","","","","","","","","","","","","","","","","","","","","","","","","",
"d0d8cf1dc321c8f5b060ff19475cb859","1418691425","2014-12-16T00:57:05+00:00","2015","http://comptroller.defense.gov/budgetmaterials.aspx","dodbudget","record","public","procurement-base","PROCUREMENT_JustificationBook_Air_Force_PB_2015.xml","2015","Spares and Repair Parts","32.813","12.231","21.596","32.813","5","NAVSTAR Global Positioning System (Space and Control Segments)","0.309","0.324","0.252","0.309","836730","","","","","","37.667","65.275","63.268","55.502","0.000","288.352","0.423","0.474","0.431","0.537","0.000","2.75","","","","","","","166","","","","","","","","","","","","","","","","","","","","","","","","","","","","","","","","",
"d0d8cf1dc321c8f5b060ff19475cb859","1418691425","2014-12-16T00:57:05+00:00","2015","http://comptroller.defense.gov/budgetmaterials.aspx","dodbudget","record","public","procurement-base","PROCUREMENT_JustificationBook_Air_Force_PB_2015.xml","2015","Spares and Repair Parts","32.813","12.231","21.596","32.813","5","NCMC - TW/AA System","0.901","0.646","0.501","0.901","838010","","","","","","37.667","65.275","63.268","55.502","0.000","288.352","0.836","0.822","0.851","0.882","0.000","5.439","","","","","","","","","","","","","","","","","","","","","","","","","","","","","","","","","","","","","","","",
"d0d8cf1dc321c8f5b060ff19475cb859","1418691425","2014-12-16T00:57:05+00:00","2015","http://comptroller.defense.gov/budgetmaterials.aspx","dodbudget","record","public","procurement-base","PROCUREMENT_JustificationBook_Air_Force_PB_2015.xml","2015","Spares and Repair Parts","32.813","12.231","21.596","32.813","5","Spacelift Range System  (SPACE)","3.136","2.565","2.617","3.136","836770","","","","","","37.667","65.275","63.268","55.502","0.000","288.352","0.000","0.000","0.000","0.000","0.000","8.318","","","","","","","","","","","","","","","","","","","","","","","","","","","","","","","","","","","","","","","",
"d0d8cf1dc321c8f5b060ff19475cb859","1418691425","2014-12-16T00:57:05+00:00","2015","http://comptroller.defense.gov/budgetmaterials.aspx","dodbudget","record","public","procurement-base","PROCUREMENT_JustificationBook_Air_Force_PB_2015.xml","2015","Spares and Repair Parts","32.813","12.231","21.596","32.813","5","WEATHER OBSERVATION/FORECAST PE 0305111F","1.605","1.476","1.146","1.605","833070","","","","","","37.667","65.275","63.268","55.502","0.000","288.352","1.914","2.063","1.949","2.296","0.000","12.449","","","","","","","","","","","","","","","","","","","","","","","","","","","","","","","","","","","","","","","",
"d0d8cf1dc321c8f5b060ff19475cb859","1418691425","2014-12-16T00:57:05+00:00","2015","http://comptroller.defense.gov/budgetmaterials.aspx","dodbudget","record","public","procurement-base","PROCUREMENT_JustificationBook_Air_Force_PB_2015.xml","2015","Spares and Repair Parts","32.813","12.231","21.596","32.813","5","Worldwide Joint Strategic Communications","0.61","0.644","0.5","0.61","861900","Spares and Repair Parts","32.813","12.231","21.596","32.813","37.667","65.275","63.268","55.502","0.000","288.352","0.834","0.936","0.849","1.054","0.000","5.427","37.667","65.275","63.268","55.502","0.000","288.352","","","","","","","","","","","","","","","","","","","","","","","","","","","","","","","","","",
"8bf4471e3490332d51d893e9afbd6299","1418691522","2014-12-16T00:58:42+00:00","2015","http://comptroller.defense.gov/budgetmaterials.aspx","dodbudget","record","public","procurement-base","P40_7000_BSA-1_BA-7_APP-1109N_PB_2015.xml","2015","PMC spares","16.21","3.014","13.7","16.21","2","LAV PIP","4.767","","","4.767","2038","","","","","","","","","","","","","","","","","","","","","","","","","","","","","","","","","","","","","","","","","","","","","","","","","","","","","","","","",
"8bf4471e3490332d51d893e9afbd6299","1418691522","2014-12-16T00:58:42+00:00","2015","http://comptroller.defense.gov/budgetmaterials.aspx","dodbudget","record","public","procurement-base","P40_7000_BSA-1_BA-7_APP-1109N_PB_2015.xml","2015","PMC spares","16.21","3.014","13.7","16.21","2","Wpns & Cmbt Vehs under $5 million","0","0.05","0.05","0","2220","Weapons and combat vehicles","","","","","","","","","","","","","","","","","","","","","","","","","","","","","","","","","","","","","","","","","","","","","","","","","","","","","","","",
"8bf4471e3490332d51d893e9afbd6299","1418691522","2014-12-16T00:58:42+00:00","2015","http://comptroller.defense.gov/budgetmaterials.aspx","dodbudget","record","public","procurement-base","P40_7000_BSA-1_BA-7_APP-1109N_PB_2015.xml","2015","PMC spares","16.21","3.014","13.7","16.21","3","Follow on To Smaw","0","0.236","","0","3016","Guided missiles and equipment","","","","","","","","","","","","","","","","","","","","","","","","","","","","","","","","","","","","","","","","","","","","","","","","","","","","","","","",
"8bf4471e3490332d51d893e9afbd6299","1418691522","2014-12-16T00:58:42+00:00","2015","http://comptroller.defense.gov/budgetmaterials.aspx","dodbudget","record","public","procurement-base","P40_7000_BSA-1_BA-7_APP-1109N_PB_2015.xml","2015","PMC spares","16.21","3.014","13.7","16.21","4","Repair and Test Equipment","0.739","0.259","0.214","0.739","4181","","","","","","","","","","","","","","","","","","","","","","","","","","","","","","","","","","","","","","","","","","","","","","","","","","","","","","","","",
"8bf4471e3490332d51d893e9afbd6299","1418691522","2014-12-16T00:58:42+00:00","2015","http://comptroller.defense.gov/budgetmaterials.aspx","dodbudget","record","public","procurement-base","P40_7000_BSA-1_BA-7_APP-1109N_PB_2015.xml","2015","PMC spares","16.21","3.014","13.7","16.21","4","Radio Systems","0.197","0.188","0.174","0.197","4633","","","","","","","","","","","","","","","","","","","","","","","","","","","","","","","","","","","","","","","","","","","","","","","","","","","","","","","","",
"8bf4471e3490332d51d893e9afbd6299","1418691522","2014-12-16T00:58:42+00:00","2015","http://comptroller.defense.gov/budgetmaterials.aspx","dodbudget","record","public","procurement-base","P40_7000_BSA-1_BA-7_APP-1109N_PB_2015.xml","2015","PMC spares","16.21","3.014","13.7","16.21","4","Air Operations C2 Systems","1.698","","","1.698","4640","","","","","","","","","","","","","","","","","","","","","","","","","","","","","","","","","","","","","","","","","","","","","","","","","","","","","","","","",
"8bf4471e3490332d51d893e9afbd6299","1418691522","2014-12-16T00:58:42+00:00","2015","http://comptroller.defense.gov/budgetmaterials.aspx","dodbudget","record","public","procurement-base","P40_7000_BSA-1_BA-7_APP-1109N_PB_2015.xml","2015","PMC spares","16.21","3.014","13.7","16.21","4","Radar Systems","0","","7.5","0","4650","","","","","","","","","","","","","","","","","","","","","","","","","","","","","","","","","","","","","","","","","","","","","","","","","","","","","","","","",
"8bf4471e3490332d51d893e9afbd6299","1418691522","2014-12-16T00:58:42+00:00","2015","http://comptroller.defense.gov/budgetmaterials.aspx","dodbudget","record","public","procurement-base","P40_7000_BSA-1_BA-7_APP-1109N_PB_2015.xml","2015","PMC spares","16.21","3.014","13.7","16.21","4","Ground/Air Task Oriented Radar (G/ATOR)","2.598","","","2.598","4655","","","","","","","","","","","","","","","","","","","","","","","","","","","","","","","","","","","","","","","","","","","","","","","","","","","","","","","","",
"8bf4471e3490332d51d893e9afbd6299","1418691522","2014-12-16T00:58:42+00:00","2015","http://comptroller.defense.gov/budgetmaterials.aspx","dodbudget","record","public","procurement-base","P40_7000_BSA-1_BA-7_APP-1109N_PB_2015.xml","2015","PMC spares","16.21","3.014","13.7","16.21","4","RQ-21 UAS","5.093","","5","5.093","4737","","","","","","","","","","","","","","","","","","","","","","","","","","","","","","","","","","","","","","","","","","","","","","","","","","","","","","","","",
"8bf4471e3490332d51d893e9afbd6299","1418691522","2014-12-16T00:58:42+00:00","2015","http://comptroller.defense.gov/budgetmaterials.aspx","dodbudget","record","public","procurement-base","P40_7000_BSA-1_BA-7_APP-1109N_PB_2015.xml","2015","PMC spares","16.21","3.014","13.7","16.21","4","Intelligence Support Equipment","1.001","0.667","0.667","1.001","4747","Communications and Electronics Equipment","","","","","","","","","","","","","","","","","","","","","","","","","","","","","","","","","","","","","","","","","","","","","","","","","","","","","","","",
"8bf4471e3490332d51d893e9afbd6299","1418691522","2014-12-16T00:58:42+00:00","2015","http://comptroller.defense.gov/budgetmaterials.aspx","dodbudget","record","public","procurement-base","P40_7000_BSA-1_BA-7_APP-1109N_PB_2015.xml","2015","PMC spares","16.21","3.014","13.7","16.21","6","Material Handling Equip","0.07","0.036","0.05","0.07","6462","","","","","","","","","","","","","","","","","","","","","","","","","","","","","","","","","","","","","","","","","","","","","","","","","","","","","","","","",
"8bf4471e3490332d51d893e9afbd6299","1418691522","2014-12-16T00:58:42+00:00","2015","http://comptroller.defense.gov/budgetmaterials.aspx","dodbudget","record","public","procurement-base","P40_7000_BSA-1_BA-7_APP-1109N_PB_2015.xml","2015","PMC spares","16.21","3.014","13.7","16.21","6","EOD Systems","0","1.535","","0","6520","","","","","","","","","","","","","","","","","","","","","","","","","","","","","","","","","","","","","","","","","","","","","","","","","","","","","","","","",
"8bf4471e3490332d51d893e9afbd6299","1418691522","2014-12-16T00:58:42+00:00","2015","http://comptroller.defense.gov/budgetmaterials.aspx","dodbudget","record","public","procurement-base","P40_7000_BSA-1_BA-7_APP-1109N_PB_2015.xml","2015","PMC spares","16.21","3.014","13.7","16.21","6","Training Devices","0.047","0.043","0.045","0.047","6532","Engineer and Other Equipment","16.21","3.014","13.7","16.21","","","","","","","","","","","","","","","","","","","","","","","","","","","","","","","","","","","","","","","","","","","","","","","","","","","",
